,fluxes
rxn01143_c3,0.002801746862902374
rxn09657_c6,0.0007131831220243222
rxn01254_c3,-0.0007131831220243222
rxn00114_c3,0.39215126023330404
rxn02895_c6,0.10950007170041628
rxn05578_c2,0.08233336263689442
EX_cpd00182_e0,-0.15286708006547875
EX_cpd00080_e0,-0.3978063095730391
rxn03240_c2,-0.07149321585463671
rxn02804_c6,-0.07149321585463675
rxn00533_c5,0.08844477439588648
rxn00916_c1,0.05492607588368831
rxn05536_c1,0.05569373464773783
rxn10336_c5,0.011055596799485813
rxn01517_c5,-0.002801746862902374
rxn05543_c1,0.03409943613789895
rxn00530_c1,0.0007131831220243223
rxn09202_c1,0.011055596799485812
rxn11267_c1,-0.0028017468629023662
rxn00849_c1,0.014298643170927338
rxn09210_c1,0.011055596799485812
EX_cpd01017_e0,-0.0014263662440486351
rxn09039_c2,0.0007131831220243243
rxn10954_c1,0.0884447743958865
rxn00786_c1,-0.028550671632515026
rxn44357_c5,2.1286639869804507
rxn00970_c1,-0.0007131831220243224
rxn01300_c5,0.09080411645710182
rxn01508_c1,0.0028017468629023662
rxn00283_c1,0.04289592951278201
rxn00124_c1,0.0007131831220243222
rxn00283_c2,0.2367851828436846
rxn03397_c1,0.0007131831220243223
rxn04784_c1,0.0007131831220243222
rxn03159_c5,0.01429864317092734
rxn02155_c2,-30.62657737876304
rxn09345_c1,0.014298643170927341
rxn01281_c1,0.5703626882543665
rxn00288_c3,0.9439029320881632
rxn09149_c1,0.044222387197943254
rxn09037_c1,0.0021395493660729668
EX_cpd00069_e0,-0.11263013572283244
rxn12643_c1,0.16149339699016235
rxn48583_c5,-2.781736134748322
rxn12643_c5,0.16149339699016238
EX_cpd15603_e0,-0.034184813320344745
rxn00495_c2,0.0014263662440486444
rxn05293_c2,0.17440146980878446
rxn09427_c2,0.0884447743958865
rxn10213_c2,0.04422238719794325
rxn10204_c2,0.04422238719794325
rxn00097_c6,-24.992842754119334
rxn05296_c1,0.2425503574999192
rxn05244_c2,0.10402243720718647
rxn16503_c2,-0.15566882692842496
rxn05687_c6,0.0007131831220243223
rxn03908_c1,0.17440146980878443
EX_cpd00246_e0,-0.32009497451254126
rxn04996_c6,-0.016438192536999203
rxn08224_c2,-0.033166790398457435
EX_cpd00264_e0,-0.0042790987321459336
rxn08224_c6,-0.033166790398457435
EX_cpd00007_e0,-0.0021395493660729668
rxn01352_c1,-0.002801746862902374
rxn08475_c2,-0.0014263662440486447
rxn00197_c6,-0.3960880358344246
rxn02990_c2,-0.00570546497619458
rxn08231_c6,-0.033166790398457435
rxn09532_c2,-0.0007131831220243221
rxn05148_c2,0.0007131831220243222
EX_cpd00322_e0,-0.35503854225818204
rxn01792_c2,0.15153176396111323
rxn01255_c1,0.0014263662440486447
rxn00181_c2,0.00570546497619458
rxn14415_c2,-1.3916340037617712
rxn03181_c4,0.014298643170927338
rxn09176_c6,24.1320025826702
rxn00154_c6,-0.1977802882618509
rxn00910_c4,-0.0007131831220243222
rxn08941_c4,-0.028311464714792293
rxn12642_c3,0.03409943613789896
rxn00104_c6,-0.0007131831220243223
rxn01459_c3,0.0014263662440486444
EX_cpd11588_e0,-1.712313182292704
EX_cpd15606_e0,-0.2031415650330355
EX_cpd15605_e0,-0.20227696293502379
EX_cpd11590_e0,-1.3015716316793344
rxn05322_c1,-0.07149321585463674
rxn05485_c1,-0.14638103885332515
EX_cpd11583_e0,-1.9381254469391258
rxn03182_c4,0.01429864317092734
rxn11535_c5,-0.004279098732145937
EX_cpd11584_e0,-0.9114241785358694
rxn00037_c5,0.4631175177466198
rxn02990_c5,-0.00570546497619458
EX_cpd00066_e0,-0.2037033291790725
rxn02293_c5,0.9262350354932395
rxn01513_c4,0.002801746862902374
rxn04675_c5,0.0014263662440486488
rxn00803_c5,0.9262350354932395
rxn06510_c4,-0.014298643170927343
rxn12747_c5,0.9262350354932395
rxn00181_c5,0.00570546497619458
rxn03958_c2,-0.17440146980878446
rxn00409_c2,0.2850147491228403
rxn43657_c3,0.0007131831220243222
rxn03240_c4,-0.07149321585463671
rxn05198_c2,0.07656388989852006
rxn09202_c2,0.011055596799485812
rxn00555_c4,0.14937756448346845
rxn00097_c2,-28.7757130650935
rxn40037_c3,0.01429864317092734
rxn00191_c2,0.5144172433976917
rxn12512_c6,0.0014263662440485473
rxn03393_c4,0.0007131831220243223
rxn00692_c2,0.12315624921698594
rxn05523_c6,0.0007131831220243222
rxn12225_c1,0.0003565915610121611
rxn00802_c2,0.1061297057325621
rxn08995_c1,1.3663042910214944
rxn05469_c3,-3.654216277151844
rxn00910_c3,0.10330925408516214
rxn00165_c3,0.4387624171681623
rxn08995_c5,0.002139549366075929
rxn00290_c6,-0.3960880358344246
rxn05569_c6,0.7346321140360387
rxn00283_c6,0.02859728634185468
rxn09341_c6,-0.05719457268370936
rxn23850_c5,-35.79998352461652
rxn00184_c6,-0.11616468175129913
rxn00379_c6,-28.148272679263147
rxn01917_c1,0.10684288885458638
rxn05485_c6,0.05719457268370936
rxn00710_c3,0.07376214303561773
rxn10570_c5,0.004279098732145936
rxn08527_c1,0.0049922818541702565
rxn08353_c5,0.0007131831220243223
rxn06777_c5,0.01429864317092734
rxn13850_c5,-0.05719457268370936
rxn01512_c5,0.002801746862902374
rxn00910_c5,0.10330925408516192
rxn13846_c5,-0.05719457268370936
rxn06865_c5,-0.01429864317092734
rxn13722_c3,-0.0007131831220243222
rxn01117_c5,-0.028597286341854686
rxn05222_c3,0.020306405789984806
rxn02284_c3,-0.01429864317092734
EX_cpd00084_e0,-0.03418481332034474
rxn00856_c3,0.0014263662440486442
rxn04113_c5,0.15796327727178416
rxn01204_c3,0.0014263662440486444
rxn09532_c3,-0.0007131831220243221
rxn10626_c3,0.0014263662440486444
EX_cpd00039_e0,-0.6139814203481256
rxn00359_c4,-0.1294014020413303
rxn04996_c4,-0.01643819253700031
rxn00762_c1,-0.03048322658828112
rxn09041_c4,0.0007131831220243222
rxn09345_c4,0.014298643170927341
rxn03146_c2,0.02859728634185468
rxn14207_c1,-0.0053488734151824185
rxn03893_c2,0.0007131831220243205
rxn01333_c2,-0.4387783892760897
rxn00407_c2,0.03684482108967909
rxn00799_c2,-0.03597552653431373
rxn05485_c5,0.03900578670844525
rxn02804_c2,-0.07149321585463671
rxn01870_c2,0.022111193598971627
rxn03241_c2,-0.014298643170927343
rxn05296_c5,0.24255035749991924
rxn08352_c1,0.01643819253700031
rxn01548_c1,0.060529569609493065
rxn08706_c2,0.15993799025052322
rxn00786_c5,-0.26611551699776365
rxn08528_c1,0.0007131831220243219
rxn00616_c4,0.1624274812389088
rxn06723_c4,-0.028597286341854683
rxn00945_c2,-0.08844477439588651
rxn03908_c5,0.17440146980878446
rxn01100_c5,-34.88094288090508
rxn00102_c5,-0.6909959433597855
rxn01669_c1,1.3648779247774487
rxn00114_c2,0.10612970573256209
rxn08241_c2,0.42505984333861707
rxn09037_c2,0.0021395493660729646
EX_cpd00355_e0,-1.369870206631634
rxn00785_c3,0.008836240866992211
rxn00693_c3,-0.10402243720718647
rxn05536_c3,0.15971617185492432
rxn03909_c3,0.17440146980878451
rxn14412_c5,0.0007131831220243222
rxn09193_c1,0.15756477138532943
rxn05338_c1,-0.07149321585463667
rxn03439_c3,0.01429864317092734
rxn05544_c3,0.16149339699016235
rxn05337_c1,-0.07149321585463675
rxn00257_c3,0.1927042768020179
rxn08173_c5,-3.858614994074059
rxn10570_c6,-0.007488422781255388
rxn12225_c6,0.00035659156101160936
rxn09690_c6,0.03418481332034473
rxn01629_c4,-0.00570546497619458
rxn00777_c4,0.00810606253656939
rxn02929_c4,-0.014298643170927336
rxn08353_c4,0.0007131831220243223
rxn10966_c6,-2.4449361894205546
rxn09532_c1,-0.0007131831220243222
EX_cpd00048_e0,0.8235381392912876
rxn14120_c1,-0.002139549366072968
rxn00839_c3,0.002801746862902374
rxn10054_c1,-0.03691732194593866
EX_cpd00438_e0,-0.07453830392400491
rxn00193_c3,0.013585460048903018
rxn00134_c1,0.1687052463162037
EX_cpd00028_e0,-0.0042790987321459336
EX_cpd00156_e0,-0.7576588198055662
rxn14412_c6,4.968735585078212
rxn01505_c1,0.05719457268370935
rxn08557_c1,0.0042790987321459336
rxn00175_c6,1.4785107593923104
rxn01116_c1,0.763254447536575
rxn14415_c6,-1.4482854955562352
rxn05582_c6,0.5079099374371594
rxn00692_c6,0.08825825277461667
rxn00767_c6,-0.06460069130134934
rxn02011_c3,0.014298643170927338
rxn00337_c5,0.22789904369765435
rxn09113_c1,0.033166790398457435
rxn00278_c6,0.08534320366211456
rxn02331_c4,-0.028597286341854683
rxn12846_c4,0.06790110972635749
rxn00337_c4,0.07456473116833322
rxn00988_c6,0.3960880358344246
rxn01138_c1,-0.060529569609493065
rxn03436_c6,0.06105120657056371
rxn05158_c6,0.10882307849929261
rxn12510_c6,0.0014263662440485473
rxn05465_c1,1.122218847123985
rxn01265_c4,-0.0007131831220243222
rxn00151_c6,0.8089270767535778
rxn08352_c3,0.01643819253700031
rxn03181_c5,0.014298643170927338
rxn09360_c5,0.01429864317092734
rxn02331_c5,-0.028597286341854683
rxn10481_c6,0.0007131831220243222
rxn12846_c5,0.06790110972635749
rxn05319_c3,10.741432332152986
rxn08689_c3,0.06912444076481723
rxn03181_c3,0.014298643170927338
rxn05559_c3,3.0599913002357204
rxn05195_c3,0.0007131831220243223
rxn00337_c3,0.01429864317092734
rxn05468_c3,0.0021395493660729668
rxn08017_c3,0.08844477439588648
rxn08350_c3,4.327032094449259
rxn01790_c2,0.15153176396111323
rxn00541_c2,0.29796121418893723
rxn02523_c5,-0.9262350354932395
rxn05310_c2,0.001426366244063009
rxn01640_c5,0.7068275617084753
rxn08231_c2,-0.033166790398457435
rxn00451_c2,-0.004279098732145934
rxn05198_c5,0.036917321945975586
rxn01870_c1,-0.04153882338776693
rxn00375_c5,0.7068275617084752
rxn08703_c2,-0.004279098732145934
rxn05317_c5,0.0028017468629023745
rxn00113_c1,0.29610230661924447
rxn09345_c2,0.014298643170927341
rxn05199_c5,0.03964656795254451
rxn01642_c5,0.7068275617084755
rxn06023_c1,0.0007131831220243222
rxn01022_c2,0.15566882692842496
rxn02154_c2,-30.62657737876304
rxn00941_c2,0.1045587754714128
rxn00953_c5,0.10402243720718646
rxn01646_c2,-0.10455877547141278
rxn05491_c5,0.10669832483750012
rxn01505_c5,0.05719457268370937
rxn01671_c2,0.10455877547141278
rxn01484_c5,-0.018188785975264132
rxn01127_c5,0.0028017468629023745
rxn00504_c6,-0.07930992450050671
rxn08124_c5,0.014298643170927338
rxn00495_c4,0.0014263662440486444
rxn05294_c2,0.0054230403604232005
rxn05315_c2,-0.0007131831220243222
rxn01069_c2,0.3887653306460391
rxn01388_c3,0.19127791055796925
rxn04675_c4,0.0014263662440486447
rxn00251_c4,-0.08056717145409811
rxn00105_c2,0.0014263662440630093
rxn01302_c2,-0.3887653306460391
rxn03826_c4,0.0014263662440486447
rxn05029_c2,0.0007131831220243222
rxn00530_c4,0.0007131831220243222
rxn05151_c4,0.12279628406962514
rxn05651_c3,-7.542221633585466
rxn04455_c4,-0.0014263662440486447
rxn02285_c2,-0.014298643170927336
rxn00970_c4,-0.0007131831220243222
rxn04970_c4,0.0014263662440486447
rxn39451_c5,-0.010244696612948535
rxn08153_c3,-0.21225941146512414
rxn11537_c3,-0.004279098732145934
rxn11535_c3,-0.004279098732145934
EX_cpd00064_e0,-0.10612970573256209
rxn11735_c3,0.19127791055796925
rxn00121_c3,-0.0007131831220243325
rxn12642_c4,0.03409943613789896
rxn00785_c4,0.010245611902642646
rxn03909_c4,0.17440146980878446
rxn00616_c1,-0.08166827632854663
rxn05469_c6,5.580028395520455
rxn07847_c1,-0.0053488734151824185
rxn00650_c1,-0.0007131831220243223
rxn02285_c6,-0.014298643170927341
rxn03005_c1,0.7254658562496583
rxn00686_c4,-0.0021395493660729668
rxn37797_c6,0.002801746862902374
rxn05294_c6,0.0054230403604232005
rxn09232_c4,-0.054926075883688315
rxn06723_c1,-0.028597286341854683
rxn01286_c4,0.015209292861023339
rxn09210_c4,0.011055596799485812
rxn03910_c4,0.17440146980878446
rxn00237_c4,0.055639259005712635
rxn00422_c4,-0.015209292861023333
rxn08311_c4,0.011055596799485812
rxn13722_c5,-0.0007131831220243222
rxn05308_c5,0.0014263662440485475
rxn05222_c5,0.020306405789984806
rxn04464_c5,0.002801746862902374
rxn05325_c1,-0.07149321585463665
rxn37797_c2,0.002801746862902374
rxn02803_c2,0.014298643170927343
rxn07466_c2,-0.014298643170927338
rxn05543_c3,0.03409943613789896
rxn06510_c2,-0.014298643170927343
rxn00416_c2,0.004187606635148377
rxn00949_c3,0.10402243720718646
rxn00378_c6,-1.4397249179329277
rxn02154_c3,-1.1107184846884501
rxn12512_c4,0.0014263662440485477
rxn00365_c2,0.07656388989852002
rxn00934_c3,1.6433834727017782
rxn05520_c2,0.0007131831220243222
rxn00331_c3,1.6433834727017786
rxn08153_c6,0.10612970573256207
rxn05669_c3,0.15153176396111323
rxn08854_c6,0.12279628406962513
rxn05222_c6,0.020306405789984806
rxn12512_c5,0.0014263662440485473
rxn01505_c6,0.05719457268370936
rxn08353_c6,0.0007131831220232186
rxn12512_c3,0.0014263662440487065
rxn14412_c3,0.0007131831220243222
rxn00649_c3,0.034897996442369225
rxn05466_c2,-0.3191301494141521
rxn04675_c6,0.0014263662440486444
rxn09039_c6,0.0007131831220232186
rxn03843_c3,0.014298643170927341
rxn10054_c6,-0.036917321945938636
rxn05520_c6,0.0007131831220243222
rxn09040_c6,0.0007131831220232186
rxn03958_c6,-0.17440146980877566
rxn01116_c3,-0.017672481733984422
rxn00130_c6,-0.051772248953825595
rxn00543_c1,0.8432635566865462
rxn05595_c2,0.0014263662440486444
rxn01200_c3,0.008836240866992211
rxn09037_c5,0.0021395493660729703
rxn40037_c5,0.010244696612948535
rxn05233_c3,0.0028017468629023745
rxn08527_c5,2.1286639869804507
EX_cpd00034_e0,-0.0042790987321459336
EX_cpd00305_e0,-0.0042790987321459336
rxn09330_c3,-3.771467408353746
rxn08066_c6,-0.05563925900571263
EX_cpd00030_e0,-0.0042790987321459336
rxn00543_c4,-0.8432635566865461
rxn05204_c2,0.0577278227465907
EX_cpd10516_e0,-0.005705464976194579
rxn00799_c3,-0.11603665823938805
rxn16108_c6,0.0021395493660718644
EX_cpd00254_e0,-0.0042790987321459336
EX_cpd00149_e0,-0.0042790987321459275
rxn01673_c3,0.002801746862902374
rxn03907_c2,0.17440146980878446
rxn08333_c3,0.0014263662440486444
rxn03909_c5,0.17440146980878446
rxn02898_c3,0.0014263662440486442
EX_cpd00129_e0,-0.23687469588583615
rxn01213_c2,0.016438192537000306
rxn10336_c3,0.011055596799485813
rxn00834_c5,0.057727822746590704
rxn01508_c4,0.002801746862902374
rxn00060_c3,0.0007131831220243226
EX_cpd00184_e0,-0.08216738362432477
rxn02264_c3,0.0007131831220243226
EX_cpd00209_e0,2.447737936283457
rxn05514_c3,-0.0007131831220243222
EX_cpd00099_e0,-0.0042790987321459336
rxn00340_c3,0.08639800954040718
rxn12642_c5,0.7409269978463744
rxn00288_c6,1.0323477064840498
rxn05005_c1,0.000713183122024322
EX_cpd00367_e0,-0.11348121184449562
rxn02774_c3,0.0007131831220243223
rxn03536_c3,0.0007131831220243223
EX_cpd00205_e0,-0.0042790987321459336
rxn00770_c2,-0.10455877547141279
rxn03910_c3,0.17440146980878451
rxn00785_c5,0.12396336551124972
rxn00237_c3,0.055639259005712635
EX_cpd00058_e0,-0.0042790987321459336
rxn00379_c1,-31.88317366465025
rxn00693_c5,-0.10402243720718647
rxn00566_c5,0.0691244407648174
rxn08032_c6,-0.09080411645710178
rxn01018_c1,0.1899726008866824
rxn05297_c2,0.3960880358344245
rxn00806_c4,0.969165064998152
rxn05330_c1,0.07149321585463675
rxn03439_c4,0.01429864317092734
rxn00216_c4,0.16986878828875374
rxn05559_c6,-0.21679001339529547
rxn05339_c1,-0.07149321585463674
rxn04113_c2,0.15796327727178416
rxn05467_c6,-0.0730802735503415
rxn00558_c4,0.16986878828875374
rxn00763_c2,-0.022111193598971627
rxn05319_c2,-4.7162781170625925
rxn05469_c2,-0.9534708335240072
rxn00117_c4,0.03684482108967908
rxn13850_c6,-0.05719457268370936
rxn00278_c1,0.009993353920623544
rxn13846_c6,-0.05719457268370935
rxn05559_c2,-2.0295172780139477
rxn03395_c4,0.0007131831220243224
rxn05195_c2,0.0007131831220243223
rxn03146_c1,0.028597286341854683
rxn05342_c1,-0.05719457268370936
rxn01333_c1,0.38234040689031185
rxn14383_c4,-0.0014263662440486444
rxn04970_c5,0.001426366244048647
rxn09427_c6,0.0884447743958865
rxn00917_c6,0.05772782274659069
rxn01484_c4,-0.05719457268370936
rxn02085_c5,-0.7068275617084755
rxn05313_c4,0.08796288426384034
rxn14383_c5,-0.0014263662440486468
rxn05310_c5,0.9255218523712151
rxn01361_c3,0.07376214303561773
rxn01354_c6,-0.002801746862902374
rxn04308_c3,0.014298643170927341
rxn00379_c4,-0.0007131831220243357
rxn01297_c3,0.057727822746590704
rxn10484_c6,0.014298643170927341
rxn00060_c4,0.0007131831220243224
rxn10213_c6,0.04422238719794325
rxn05539_c6,0.0007131831220243223
rxn00060_c5,0.0007131831220243226
rxn00100_c4,0.0014263662440485477
rxn05569_c4,-0.09218299179975908
rxn00126_c4,0.0007131831220243214
rxn05466_c6,1.3750947069201618
rxn08528_c5,0.0014263662440486466
rxn05465_c3,0.0884447743958865
rxn00770_c6,0.2168007973068499
rxn05148_c3,0.0007131831220243222
rxn08935_c4,0.028311464714792296
rxn00145_c3,-13.798938589708644
rxn08352_c5,0.01643819253700031
rxn09106_c5,0.033166790398457435
rxn00260_c6,0.0820261262976676
rxn02804_c4,-0.07149321585463671
rxn02937_c6,0.1095000717004163
rxn03136_c6,0.10950007170041628
rxn05651_c5,3.435521465638217
rxn03439_c5,0.01429864317092734
rxn06076_c3,-0.0028017468629023745
rxn01434_c3,0.3183891171976862
rxn01011_c3,-0.6724102093838392
rxn10094_c3,0.0007131831220243223
rxn00461_c2,0.014298643170927336
rxn00799_c1,-0.1004242407563675
rxn02405_c1,0.028597286341854683
EX_cpd00644_e0,-0.16008996142540444
rxn00077_c4,0.0007131831220244216
rxn01116_c5,-0.24792673102249943
rxn02404_c2,0.028597286341854683
rxn01644_c2,0.014298643170927336
rxn05569_c3,-0.1526595952834527
rxn00100_c3,0.0007131831220243846
rxn12847_c2,0.0452557146550976
rxn04783_c5,0.09177318275954333
rxn03436_c3,0.10402243720718644
rxn05616_c4,-0.0007131831220243222
rxn00781_c3,-0.7186523773200622
rxn00392_c2,0.0007131831220245204
rxn01643_c2,-0.40306397381696646
rxn09202_c3,0.011055596799485812
rxn05651_c4,0.13760300794461
rxn00097_c3,-0.5684452117797086
rxn05319_c5,-5.9585284234191676
rxn05651_c2,1.7044077365343757
rxn00616_c5,-1.0949408998775474
rxn05029_c1,0.0007131831220243222
rxn03910_c6,0.1744014698087757
rxn05557_c6,0.002139549366072967
rxn00225_c2,-0.6734020281228018
rxn00340_c2,0.0822104029052588
rxn00251_c2,-0.324296181086878
rxn08528_c2,0.0014263662440486444
rxn04675_c2,0.0014263662440486444
rxn00365_c5,0.036917321945975586
rxn01512_c6,0.002801746862902374
rxn00650_c3,-0.0007131831220243223
rxn00745_c3,-0.2566517365226569
rxn05544_c6,0.16149339699016238
rxn02285_c1,-0.014298643170927338
rxn12844_c4,0.034184813320344745
rxn06023_c3,0.0007131831220243222
rxn00611_c3,-0.044222387197943254
rxn05175_c4,0.0007131831220243222
rxn02286_c3,0.01429864317092734
rxn05560_c4,0.030483226588281113
rxn05294_c1,0.0054230403604232005
rxn00839_c4,0.002801746862902374
rxn05158_c4,0.206649868436852
rxn03907_c1,0.17440146980878443
rxn01517_c6,-0.002801746862902374
rxn09450_c3,0.07149321585463674
rxn04783_c6,0.10950007170041628
rxn08350_c6,-5.65894941277726
EX_cpd00118_e0,-0.004992281854170255
rxn00184_c4,0.4781743762214553
rxn08689_c6,-0.07273198737704262
rxn09260_c6,1.3059417239853204
rxn00097_c5,0.0936910783473637
rxn09330_c6,0.13378319394760801
rxn00100_c5,0.0007131831220242252
rxn00225_c6,-1.4427816418302135
rxn00514_c5,0.0577278227465907
EX_cpd00063_e0,-0.0042790987321459336
rxn03436_c5,0.10402243720718646
rxn08173_c6,1.5707643533492035
rxn01361_c1,0.1899726008866824
rxn05561_c6,0.7982666550361653
rxn05560_c5,-0.011055596799485812
rxn00364_c6,0.25097167489605476
rxn00770_c1,-1.1713903939058392
rxn12008_c6,-0.0021395493660718618
rxn00781_c5,34.88094288090508
rxn10336_c6,0.011055596799485813
rxn00530_c6,0.0007131831220232183
rxn09202_c5,0.011055596799485812
rxn03181_c6,0.014298643170927338
rxn00283_c4,0.6404264259080948
rxn00068_c6,-0.0007131831220243223
rxn00205_c6,0.133783193947608
rxn01143_c1,0.002801746862902374
rxn03907_c4,0.17440146980878443
rxn00175_c1,32.09602516970453
rxn08869_c4,0.0283114647147923
rxn00060_c6,0.0007131831220243222
rxn02056_c3,-0.0007131831220243222
rxn03537_c3,0.0007131831220243222
rxn05488_c5,-0.011121683488614868
rxn05645_c3,0.0014263662440486546
rxn05559_c5,-1.5405762313201472
rxn00690_c3,1.1317328048058495
rxn05195_c5,0.0007131831220243223
rxn09657_c3,0.0007131831220243222
rxn03150_c3,0.0007131831220243222
rxn00064_c5,0.05772782274659069
rxn03907_c3,0.1744014698087845
rxn03538_c3,0.0007131831220243222
rxn05467_c5,-0.39822774518170195
rxn01213_c3,0.01643819253700031
rxn01512_c3,0.002801746862902374
rxn03393_c3,0.0007131831220243223
rxn08689_c5,0.0691244407648174
rxn00834_c3,0.057727822746590704
rxn09260_c5,-2.1286639869804507
rxn00599_c3,0.005705464976194581
rxn09330_c5,2.7817361347483223
rxn02897_c3,0.0007131831220243222
rxn00364_c5,0.284138465294558
rxn00555_c2,-0.09843998067922885
rxn05233_c5,0.0028017468629023745
rxn00260_c1,-0.48319696887098607
rxn00350_c6,-0.0007131831220243223
rxn00077_c5,0.000713183122024223
rxn12850_c5,0.0679011097263575
rxn01388_c5,0.602551168963899
rxn10053_c6,0.10950007170041628
rxn05217_c5,-0.3786208602498255
rxn12649_c6,0.002139549366072972
rxn08233_c6,0.00035659156101216117
rxn01669_c5,0.0007131831220243222
EX_cpd10515_e0,-0.007131831220243224
rxn05625_c6,-1.656007467318729
rxn05317_c2,0.0028017468629023745
rxn00018_c5,0.2365944853543944
rxn08088_c1,0.0884447743958865
rxn08291_c4,0.6118291395662401
rxn00851_c5,0.014298643170927338
rxn12851_c5,0.052628616792645966
rxn00350_c1,-0.0007131831220243223
rxn03137_c1,-0.0007131831220243222
rxn08475_c4,-0.0014263662440486447
rxn01644_c6,0.014298643170927343
rxn08032_c2,1.629878532516938
rxn00119_c3,0.0654421074315338
rxn08350_c2,1.3319173183280009
rxn00903_c2,-0.15153176396111323
rxn08689_c2,-0.030618897710223036
rxn09260_c2,0.6940340440758247
rxn09330_c2,0.8518472767061759
rxn08551_c3,0.044222387197943254
rxn01602_c3,-0.0021395493660729425
rxn12225_c2,0.00035659156101216176
rxn08333_c2,0.0014263662440486444
rxn02898_c2,0.0014263662440486442
rxn00456_c2,0.6940340440758249
rxn12780_c2,0.6940340440758248
rxn08468_c2,0.6940340440758248
rxn03241_c3,-0.01429864317092736
rxn12666_c2,0.0007131831220243222
rxn03181_c2,0.014298643170927338
rxn12636_c3,0.15971617185492432
rxn02264_c2,0.0007131831220243226
rxn05514_c2,-0.0007131831220243222
rxn02373_c3,-0.1061297057325621
rxn10481_c2,0.0007131831220243222
rxn05293_c3,0.17440146980878451
rxn00916_c3,0.057727822746590704
rxn06865_c2,-0.01429864317092734
rxn00085_c3,10.866665950054989
rxn05308_c2,0.15295813020516177
rxn00541_c4,-0.030538028459695946
rxn05006_c1,0.0007131831220243222
rxn01388_c4,-0.16821994503896576
rxn00191_c3,0.12831443429873737
rxn00250_c3,0.9319027726806274
rxn01961_c1,0.06052956960949306
rxn00802_c3,0.31838911719768626
rxn00991_c4,0.9691650649981518
rxn00742_c5,0.10402243720718647
rxn03958_c3,-0.1744014698087845
rxn01362_c3,-0.07376214303561773
rxn05331_c1,0.0714932158546367
rxn00709_c5,0.03964656795254451
rxn48583_c2,-0.8518472767061757
rxn00533_c1,1.122218847123985
rxn02476_c1,0.0014263662440486447
rxn01512_c1,0.002801746862902374
rxn00265_c2,0.42648620958266564
rxn04954_c1,-0.004992281854170256
rxn06865_c1,-0.01429864317092734
rxn04113_c1,0.15796327727178414
rxn02213_c1,0.0014263662440486449
rxn00083_c6,1.0714275512443865
rxn04954_c6,0.09105999963751904
rxn04113_c6,0.15796327727177648
rxn04784_c6,0.10950007170041628
rxn03159_c4,0.01429864317092734
rxn48583_c4,-0.004100802951639853
rxn05522_c6,0.0007131831220243222
rxn10481_c5,0.0007131831220243222
rxn09039_c4,0.0007131831220243224
rxn00692_c5,0.19228068998180312
rxn00802_c5,0.1061297057325621
rxn03437_c3,0.10402243720718646
rxn09660_c6,0.0007131831220243222
rxn13706_c6,2.3751914068947406
rxn05145_c6,0.18578967420152503
rxn06723_c3,-0.028597286341854683
rxn03958_c5,-0.1744014698087845
rxn00467_c5,-0.1061297057325621
rxn00392_c6,0.0007131831220245021
rxn01643_c6,-0.014298643170927343
rxn01200_c5,0.12396336551124972
rxn00438_c5,0.0007131831220243222
rxn00288_c5,2.1300903532244995
rxn01434_c5,0.10612970573256209
rxn05341_c1,-0.07149321585463674
rxn10570_c3,0.004279098732145934
rxn06076_c5,-0.0028017468629023745
rxn00743_c1,0.03048322658828112
rxn05197_c3,-0.07656388989852012
rxn00288_c4,0.1696463112830144
rxn05544_c5,0.16149339699016235
rxn00693_c1,0.004279098732145933
rxn01332_c1,0.0014263662440486447
rxn09202_c4,0.011055596799485812
rxn01116_c2,-0.20415475042937767
rxn01466_c3,0.01643819253700031
rxn02287_c4,0.0007131831220243224
rxn05538_c5,0.2918116430898486
rxn01127_c2,0.0028017468629023745
rxn00974_c3,-0.19127791055796925
EX_cpd00215_e0,-0.004279098732145932
rxn01200_c4,0.010245611902642648
EX_cpd01329_e0,-0.028311464714792296
rxn02008_c3,0.014298643170927338
rxn00097_c4,-0.3965081767248819
rxn03904_c3,0.01429864317092734
rxn05536_c5,0.15971617185492432
rxn10199_c3,0.01429864317092734
rxn12642_c1,0.03409943613789895
rxn00504_c5,0.21250171858934186
rxn05295_c3,0.08520832989757927
rxn05543_c5,0.7409269978463745
rxn00083_c2,2.213886202288488
rxn00763_c4,-0.015273933727257777
rxn00785_c1,-0.3809140406462633
rxn08130_c1,0.0007131831220243224
rxn12642_c2,0.03409943613789896
rxn00100_c6,0.0007131831220242256
rxn02264_c6,0.0007131831220243222
rxn02287_c3,0.0007131831220243224
rxn09202_c6,0.011055596799485812
rxn01207_c4,0.9691650649981519
rxn08353_c2,0.0007131831220243243
rxn09427_c4,0.0884447743958865
rxn00409_c3,0.2481699280331613
rxn05514_c6,-0.0007131831220243222
rxn02831_c3,0.0014263662440486442
rxn01258_c3,0.0014263662440486444
rxn05255_c3,0.0021395493660729425
rxn13659_c4,0.9691650649981519
rxn00340_c6,0.08639800954040716
rxn03901_c3,0.01429864317092734
rxn02832_c3,-0.0014263662440486442
rxn05308_c6,0.0014263662440485475
rxn03130_c3,0.01429864317092734
rxn01513_c3,0.002801746862902374
rxn12643_c4,1.1306584619883142
rxn00117_c3,0.09403939377338846
rxn08233_c3,0.00035659156101216117
bio4,0.4457281235193767
rxn00029_c6,0.002852732488097289
rxn02774_c6,0.0007131831220243222
rxn03536_c6,0.0007131831220243223
rxn01629_c2,-0.00570546497619458
rxn01300_c4,0.060266087997405876
rxn00777_c2,0.5433371647475024
rxn00265_c6,0.006418648098218901
rxn08311_c6,0.011055596799485815
rxn09210_c6,0.011055596799485813
rxn03910_c2,0.17440146980878446
rxn08100_c6,-0.014298643170927343
EX_cpd00065_e0,-0.12183843473990882
rxn10484_c4,0.014298643170927336
rxn03908_c4,0.17440146980878443
rxn08706_c4,0.1599379902505232
rxn00970_c5,-0.0007131831220243223
rxn08333_c5,0.0014263662440486492
rxn05297_c1,-1.1869705566079307
rxn02898_c5,0.0014263662440486464
rxn05145_c2,0.21227939006392185
rxn12666_c5,0.0007131831220243222
rxn00530_c5,0.0007131831220243223
rxn00029_c2,0.0028527324880972898
rxn02774_c2,0.0007131831220243223
rxn03536_c2,0.0007131831220243221
rxn02264_c5,0.0007131831220243226
rxn05514_c5,-0.0007131831220243222
rxn00340_c5,0.08639800954040718
rxn00237_c2,0.055639259005712635
rxn10213_c5,0.04422238719794325
rxn05175_c2,0.0007131831220243222
rxn03159_c2,0.01429864317092734
rxn10204_c5,0.04422238719794325
rxn03439_c1,0.01429864317092734
rxn00392_c5,0.0007131831220245203
rxn10663_c2,-0.15993799025052322
rxn02774_c5,0.0007131831220243223
rxn03536_c5,0.0007131831220243223
rxn05151_c2,0.12279628406962514
rxn03537_c2,0.0007131831220243222
rxn05175_c5,0.0007131831220243222
rxn05645_c2,0.0014263662440488426
rxn03537_c5,0.0007131831220243222
rxn05645_c5,0.0014263662440488424
rxn08241_c5,-0.0007131831220243222
rxn01859_c1,0.060529569609493065
rxn09113_c5,0.033166790398457435
rxn06023_c5,0.0007131831220243222
rxn05148_c5,0.0007131831220243222
rxn00953_c2,0.004279098732145934
rxn00742_c2,0.004279098732145934
rxn01870_c5,-0.011055596799485812
rxn00113_c5,0.1061297057325621
rxn00146_c6,-5.658949412777259
rxn00440_c3,0.0007131831220243222
rxn08088_c3,0.044222387197943254
rxn00693_c6,-0.09177318275954338
rxn05301_c3,0.052628616792645966
rxn05651_c1,0.0007131831220243222
rxn00834_c6,0.05772782274659068
rxn00258_c2,-0.08844477439588648
rxn05561_c3,-0.5648699191953432
rxn05654_c3,0.9481820308203092
rxn00501_c2,0.15153176396111323
rxn00657_c2,0.15153176396111323
rxn12642_c6,0.03409943613789896
rxn03146_c4,0.02859728634185468
rxn00251_c3,-0.4020265818577211
rxn08130_c6,0.0007131831220243224
rxn05616_c1,-0.0007131831220243222
rxn00988_c4,0.9691650649981519
rxn03893_c4,0.0007131831220243223
rxn00785_c6,0.539030980478227
rxn03239_c5,0.07149321585463671
rxn03958_c4,-0.17440146980878443
rxn00467_c6,-0.10612970573256207
rxn10481_c4,0.0007131831220243222
rxn00692_c4,0.07304895991359334
rxn09427_c5,0.0884447743958865
rxn05596_c6,-0.0007131831220243222
rxn08706_c5,0.15993799025052316
rxn01602_c5,-0.0021395493660729572
rxn10663_c5,-0.1599379902505232
rxn11735_c5,0.602551168963899
rxn03241_c5,-0.01429864317092734
rxn00171_c4,-0.15462284195582582
rxn13722_c6,-0.0007131831220243222
rxn00541_c1,-0.09080411645710178
rxn01575_c6,-0.061051206570563725
rxn00747_c6,0.3434298469204151
rxn01446_c1,-0.060529569609493065
rxn04162_c3,-4.143512647862947
rxn02716_c3,-12.824065733916525
rxn08527_c6,0.0007131831220243224
rxn06777_c6,0.01429864317092739
rxn08995_c3,0.0014263662440638968
rxn09428_c3,0.08844477439588648
rxn09562_c6,0.022993792616049922
rxn03240_c6,-0.07149321585463675
rxn00141_c1,0.004279098732145933
rxn01200_c1,-0.3823404068903119
rxn00763_c1,0.04153882338776693
rxn09069_c4,0.12868821891930596
rxn00912_c1,0.005348873415182419
rxn01434_c1,0.10612970573256206
rxn05616_c2,-0.0007131831220243222
rxn05561_c2,-0.08647762337587662
rxn12850_c4,0.0679011097263575
rxn00126_c2,0.0007131831220242779
rxn00785_c2,0.4387783892760897
rxn03909_c2,0.17440146980878446
rxn00440_c2,0.0007131831220243222
rxn00151_c2,0.5505413512873747
rxn06076_c2,-0.0056034937258047585
rxn05732_c4,-0.0884447743958865
rxn08311_c2,0.011055596799485813
rxn12851_c4,0.052628616792645966
rxn05544_c4,1.1306584619883144
rxn01505_c2,0.05719457268370936
rxn09210_c2,0.011055596799485812
rxn09341_c2,-0.05719457268370936
rxn12638_c5,0.2918116430898486
rxn00077_c2,0.0007131831220384888
rxn05543_c4,0.03409943613789896
rxn05536_c4,0.05569373464773782
rxn03164_c3,0.014298643170927338
rxn00102_c4,-1.0576098393940383
rxn05293_c5,0.1744014698087845
rxn08173_c4,0.31653389734943
rxn06729_c3,0.028597286341854683
rxn05296_c4,0.24255035749991924
rxn14412_c4,0.0007131831220243222
rxn08323_c4,0.05772782274659069
rxn12636_c1,0.05569373464773782
rxn00122_c1,0.0007131831220243191
rxn05466_c3,2.5947070659693536
rxn03005_c5,0.09177318275954334
rxn00085_c1,0.9724555027535778
rxn01106_c5,0.4458516730026591
rxn00178_c4,-0.9691650649981522
rxn00931_c5,0.2125017185893419
rxn09450_c5,0.15993799025052316
rxn00650_c5,-0.0007131831220243223
rxn01353_c5,0.002801746862902374
rxn00119_c1,0.008247534747824404
rxn03437_c5,0.10402243720718646
rxn03893_c6,0.0007131831220232202
rxn03159_c6,0.01429864317092734
rxn00786_c6,-0.3434298469204151
rxn03537_c6,0.0007131831220243222
rxn03084_c6,0.1095000717004163
rxn08528_c6,0.0007131831220243222
rxn12636_c5,0.15971617185492432
rxn05645_c6,0.0014263662440488244
rxn02373_c5,-0.1061297057325621
rxn05148_c6,0.0007131831220243222
rxn00970_c6,-0.0007131831220232202
rxn00085_c5,0.17016898276593528
rxn00119_c5,0.011049281610689816
rxn06723_c6,-0.028597286341854683
rxn01466_c5,0.01643819253700031
rxn03146_c6,0.02859728634185468
rxn00790_c6,-0.1095000717004163
rxn00555_c6,-0.7346321140360387
rxn05308_c3,0.0014263662440487067
rxn03435_c6,-0.06105120657056372
rxn00551_c2,-0.06022216903792514
rxn01187_c2,0.6734020281228017
rxn00612_c5,1.0175517222811465
rxn00347_c3,-0.57995910560707
rxn00777_c6,0.32223018317137697
rxn05306_c3,0.06790110972635749
EX_cpd00220_e0,-0.00855819746429254
rxn01057_c2,-1.3319173183280009
rxn01111_c5,0.23659448535439437
rxn00172_c1,-30.780012853158354
rxn00917_c5,0.0577278227465907
rxn03975_c2,-0.6940340440758248
rxn05466_c5,-2.4202004588401147
rxn02155_c3,-1.1107184846884501
rxn00121_c4,-0.0007131831220244141
rxn37797_c4,-0.07376214303561766
rxn02804_c3,-0.07149321585463672
rxn05149_c1,0.0007131831220243222
rxn06076_c4,-0.0028017468629023745
rxn01011_c4,0.015209292861023339
rxn01333_c4,-0.010245611902642646
rxn00283_c3,0.028597286341854676
rxn05179_c4,0.10402243720718647
rxn02990_c4,-0.00570546497619458
rxn00181_c4,0.00570546497619458
rxn01602_c4,-0.0021395493660729668
rxn03241_c4,-0.014298643170927343
rxn12510_c4,0.0014263662440485477
rxn11537_c4,-0.004279098732145935
rxn11535_c4,-0.004279098732145935
rxn00409_c1,0.28413846529452097
rxn06023_c2,0.0007131831220243222
rxn10094_c5,0.0007131831220243246
rxn10094_c2,0.0007131831220243223
rxn09657_c5,0.0007131831220243222
rxn00124_c5,0.0007131831220243222
rxn06723_c2,-0.028597286341854683
rxn09657_c2,0.0007131831220243222
rxn03150_c5,0.0007131831220243222
rxn12510_c2,0.0014263662440485473
rxn03907_c5,0.17440146980878446
rxn02405_c2,0.028597286341854683
rxn03538_c5,0.0007131831220243222
rxn01213_c5,0.01643819253700031
rxn03150_c2,0.0007131831220243222
rxn05618_c5,0.0007131831220243222
rxn03538_c2,0.0007131831220243222
rxn14415_c4,-0.004992281854170256
rxn03393_c5,0.0007131831220243223
rxn09004_c4,-0.0028017468629023745
rxn00350_c2,-0.0007131831220243223
rxn01512_c2,0.002801746862902374
rxn03393_c2,0.000713183122024322
rxn02897_c5,0.0007131831220243222
rxn01674_c6,-0.002801746862902374
rxn02056_c5,-0.0007131831220243222
rxn09345_c5,0.014298643170927341
rxn05326_c1,-0.07149321585463674
rxn08773_c5,-0.014298643170927338
rxn12225_c5,0.0003565915610121612
rxn05295_c1,0.08520832989757927
rxn03826_c5,0.001426366244048647
rxn00840_c1,-0.05563925900571262
rxn12933_c3,-0.014298643170927355
rxn03901_c1,0.01429864317092734
rxn01102_c3,0.7186523773200622
rxn05318_c1,0.10389657797456471
rxn05211_c5,-0.602551168963899
rxn03408_c2,0.01429864317092734
rxn00467_c3,-0.1061297057325621
rxn05233_c2,0.0028017468629023645
rxn05595_c3,0.0007131831220243222
rxn08125_c5,-0.014298643170927338
rxn00423_c1,0.034897996442368816
rxn01200_c2,0.43877838927608975
rxn01300_c2,0.3887653306460391
rxn01434_c2,0.10612970573256209
rxn00364_c1,0.28413846529452097
rxn10052_c1,-0.0020885637408780524
rxn09359_c5,0.014298643170927338
rxn12643_c2,0.16149339699016238
rxn00907_c3,-1.1310196216838253
rxn00786_c2,-0.06022216903792514
rxn00530_c2,0.00071318312202432
rxn05200_c4,0.07656388989852003
rxn10484_c2,0.014298643170927336
rxn00970_c2,-0.0007131831220243191
rxn00423_c2,0.03061889771022316
rxn06723_c5,-0.028597286341854683
rxn00974_c5,-0.602551168963899
rxn00313_c5,0.12279628406962514
rxn00239_c3,0.05844100586861501
rxn03904_c5,0.01429864317092734
rxn03826_c2,0.0014263662440486447
rxn10199_c5,0.01429864317092734
rxn00409_c5,0.2813367184316556
rxn06729_c1,0.028597286341854683
rxn05295_c5,0.08520832989757927
rxn00503_c2,-0.07930992450050674
rxn03901_c5,0.01429864317092734
rxn05233_c6,0.0028017468629023745
rxn05687_c4,0.0007131831220243222
rxn00762_c4,-0.0068372598717138505
rxn05522_c4,0.16750676191694147
rxn05651_c6,1.4404381010549518
rxn00077_c6,0.0007131831220133259
rxn05222_c4,0.020306405789984806
rxn05303_c4,0.1061297057325621
rxn08224_c4,-0.033166790398457435
rxn00799_c4,-0.16821994503896576
rxn05645_c4,0.0014263662440487364
rxn02405_c4,0.028597286341854683
rxn05669_c5,0.15153176396111323
rxn00541_c6,-0.09080411645710178
rxn01200_c6,0.5390309804782268
rxn01069_c4,0.06026608799740587
rxn01333_c6,-0.539030980478227
rxn00121_c5,-0.0007131831220245203
rxn00690_c6,0.0007131831220243222
rxn00504_c1,1.4987563860876785
rxn02465_c1,-0.10684288885458637
rxn09039_c3,0.0007131831220243224
rxn01018_c3,0.07376214303561773
rxn03893_c3,0.0007131831220243226
rxn00126_c6,0.0007131831220243061
rxn05595_c5,0.0014263662440486444
rxn03146_c3,0.02859728634185468
rxn12636_c4,0.05569373464773783
rxn03394_c4,0.0007131831220243223
rxn01465_c3,-0.07376214303561773
rxn08241_c4,0.16679357879491713
rxn02176_c2,-0.0007131831220242253
rxn09037_c4,0.0021395493660729663
EX_cpd00393_e0,-0.012837296196437866
rxn00912_c2,-0.12667117920191262
rxn01602_c2,-0.0021395493660730605
rxn12636_c2,0.7540068774557085
rxn00119_c2,-0.028597286341854686
rxn02373_c2,-0.10612970573256209
rxn01354_c4,0.05492607588368831
rxn02287_c6,0.0007131831220243221
rxn02405_c6,0.028597286341854676
rxn10663_c3,-0.15993799025052322
rxn03150_c6,0.0007131831220243222
rxn05029_c6,0.0007131831220243222
rxn45223_c3,4.143512647862947
rxn02176_c4,-0.0014263662440485475
rxn00104_c3,-0.0007131831220243223
rxn03538_c6,0.0007131831220243222
rxn01213_c6,0.016438192536999203
rxn03182_c1,0.01429864317092734
rxn00461_c6,0.014298643170927343
rxn06865_c6,-0.01429864317092734
rxn03393_c6,0.0007131831220232187
rxn00010_c3,0.046242167936222885
rxn01265_c6,-0.002139549366058843
rxn03439_c6,0.01429864317092734
rxn12822_c3,-10.555545514821207
rxn02897_c6,0.0007131831220243222
rxn02803_c3,0.014298643170927364
rxn02056_c6,-0.0007131831220243222
rxn06076_c6,-0.0028017468629023745
rxn02341_c1,0.0014263662440483149
rxn00119_c6,0.011049281610726781
rxn01466_c6,0.016438192536999203
rxn08706_c3,0.07149321585463674
rxn05310_c6,0.43792970616218685
rxn04455_c5,-0.0014263662440486486
rxn02287_c5,0.0007131831220243224
rxn02831_c5,0.001426366244048649
rxn01258_c5,0.0014263662440486486
rxn01513_c1,0.002801746862902374
rxn05485_c2,0.05719457268370936
rxn01538_c5,0.000713183122054027
rxn05255_c5,0.0021395493660729572
rxn01508_c5,0.002801746862902374
rxn02832_c5,-0.0014263662440486488
rxn03908_c2,0.17440146980878446
rxn05333_c1,0.07149321585463667
rxn03395_c5,0.0007131831220243224
rxn00495_c5,0.0014263662440486468
rxn08233_c5,0.00035659156101216117
bio6,0.4457281235193767
rxn08775_c5,-0.01429864317092734
rxn08100_c5,-0.014298643170927341
rxn05296_c2,0.24255035749991924
rxn00452_c6,0.03072197618897966
rxn03241_c6,-0.014298643170927392
rxn03439_c2,0.01429864317092734
rxn02897_c2,0.0007131831220243222
rxn02056_c2,-0.0007131831220243222
rxn00134_c2,0.04897050209092483
rxn06729_c5,0.028597286341854683
rxn10052_c5,0.0007131831220243222
rxn02287_c2,0.0007131831220243224
rxn00946_c5,-0.08844477439588647
rxn10199_c2,0.01429864317092734
rxn02831_c2,0.0014263662440486442
rxn01258_c2,0.0014263662440486444
rxn12848_c4,0.034184813320344745
rxn05255_c2,0.0021395493660730605
rxn02832_c2,-0.0014263662440486442
rxn03164_c5,0.014298643170927338
rxn03182_c2,0.01429864317092734
rxn08233_c2,0.00035659156101216117
bio3,0.4457281235193767
rxn00949_c6,0.06105120657056372
rxn00105_c4,0.0014263662440489328
rxn01302_c4,-0.060266087997405876
rxn00907_c5,-0.09177318275954333
rxn08043_c3,0.10402243720718646
rxn02404_c5,0.028597286341854683
rxn01644_c5,0.12685023062760395
rxn01019_c1,0.10612970573256206
rxn02341_c3,0.0014263662440487065
rxn00085_c4,0.24362993852754894
rxn12847_c5,0.052628616792645966
rxn03182_c3,0.01429864317092734
rxn00119_c4,-0.06551460828779325
rxn06510_c3,-0.014298643170927354
rxn01466_c4,0.01643819253700031
rxn05289_c1,0.0028017468629023745
rxn00105_c6,0.0014263662440292574
rxn01333_c3,-0.008836240866992211
rxn00117_c1,0.03684482108967908
rxn05343_c1,0.07149321585463665
rxn12510_c3,0.0014263662440487067
rxn08062_c4,-0.263888652791521
rxn05146_c3,0.5009241906716438
rxn02405_c3,0.028597286341854683
rxn09043_c2,0.0007131831220243242
rxn05539_c4,0.0007131831220243128
rxn03908_c6,0.17440146980877563
rxn12643_c6,0.16149339699016238
rxn09450_c2,0.15993799025052322
rxn11535_c6,-0.0350010749211223
rxn13647_c6,-1.6560074673187293
rxn04455_c2,-0.0014263662440486447
rxn04970_c2,0.0014263662440486447
rxn05255_c4,0.0021395493660729668
rxn00193_c4,0.014298643170927338
rxn02011_c4,0.014298643170927338
rxn08231_c4,-0.033166790398457435
rxn01647_c2,-0.002139549366087331
rxn14383_c2,-0.0014263662440486444
rxn08528_c4,0.0014263662440486444
rxn00347_c2,-0.6819896986303426
rxn05306_c2,0.06790110972635749
rxn00762_c6,0.0424894977023777
rxn02401_c2,-0.002139549366087331
rxn01048_c6,-0.042489497702377706
rxn11537_c6,-0.0350010749211223
rxn01669_c4,-0.0014263662440489328
rxn14207_c6,-0.0424894977023777
rxn00154_c1,-0.2905821246977865
rxn00029_c3,0.0028527324880972898
rxn03901_c2,0.01429864317092734
rxn05145_c3,0.29318638645674383
rxn01301_c3,-2.0134639158237313
rxn01643_c3,-0.01429864317092734
rxn01466_c2,0.016438192537000306
rxn00248_c3,-1.5273468144623907
rxn02008_c2,0.014298643170927338
rxn00499_c3,13.798938589708644
rxn03904_c2,0.01429864317092734
rxn00392_c3,0.0007131831220243324
rxn05295_c2,0.08520832989757927
rxn00747_c3,0.30087412372060013
rxn00193_c2,0.01429864317092734
rxn01547_c3,-0.0577278227465907
rxn09043_c5,0.0007131831220243222
rxn05315_c4,-0.0007131831220243222
rxn09341_c5,-0.05719457268370937
rxn09041_c5,0.0007131831220243222
rxn05029_c4,0.0007131831220243222
rxn05687_c5,0.0007131831220243222
rxn01358_c3,0.0577278227465907
rxn09532_c5,-0.0007131831220243221
rxn02285_c4,-0.01429864317092734
rxn13838_c3,-0.08844477439588648
rxn02889_c4,0.9691650649981519
rxn02804_c5,-0.07149321585463671
rxn00283_c5,0.028597286341854676
rxn00184_c5,0.22365640950226393
rxn00304_c5,0.5166977924244005
rxn08475_c1,-0.0014263662440486447
rxn39679_c3,12.824065733916525
rxn02990_c6,-0.005705464976194578
rxn01629_c6,-0.005705464976194579
rxn01019_c3,0.3183891171976862
rxn00181_c6,0.005705464976194578
rxn00551_c6,-0.3434298469204151
rxn05301_c6,0.052628616792644876
rxn09345_c6,0.014298643170927341
rxn05306_c6,0.06790110972635749
rxn13846_c3,-0.05719457268370936
rxn13850_c3,-0.05719457268370936
rxn05316_c3,0.1644261475841163
rxn05295_c4,0.08520832989757927
rxn00423_c3,0.034897996442369225
rxn12636_c6,0.11674494121830152
rxn00974_c4,0.16821994503896578
rxn05625_c3,-0.7917304689649134
rxn02008_c4,0.01429864317092734
rxn05296_c6,0.24255035749991924
rxn03909_c6,0.17440146980877563
rxn03904_c4,0.01429864317092734
rxn02373_c6,-0.10612970573256209
rxn10199_c4,0.01429864317092734
rxn00085_c6,-0.36365177384453506
rxn00409_c4,0.24816992803316115
rxn12933_c2,-0.014298643170927341
rxn00239_c5,0.05844100586861501
rxn14415_c1,-0.0035659156101216123
rxn05466_c4,-1.1541541413640177
rxn08173_c1,-0.08389190461006994
rxn05145_c5,0.29247320333468074
rxn00078_c3,0.0007131831220244216
rxn01301_c5,-0.09080411645712055
rxn08323_c1,-0.05772782274659069
rxn01643_c5,-0.22789904369765432
rxn09042_c3,0.0007131831220243223
rxn10199_c6,0.01429864317092734
rxn05255_c6,0.0021395493660729716
rxn03130_c6,0.01429864317092734
rxn03182_c6,0.014298643170927338
rxn05319_c4,-0.06662579167122587
rxn06075_c6,-0.0028017468629023745
rxn39451_c1,-0.01429864317092734
rxn03395_c6,0.0007131831220232187
rxn26127_c4,0.028311464714792293
bio7,0.4457281235193767
rxn05469_c4,-0.6812938481431111
rxn00105_c3,0.0014263662440638996
rxn00555_c3,0.21686806118970087
rxn06777_c3,0.014298643170927362
rxn02175_c3,0.0007131831220243845
rxn03164_c2,0.014298643170927338
rxn09042_c6,0.0007131831220232186
rxn09176_c2,28.20424025695956
rxn03644_c2,0.7188946288350254
rxn03240_c3,-0.07149321585463674
rxn02011_c2,0.014298643170927338
rxn06729_c2,0.028597286341854683
rxn03435_c3,-0.10402243720718646
rxn01505_c3,0.05719457268370936
rxn12666_c3,0.0007131831220243222
rxn12225_c3,0.0003565915610121612
rxn03826_c3,0.0014263662440486447
rxn00867_c5,0.7068275617084754
rxn00530_c3,0.0007131831220243223
rxn05687_c3,0.0021395493660729663
rxn00762_c3,-0.02211119359897163
rxn00171_c3,-0.09080411645710182
rxn00364_c2,0.290618242848645
rxn00935_c2,0.03597552653431373
rxn00364_c3,0.2509716748960636
rxn00770_c4,-29.74163201981259
rxn00686_c3,-0.0021395493660729425
rxn05294_c4,0.0054230403604232005
rxn05289_c3,0.005603493725804749
rxn05334_c1,0.07149321585463665
rxn01636_c1,0.10684288885458636
rxn07466_c4,-0.014298643170927338
rxn03395_c3,0.0007131831220243224
rxn08661_c1,-0.5079099374371594
rxn08241_c1,-0.0007131831220243222
rxn00272_c4,0.16821994503896573
rxn12510_c5,0.0014263662440485473
rxn03130_c5,0.01429864317092734
rxn00165_c1,0.5919684517633201
rxn03901_c4,0.01429864317092734
rxn03146_c5,0.02859728634185468
rxn10052_c4,-0.05701463962456637
rxn03893_c5,0.0007131831220243226
rxn12666_c4,0.0007131831220243222
rxn05301_c2,0.007372902137541585
rxn00710_c1,0.1899726008866824
rxn12933_c4,-0.014298643170927343
rxn01333_c5,-0.12396336551124972
rxn00470_c1,0.0007131831220243222
rxn05308_c4,0.001426366244048548
rxn09042_c4,0.0007131831220243223
rxn08043_c5,0.10402243720718646
rxn03164_c4,0.014298643170927338
rxn00503_c4,-0.07930992450050674
rxn05469_c1,-0.2910474367014924
rxn00946_c6,-0.0884447743958865
rxn08062_c1,0.3563781734760463
rxn03181_c1,0.014298643170927338
rxn03901_c6,0.01429864317092734
rxn01302_c3,2.0134639158237313
rxn02331_c1,-0.028597286341854683
rxn03904_c6,0.01429864317092734
rxn05029_c3,0.0007131831220243222
rxn40037_c1,0.01429864317092734
rxn00409_c6,0.24816992803315238
rxn12846_c1,0.06647474348230883
rxn02831_c6,0.0014263662440486442
rxn00337_c1,0.014298643170927341
rxn01258_c6,0.0014263662440486444
rxn05295_c6,0.08520832989757927
rxn05294_c3,0.0054230403604232005
rxn02832_c6,-0.0014263662440486442
rxn05346_c1,0.07149321585463674
rxn00770_c3,0.02650872260097662
rxn07466_c3,-0.014298643170927338
rxn01649_c3,-0.057727822746590704
rxn00747_c5,0.35456029139365014
sul00010_c3,1.928258495429871
rxn00029_c5,0.0028527324880972898
rxn00131_c5,-0.1066983248375001
rxn02175_c5,0.0007131831220242252
rxn05317_c3,0.0028017468629023745
rxn00940_c4,-29.743771569178662
rxn00941_c4,29.743771569178662
rxn13850_c2,-0.05719457268370936
rxn00692_c3,1.2343288757689874
rxn13846_c2,-0.05719457268370936
rxn01358_c2,0.15566882692842496
rxn00416_c1,0.08639800954040713
rxn13846_c4,-0.05719457268370936
rxn05200_c3,0.0028017468629023745
rxn01217_c2,0.0028017468629023836
rxn05488_c1,1.0990012887009162
rxn04071_c2,-0.0007131831220243222
rxn05522_c2,0.42577302646064136
rxn05559_c1,0.7261790393716826
rxn05195_c1,0.0007131831220243223
rxn05222_c2,0.020306405789984806
rxn10966_c4,-0.0028017468629023745
rxn12512_c1,0.0014263662440483149
rxn01280_c3,-0.04624216793622289
rxn00064_c1,0.11545564549318137
rxn01154_c2,0.0007131831220243222
rxn00649_c1,0.034897996442368816
rxn10570_c1,-0.005348873415182419
rxn10336_c4,0.011055596799485813
rxn05488_c4,-1.1803691258968223
rxn05559_c4,0.0007131831220243222
rxn05195_c4,0.0007131831220243223
rxn00941_c3,0.047253420434641105
rxn01646_c3,-0.047253420434641105
rxn10054_c3,-0.036917321945938615
rxn13735_c3,-0.7917304689649135
rxn05467_c4,-0.11130854325239123
rxn01366_c3,0.047966603556665426
rxn01671_c3,0.047253420434641105
rxn08428_c4,0.8432635566865461
rxn08032_c4,-0.7191787431904162
rxn08429_c3,-0.23454054292368526
rxn09260_c4,0.12868821891930593
rxn09330_c4,0.004100802951639854
rxn08333_c4,0.0014263662440486444
rxn02898_c4,0.0014263662440486444
rxn00100_c1,0.0007131831220239925
rxn02803_c4,0.014298643170927343
rxn05457_c2,-0.05719457268370936
rxn00260_c4,-0.24878711649319651
rxn00148_c1,-0.2919887207519373
rxn01669_c2,-0.0014263662440630095
rxn10122_c2,1.5636934901331758
rxn01219_c2,-0.0028017468629023836
rxn00364_c4,0.2509716748960635
rxn00175_c4,28.180722894345575
rxn03408_c4,0.01429864317092734
rxn01143_c4,0.07656388989852002
rxn00060_c1,0.000713183122024322
rxn00777_c3,-0.017672481733984422
rxn00461_c4,0.014298643170927338
rxn05350_c1,0.07149321585463675
rxn01673_c4,0.002801746862902374
rxn05569_c1,-0.5882295076320557
rxn00179_c2,0.10612970573256209
rxn05467_c1,0.5826165619844347
rxn01644_c4,0.014298643170927336
rxn08428_c1,-0.843263556686546
rxn08032_c1,0.46083479826095786
rxn07466_c6,-0.01429864317092734
rxn08689_c1,-0.034897996442368816
rxn05595_c4,0.0014263662440486444
rxn00239_c2,0.05844100586861501
rxn03408_c1,0.01429864317092734
rxn08123_c5,-0.014298643170927338
rxn08333_c1,0.0014263662440486444
rxn03130_c2,0.01429864317092734
rxn05242_c1,0.1515317639611132
rxn00293_c3,0.057194572683709366
rxn02898_c1,0.0014263662440486444
rxn01547_c1,-0.060529569609493065
rxn10336_c1,0.011055596799485813
rxn01504_c4,-0.9691650649981519
rxn05235_c1,0.002801746862902374
rxn12666_c1,0.0007131831220243222
rxn01117_c1,-0.028597286341854686
rxn02405_c5,0.028597286341854683
rxn10623_c1,0.0007131831220243222
rxn10484_c1,0.01429864317092734
rxn01739_c1,0.0014263662440486447
rxn05293_c1,0.17440146980878443
rxn03826_c6,0.0014263662440486447
rxn05514_c1,-0.0007131831220243222
rxn00549_c1,0.028550671632515023
rxn00600_c1,0.005705464976194577
rxn05308_c1,0.0014263662440483149
rxn00797_c6,0.028597286341854676
rxn04455_c6,-0.0014263662440486447
rxn11946_c1,0.0007131831220243222
rxn04970_c6,0.0014263662440486447
rxn02404_c1,0.028597286341854683
rxn14383_c6,-0.0014263662440486447
rxn01465_c1,-0.1899726008866824
rxn01261_c6,0.4365033399181523
rxn01643_c1,-0.01429864317092734
rxn03536_c1,0.0007131831220243223
rxn05175_c1,0.0007131831220243222
rxn01116_c4,-0.020491223805285296
rxn05168_c6,0.15153176396111323
rxn06729_c6,0.028597286341854683
rxn02264_c1,0.000713183122024322
rxn00514_c1,0.11545564549318137
rxn02341_c5,0.0014263662440485473
rxn05197_c6,0.07656388989852012
rxn05560_c1,-0.04153882338776693
rxn03164_c6,0.01429864317092734
rxn03182_c5,0.01429864317092734
rxn01513_c5,0.002801746862902374
rxn06510_c5,-0.01429864317092734
rxn00006_c6,-0.06689159697380401
rxn05536_c6,0.11674494121830153
rxn02897_c1,0.0007131831220243222
rxn12224_c1,0.0007131831220243222
rxn03537_c1,0.0007131831220243222
rxn01627_c1,0.005705464976194577
rxn08224_c3,-0.03316679039845745
rxn02011_c1,0.014298643170927338
rxn01387_c3,-0.19127791055796922
rxn09106_c1,0.033166790398457435
rxn04455_c3,-0.0014263662440486447
rxn01575_c5,-0.10402243720718647
rxn05645_c1,0.0014263662440486414
rxn05148_c1,0.0007131831220243222
rxn00970_c3,-0.0007131831220243223
rxn04675_c1,0.0014263662440486447
rxn02286_c1,0.014298643170927338
rxn04970_c3,0.0014263662440486447
rxn04139_c1,0.0007131831220243223
rxn00037_c6,0.21825166995907622
rxn03240_c5,-0.07149321585463671
rxn09657_c1,0.0007131831220243222
rxn02293_c6,0.4365033399181523
rxn00440_c1,0.0007131831220243222
rxn00495_c3,0.0014263662440486444
rxn00555_c5,0.018188785975264132
rxn03893_c1,0.0007131831220243223
rxn03435_c5,-0.10402243720718646
rxn12510_c1,0.0014263662440483149
rxn03150_c1,0.0007131831220243222
rxn00803_c6,0.4365033399181524
rxn03538_c1,0.0007131831220243222
rxn00541_c3,-0.09080411645710182
rxn00461_c3,0.01429864317092734
rxn01213_c1,0.016438192537000306
rxn00130_c3,-0.04897050209093491
rxn05231_c6,0.0028017468629023753
rxn00461_c1,0.014298643170927336
rxn14383_c3,-0.0014263662440486444
rxn03393_c1,0.0007131831220243222
rxn08231_c3,-0.03316679039845744
rxn01629_c5,-0.00570546497619458
rxn03909_c1,0.17440146980878443
rxn05638_c3,0.07930992450050672
rxn04794_c2,0.698313142807971
rxn05168_c4,0.15153176396111323
rxn09402_c2,0.698313142807971
rxn00097_c1,-0.5367253720276932
rxn00467_c2,-0.10612970573256209
rxn02212_c1,0.0014263662440486447
rxn09001_c2,1.5644066732551996
rxn05324_c1,-0.0714932158546367
rxn10481_c1,0.0007131831220243222
rxn08291_c2,0.20818789650182998
rxn00692_c1,0.7151247009803057
rxn06729_c4,0.028597286341854683
rxn00802_c1,0.10612970573256207
rxn14427_c2,0.7675129044606108
rxn00851_c1,0.014298643170927338
rxn10621_c1,0.0007131831220243222
rxn01352_c4,-0.05772782274659069
rxn01466_c1,0.01643819253700031
rxn13850_c4,-0.05719457268370936
rxn05310_c1,-1.3648779247774487
rxn02008_c1,0.014298643170927338
rxn03904_c1,0.01429864317092734
rxn10199_c1,0.01429864317092734
rxn02831_c1,0.0014263662440486447
rxn05199_c3,0.07656388989852012
rxn01258_c1,0.0014263662440486447
rxn00124_c4,0.0007131831220243222
rxn02832_c1,-0.0014263662440486447
rxn04043_c5,-0.2661155169977636
rxn03164_c1,0.014298643170927338
rxn03130_c1,0.01429864317092734
rxn03395_c1,0.0007131831220243223
rxn10054_c4,-0.03691732194593855
rxn08233_c1,0.00035659156101216117
bio2,0.4457281235193767
rxn00278_c4,0.19819868462347393
rxn08528_c3,0.0014263662440486444
rxn03408_c6,0.01429864317092734
rxn09004_c6,-2.4449361894205546
rxn00171_c1,0.2916246419684864
rxn03958_c1,-0.17440146980878443
rxn01362_c1,-0.1899726008866824
rxn05329_c1,0.07149321585463672
rxn05200_c1,0.0028017468629023745
rxn08766_c1,0.15993799025052322
rxn09295_c3,6.063609928547256
rxn00424_c3,0.6724102093838392
rxn08353_c3,0.0007131831220243223
rxn08934_c4,0.05662292942958459
rxn10336_c2,0.011055596799485813
rxn00022_c4,0.028311464714792293
rxn00154_c3,-0.4296551654738656
rxn08311_c3,0.011055596799485812
rxn01484_c3,-0.06420846590624822
rxn03239_c4,0.07149321585463671
rxn12847_c4,0.052628616792645966
rxn12638_c1,1.4205015392028555
rxn48583_c3,3.7714674083537454
rxn01647_c3,-0.0007131831220243222
rxn09210_c3,0.011055596799485812
rxn00285_c3,0.00570546497619458
rxn00182_c3,-0.9725808079450089
rxn05457_c4,-0.05719457268370936
rxn02401_c3,-0.0007131831220243222
rxn00126_c3,0.0007131831220243229
rxn08475_c3,-0.0014263662440486447
rxn05315_c5,-0.0007131831220243222
rxn01138_c2,-0.048970502090924836
rxn02285_c5,-0.01429864317092734
rxn09041_c2,0.0007131831220243242
rxn00121_c2,-0.0007131831220245203
rxn01808_c2,0.0007131831220243222
rxn01069_c5,0.09080411645710182
rxn01354_c2,-0.002801746862902374
rxn00679_c2,-0.698313142807971
rxn05029_c5,0.0007131831220243222
rxn00182_c2,0.40971390390917817
rxn00690_c5,0.0007131831220243222
rxn03147_c6,0.1095000717004163
rxn01116_c6,0.32223018317137697
rxn05466_c1,-0.07631702327122918
rxn00711_c6,-0.10516117624037477
rxn00935_c1,-1.417088109759132
rxn09358_c6,0.014298643170927343
rxn03537_c4,0.0007131831220243222
rxn02988_c4,-0.0014263662440489328
rxn02264_c4,0.0007131831220243226
rxn05514_c4,-0.0007131831220243222
rxn00340_c4,0.08639800954040718
rxn06060_c6,-0.133783193947608
rxn02341_c2,0.0014263662440485473
rxn02929_c5,-0.12685023062760395
rxn10213_c4,0.04422238719794325
rxn02404_c4,0.028597286341854683
rxn10204_c4,0.04422238719794325
rxn09341_c4,-0.05719457268370936
rxn01019_c5,0.10612970573256207
rxn01513_c2,0.002801746862902374
rxn02774_c4,0.0007131831220243223
rxn03536_c4,0.0007131831220243222
rxn00797_c3,0.028597286341854686
rxn01505_c4,0.05719457268370936
rxn01187_c6,1.4427816418302135
rxn00686_c5,-0.0021395493660729572
rxn08773_c6,-0.01429864317092734
rxn00104_c2,-0.0007131831220243223
rxn08775_c6,-0.014298643170927341
rxn02929_c2,-0.014298643170927336
rxn05348_c1,0.07149321585463668
rxn00237_c5,0.5723370514301133
rxn00350_c3,-0.0007131831220243223
rxn00777_c5,0.01726504067374964
rxn00239_c6,0.035447213252565085
rxn00611_c2,0.03811097543895116
rxn08311_c5,0.04422238719794325
rxn00690_c2,0.0007131831220243222
rxn05595_c1,0.0007131831220243222
rxn02286_c2,0.014298643170927338
rxn03910_c5,0.1744014698087845
rxn00102_c1,-1.122218847123985
rxn00251_c1,-0.38277272811461854
rxn12933_c6,-0.014298643170927388
rxn00542_c2,1.3319173183280009
rxn00258_c6,-0.0884447743958865
rxn03239_c6,0.07149321585463675
rxn05457_c6,-0.05719457268370936
rxn00905_c2,0.024860584759200624
rxn10204_c6,0.044222387197943254
rxn00172_c4,-29.652864776253747
rxn08706_c6,0.15993799025052324
rxn00171_c5,1.280730471130459
rxn10663_c6,-0.15993799025052324
rxn05217_c6,0.37862086024982555
rxn00914_c2,0.057727822746590704
rxn08333_c6,0.0014263662440486444
rxn01669_c6,-0.0014263662440292574
rxn09532_c6,-0.0007131831220243221
rxn00278_c5,0.8351419960072127
rxn00440_c6,0.0007131831220243222
rxn03239_c2,0.07149321585463671
rxn09176_c5,-0.9056503910836753
rxn02176_c6,-0.0007131831220242255
rxn02803_c6,0.014298643170927387
rxn01517_c4,0.07376214303561765
rxn02331_c2,-0.028597286341854683
rxn05312_c1,-1.0716915383207117
rxn00350_c4,-0.0007131831220243223
rxn01117_c2,-0.028597286341854686
rxn02523_c6,-0.4365033399181524
rxn00907_c1,-0.7254658562496582
rxn00910_c2,-0.0007131831220243222
rxn01280_c1,-0.5703626882543665
rxn12847_c1,0.05262861679264595
rxn00337_c2,0.40306397381696635
rxn00105_c1,0.0014263662440455879
rxn10966_c2,-2.3319195777158104
rxn03408_c3,0.01429864317092734
rxn00248_c4,0.16821994503896576
rxn05457_c3,-0.05719457268370936
rxn05148_c4,0.0007131831220243222
rxn05318_c4,0.048970502090914046
rxn00336_c4,0.16821994503896576
rxn01870_c4,0.030483226588281113
rxn03239_c3,0.07149321585463672
rxn06023_c4,0.0007131831220243222
rxn01643_c4,-0.0745647311683332
rxn00745_c4,-0.006837259871713852
rxn05294_c5,0.0054230403604232005
rxn05561_c5,-0.1469191124649452
rxn03408_c5,0.01429864317092734
rxn09188_c1,1.4987563860876785
rxn01353_c3,0.002801746862902374
rxn01673_c5,0.002801746862902374
rxn00459_c5,-0.4458516730026591
rxn01265_c1,1.3641647416554243
rxn05345_c1,0.05719457268370936
rxn10484_c3,0.01429864317092734
rxn00248_c1,1.5175123505154993
rxn05457_c5,-0.05719457268370936
rxn00834_c1,0.11545564549318137
rxn00126_c5,0.0007131831220243214
rxn09450_c6,0.15993799025052324
rxn05522_c3,0.0007131831220243222
rxn00146_c3,4.327032094449258
rxn01154_c3,0.0007131831220243222
rxn09210_c5,0.011055596799485812
rxn00239_c4,0.0007131831220243222
rxn06023_c6,0.0007131831220243222
rxn05520_c3,0.0007131831220243222
rxn01808_c3,0.0007131831220243222
rxn00832_c6,-0.10950007170041628
rxn00835_c3,0.10669832483752562
rxn00931_c6,-0.07930992450050671
rxn01508_c3,0.0028017468629023745
rxn06075_c5,-0.0028017468629023745
rxn05212_c3,0.0007131831220243222
rxn00798_c3,0.028597286341854686
rxn05289_c5,0.008405240588707123
rxn01152_c3,-0.028597286341854686
rxn09660_c3,0.0007131831220243222
rxn01151_c3,-0.028597286341854683
rxn00117_c5,0.03684482108964211
rxn01573_c3,-0.10402243720718646
rxn01513_c6,0.002801746862902374
rxn05543_c6,0.03409943613789895
rxn00747_c1,0.17796189920496377
rxn01019_c2,0.10612970573256207
rxn00533_c3,0.08844477439588652
rxn00686_c2,-0.0021395493660731116
rxn08043_c6,0.06105120657056372
rxn01637_c1,-0.10684288885458638
rxn06865_c3,-0.01429864317092734
rxn00708_c1,0.11621045785106462
rxn02341_c6,0.0014263662440485475
rxn05289_c2,-2.3235143371271034
rxn04113_c3,0.1579632772717842
rxn06510_c6,-0.01429864317092739
rxn00392_c1,0.0007131831220243191
rxn03395_c2,0.0007131831220243235
rxn03643_c2,0.7188946288350254
rxn00105_c5,0.0014263662440516065
rxn00931_c2,-0.07930992450050672
rxn00650_c2,-0.0007131831220243223
rxn10570_c4,0.004279098732145934
rxn05293_c4,0.17440146980878446
bio5,0.4457281235193767
rxn05119_c4,0.0014263662440489328
rxn05317_c1,0.06333131647239543
rxn02402_c4,-0.001426366244048933
rxn02175_c1,0.0007131831220239925
rxn10094_c4,0.0007131831220243222
rxn09657_c4,0.0007131831220243222
rxn00029_c1,0.002852732488097289
rxn00440_c4,0.0007131831220243222
rxn03150_c4,0.0007131831220243222
rxn03538_c4,0.0007131831220243222
rxn01213_c4,0.01643819253700031
rxn05520_c4,0.0007131831220243222
rxn12512_c2,0.001426366244048547
rxn46480_c1,-0.0053488734151824185
rxn02897_c4,0.0007131831220243222
rxn00288_c2,0.6997395090520195
rxn02056_c4,-0.0007131831220243222
rxn02831_c4,0.0014263662440486444
rxn00649_c2,0.030618897710223164
rxn01258_c4,0.0014263662440486444
rxn00078_c1,0.0007131831220246202
rxn00840_c2,-0.002801746862902374
rxn02832_c4,-0.0014263662440486444
rxn08233_c4,0.00035659156101216117
rxn03130_c4,0.01429864317092734
rxn02898_c6,0.0014263662440486442
rxn05222_c1,0.020306405789984803
rxn09341_c1,-0.057194572683709366
rxn05244_c1,0.10402243720718643
rxn39451_c3,-0.01429864317092734
rxn12666_c6,0.0007131831220243222
rxn09450_c4,0.1599379902505232
rxn01129_c6,-0.0257955394789523
rxn00124_c6,0.0007131831220243222
rxn05746_c4,0.02831146471479229
rxn02286_c4,0.014298643170927338
rxn05150_c1,0.0007131831220243222
rxn01152_c6,-0.028597286341854676
rxn00360_c4,0.0007131831220243357
rxn00798_c6,0.028597286341854676
rxn05244_c6,0.042971230636622726
rxn09234_c4,-0.07376214303561765
rxn00381_c6,-28.148272679263147
rxn09562_c1,0.055639259005712635
rxn01151_c6,-0.028597286341854676
rxn00533_c4,0.0884447743958865
rxn00179_c5,0.10612970573256211
rxn05654_c6,-0.9481820308203094
rxn00121_c6,-0.0007131831220245022
rxn00555_c1,0.7918051191690902
rxn00495_c6,0.0014263662440486447
rxn00690_c4,0.0007131831220243222
rxn00179_c6,0.10612970573256209
rxn00392_c4,0.0007131831220244141
rxn00931_c4,-0.07930992450050672
rxn01512_c4,0.002801746862902374
rxn00179_c3,0.10612970573256211
rxn00747_c4,-0.18464708171142707
rxn00029_c4,0.00285273248809729
rxn06865_c4,-0.01429864317092734
rxn00102_c3,-1.2116254576344834
rxn00350_c5,-0.0007131831220243223
rxn01100_c3,0.7186523773200622
rxn03159_c3,0.01429864317092734
rxn09039_c5,0.0007131831220243224
rxn05199_c1,-0.11621045785106464
rxn02803_c5,0.01429864317092734
rxn00777_c1,0.7918517338784298
rxn00461_c5,0.01429864317092734
rxn01740_c1,-0.0014263662440486449
rxn05327_c1,-0.07149321585463667
rxn12643_c3,0.16149339699016238
rxn03437_c6,0.06105120657056372
rxn00763_c5,0.011055596799483983
rxn01387_c5,-0.602551168963899
rxn08801_c1,-0.04422238719794324
rxn03908_c3,0.17440146980878451
rxn01127_c3,0.0028017468629023745
rxn03910_c1,0.17440146980878446
rxn05543_c2,0.03409943613789896
rxn00381_c1,-31.88317366465025
rxn05151_c1,0.1227962840696251
rxn06777_c2,0.014298643170927343
rxn00175_c2,1.1598176048795694
rxn12851_c2,0.0452557146550976
rxn05544_c2,0.16149339699016235
rxn05255_c1,0.002139549366072968
rxn05204_c3,-0.0577278227465907
rxn16511_c2,-0.15566882692842496
rxn04783_c1,0.7254658562496582
rxn04996_c2,-0.016438192537000306
rxn01673_c2,0.002801746862902374
rxn05536_c2,0.7540068774557085
rxn05687_c2,0.0007131831220243222
rxn00839_c5,0.002801746862902374
rxn10663_c4,-0.15993799025052322
rxn00237_c1,0.05563925900571263
rxn05151_c3,0.12279628406962514
rxn05297_c4,0.28995833010186267
rxn00134_c4,0.04897050209091404
rxn08311_c1,0.04422238719794325
rxn02929_c6,-0.014298643170927341
rxn01508_c2,0.0028017468629023745
rxn01484_c1,-0.20357561153703452
rxn00285_c1,0.005705464976194578
rxn00182_c1,-1.5467703510641744
rxn00117_c6,0.03684482108967908
rxn05289_c6,-2.433729201968945
rxn06777_c4,0.014298643170927343
rxn12850_c1,0.06647474348230882
rxn05491_c2,-0.10669832483750012
rxn00126_c1,0.004992281854170255
rxn03907_c6,0.17440146980877563
rxn05317_c4,0.0028017468629023745
rxn12851_c1,0.05262861679264596
rxn05293_c6,0.1744014698087757
rxn05544_c1,0.16149339699016232
rxn05538_c1,1.4205015392028555
rxn04113_c4,0.15796327727178416
rxn05340_c1,-0.0714932158546367
rxn05316_c2,0.15566882692842496
rxn00060_c2,0.0007131831220243226
rxn05569_c2,0.09843998067922884
rxn00100_c2,0.0007131831220242253
rxn01127_c4,0.0028017468629023745
rxn05560_c2,0.022111193598971627
rxn00337_c6,0.014298643170927343
rxn01117_c4,-0.028597286341854686
rxn03159_c1,0.01429864317092734
rxn11537_c5,-0.004279098732145935
rxn01211_c3,-1.1310196216838253
rxn12933_c5,-0.01429864317092734
rxn02341_c4,0.0014263662440485477
rxn14415_c5,-3.7085060575830795
rxn09037_c3,0.0021395493660729668
rxn05296_c3,0.24255035749991924
rxn09041_c3,0.0007131831220243222
rxn00347_c5,-0.8854456287608562
rxn00275_c3,-0.8784889274454936
rxn05485_c3,-0.007013893222538859
rxn08032_c5,-1.2807304711304592
rxn10484_c5,0.1370949272405525
rxn08475_c5,-0.0014263662440486447
bio1,2.6743687411162598
SK_cpd11416_c0,2.6743687411162598
