id,KC:400_altamaha_2019_sw_WHONDRS.S19S_0010_MT_bowtie.reformat97_sorted.bam,KC:400_arikareeriver_2019_sw_WHONDRS.S19S_0023_MT_bowtie.reformat97_sorted.bam,KC:400_augustacreek_2019_sw_WHONDRS.S19S_0067_MT_bowtie.reformat97_sorted.bam,KC:400_blackearthcreek_2019_sw_WHONDRS.S19S_0061_MT_bowtie.reformat97_sorted.bam,KC:400_blackwarrior_2019_sw_WHONDRS.S19S_0021_MT_bowtie.reformat97_sorted.bam,KC:400_blueriver_2019_sw_WHONDRS.S19S_0024_MT_bowtie.reformat97_sorted.bam,KC:400_cachelapoudre_2019_sw_WHONDRS.S19S_0077_MT_bowtie.reformat97_sorted.bam,KC:400_cariboucreek_2019_sw_WHONDRS.S19S_0051_MT_bowtie.reformat97_sorted.bam,KC:400_cartcreek_2019_sw_WHONDRS.S19S_0073_MT_bowtie.reformat97_sorted.bam,KC:400_cobbmillcreek_2019_sw_WHONDRS.S19S_0090_MT_bowtie.reformat97_sorted.bam,KC:400_columbia_2019_sw_WHONDRS.S19S_0036_MT_bowtie.reformat97_sorted.bam,KC:400_columbia_2019_sw_WHONDRS.S19S_0074_MT_bowtie.reformat97_sorted.bam,KC:400_columbiariver2_2019_sw_WHONDRS.S19S_0076_MT_bowtie.reformat97_sorted.bam,KC:400_comocreek_2019_sw_WHONDRS.S19S_0026_MT_bowtie.reformat97_sorted.bam,KC:400_deadrun_2019_sw_WHONDRS.S19S_0006_MT_bowtie.reformat97_sorted.bam,KC:400_dobsoncreek_2019_sw_WHONDRS.S19S_0087_MT_bowtie.reformat97_sorted.bam,KC:400_eastforkpoplarcreek_2019_sw_WHONDRS.S19S_0039_MT_bowtie.reformat97_sorted.bam,KC:400_farmington_2019_sw_WHONDRS.S19S_0053_MT_bowtie.reformat97_sorted.bam,KC:400_greatmiami_2019_sw_WHONDRS.S19S_0099_MT_bowtie.reformat97_sorted.bam,KC:400_guil_2019_sw_WHONDRS.S19S_0049_MT_bowtie.reformat97_sorted.bam,KC:400_gunnisonriver_2019_sw_WHONDRS.S19S_0062_MT_bowtie.reformat97_sorted.bam,KC:400_hugercreek_2019_sw_WHONDRS.S19S_0044_MT_bowtie.reformat97_sorted.bam,KC:400_icacos_2019_sw_WHONDRS.S19S_0094_MT_bowtie.reformat97_sorted.bam,KC:400_king_2019_sw_WHONDRS.S19S_0016_MT_bowtie.reformat97_sorted.bam,KC:400_kingscreed_2019_sw_WHONDRS.S19S_0040_MT_bowtie.reformat97_sorted.bam,KC:400_lajara_2019_sw_WHONDRS.S19S_0034_MT_bowtie.reformat97_sorted.bam,KC:400_littlewindriver_2019_sw_WHONDRS.S19S_0009_MT_bowtie.reformat97_sorted.bam,KC:400_littlewolfcreek_2019_sw_WHONDRS.S19S_0078_MT_bowtie.reformat97_sorted.bam,KC:400_logan1_2019_sw_WHONDRS.S19S_0097_MT_bowtie.reformat97_sorted.bam,KC:400_logan2_2019_sw_WHONDRS.S19S_0098_MT_bowtie.reformat97_sorted.bam,KC:400_lowercolorado_2019_sw_WHONDRS.S19S_0063_MT_bowtie.reformat97_sorted.bam,KC:400_marshallgulch_2019_sw_WHONDRS.S19S_0035_MT_bowtie.reformat97_sorted.bam,KC:400_marthacreek_2019_sw_WHONDRS.S19S_0030_MT_bowtie.reformat97_sorted.bam,KC:400_mcdi_2019_sw_WHONDRS.S19S_0017_MT_bowtie.reformat97_sorted.bam,KC:400_middleoconee_2019_sw_WHONDRS.S19S_0011_MT_bowtie.reformat97_sorted.bam,KC:400_morescreek_2019_sw_WHONDRS.S19S_0085_MT_bowtie.reformat97_sorted.bam,KC:400_muddycreek_2019_sw_WHONDRS.S19S_0082_MT_bowtie.reformat97_sorted.bam,KC:400_nebranchanacostia_2019_sw_WHONDRS.S19S_0081_MT_bowtie.reformat97_sorted.bam,KC:400_oksrukuyikcreek_2019_sw_WHONDRS.S19S_0050_MT_bowtie.reformat97_sorted.bam,KC:400_pamunkeyriver_2019_sw_WHONDRS.S19S_0054_MT_bowtie.reformat97_sorted.bam,KC:400_poseycreek_2019_sw_WHONDRS.S19S_0013_MT_bowtie.reformat97_sorted.bam,KC:400_pringlecreek_2019_sw_WHONDRS.S19S_0025_MT_bowtie.reformat97_sorted.bam,KC:400_providencecreek_2019_sw_WHONDRS.S19S_0007_MT_bowtie.reformat97_sorted.bam,KC:400_redbuttecreek_2019_sw_WHONDRS.S19S_0029_MT_bowtie.reformat97_sorted.bam,KC:400_redbuttecreek_2019_sw_WHONDRS.S19S_0086_MT_bowtie.reformat97_sorted.bam,KC:400_riogrande_2019_sw_WHONDRS.S19S_0066_MT_bowtie.reformat97_sorted.bam,KC:400_sangamon_2019_sw_WHONDRS.S19S_0083_MT_bowtie.reformat97_sorted.bam,KC:400_sawmillbrook_2019_sw_WHONDRS.S19S_0072_MT_bowtie.reformat97_sorted.bam,KC:400_sharkriverslough_2019_sw_WHONDRS.S19S_0042_MT_bowtie.reformat97_sorted.bam,KC:400_stroublescreek_2019_sw_WHONDRS.S19S_0089_MT_bowtie.reformat97_sorted.bam,KC:400_sycamorecreek_2019_sw_WHONDRS.S19S_0028_MT_bowtie.reformat97_sorted.bam,KC:400_teakettle_2019_sw_WHONDRS.S19S_0008_MT_bowtie.reformat97_sorted.bam,KC:400_teakettle2_2019_sw_WHONDRS.S19S_0032_MT_bowtie.reformat97_sorted.bam,KC:400_tombigeeriver_2019_sw_WHONDRS.S19S_0020_MT_bowtie.reformat97_sorted.bam,KC:400_umpqua_2019_sw_WHONDRS.S19S_0079_MT_bowtie.reformat97_sorted.bam,KC:400_whiteclaycreek1_2019_sw_WHONDRS.S19S_0037_MT_bowtie.reformat97_sorted.bam,KC:400_whiteclaycreek2_2019_sw_WHONDRS.S19S_0038_MT_bowtie.reformat97_sorted.bam
rxn05319_c1,-21.648153965633725,-11.142090680273055,-26.470603793444692,0.0,0.0,0.0,0.0,0.0,0.0,0.0,0.0,-1.5368739466496,-0.3362152370720842,0.0,0.0,0.0,0.0,0.0,-0.9612863910101016,0.0,0.0,0.0,0.0,0.0,0.0,0.0,-2.1294099520324083,0.0,0.0,0.0,-0.0152585256083682,0.0,0.0,0.0,-0.8096049880831411,0.0,0.0,0.0,0.0,0.0,0.0,0.0,0.0,0.0,0.0,0.0,0.0,0.0,-0.0040791327046752,-0.1322834934641636,0.0,0.0,0.0,0.0001673396161468,0.0,0.0,0.0
rxn10122_c1,38.53891100025565,40.25514424816449,38.9348726942238,30.290144473518303,1.9842124427117172,6.734450304321681,15.429842164699052,5.4274049190943705,12.998056984399824,5.544011655619075,14.828558637877526,20.360974857719903,7.463280140963937,5.223783338706373,6.662620495177427,3.510898345222512,1.6662988796574665,4.58309637421136,1.8906172467267608,1.2489238772787843,4.734910315592392,1.3340964923364742,1.1533410676871267,1.542175835891401,2.5564451935308963,0.7001789613163469,3.1222452836424357,1.8806731853484684,0.8249645874652431,0.5308260385904437,0.3258731833627295,0.7134634777319698,0.343783831265518,0.4034747971171519,2.074009041499142,0.4420168893467275,0.1082165475941121,0.6412826916808272,0.5440790337492805,0.2013591244924995,0.1893133267795199,0.5022781331132407,0.1519794174673935,0.1113100476617803,0.5900446458915805,0.190006408508882,0.1008164800715452,0.2180598887432623,0.0169464095573274,0.2610708499387436,0.000411185777822,0.0371173584897552,0.0495760984110269,0.002063358305256,0.1157704208522393,0.0234956230622394,0.0339554081199535
rxn14419_c1,47.32940678787641,0.0078305663564527,46.747462821932416,0.0,0.0,2.0907898444985875,0.0,0.0011078710729075,0.0,0.0011319317734054,0.0,0.0,0.0,0.0010664879340474,0.0,0.0007168710884618,0.0003265591132568,0.0,2.3923923336689272,0.0002548230457295,0.0009667454048978,0.0,0.0002354389847697,0.0003148889868384,0.0005220374329421,0.0001429338762608,3.7683126509864833,0.0,0.0001621221395916,0.000104078235067,0.0,0.0001456801731989,7.018526921725888e-05,0.0,2.2212171858695737,0.0,2.1223441586315904e-05,0.0,0.000106817039896,0.0,3.8650937749027794e-05,0.0,3.1024954483812544e-05,2.271939927726862e-05,0.0,0.0,2.058865256144828e-05,4.385045367906413e-05,0.0,0.328118712750011,8.39695164477919e-08,7.576553224136633e-06,1.0120901704099067e-05,4.3143461503212643e-07,0.0,0.0,0.0
rxn08173_c1,84.12136516571064,69.70327189832527,83.83737074595709,54.94966742340722,3.585439997774817,12.984388033276849,28.061336502693337,9.811659822900644,23.498129993816235,10.020868412220585,26.788540356301716,36.95589394169585,13.548341961224352,9.442435394775202,12.061728478231204,6.345719671339825,3.0127330141155126,8.33284941721658,4.228105512766229,2.2585070638798808,8.558349664182384,2.4065718962515272,2.0849304191601483,2.787378765600557,4.620293960375032,1.2657240722282708,6.761359259169434,3.399453487148369,1.496221726293785,0.9595335062078032,0.5908148165711091,1.289526493105714,0.6214289266427255,0.7307010363076415,4.480496333502353,0.8016532801137712,0.1956299684321932,1.154465426864684,0.9857021172390508,0.3612716963886905,0.3421956157635001,0.9080771841492352,0.2747353700576813,0.2012373855042859,1.0717369324984716,0.3437857528174277,0.1821976977829196,0.389651604971033,0.029772584826246,0.5806337277318601,0.0007431190221305,0.0671009978725596,0.0896164793483956,0.0037701399418678,0.2093090763527424,0.0428728690621984,0.0613918648567325
rxn14412_c1,0.0,47.41922882510433,0.0,38.3954835379527,2.4994581268010467,6.439813175136022,19.576114303803987,6.662742514099952,16.369205589054218,6.806178264048835,18.67200775044708,25.750480287763768,9.44713481759604,6.4129764422784525,8.397216341438915,4.31024930582242,2.0997694740701247,5.814932080426406,0.0,1.5330656841745545,5.812884975888351,1.6841093838813297,1.4158685732142375,1.8932944932942248,3.1385458392505434,0.8595581483561084,0.0,2.369482541621542,1.0396303538243574,0.667922186221848,0.4121930351859398,0.8759049379348016,0.4220442929744095,0.5148278178285057,0.3916101282654725,0.5485728870029658,0.1363760961800419,0.8024861980947916,0.685625409656752,0.2499038621580812,0.2324112626776799,0.6327966049812279,0.1865739597335854,0.1366434359499096,0.7482938837624862,0.2392569850918266,0.123773967780756,0.2652912081641437,0.0204328632547636,0.0,0.0005048164385001,0.0455656348887167,0.0608614642592543,0.002428722826241,0.1459676073544247,0.0296074781368276,0.0427967187382922
rxn14418_c1,47.32052482836952,0.0,46.7385286566815,0.0,0.0,0.3001995604839749,0.0,0.0,0.0,0.0,0.0,0.0,0.0,0.0,0.0,0.0,0.0,0.0,1.8910599030808928,0.0,0.0,0.0,0.0,0.0,0.0,0.0,3.767593287340661,0.0,0.0,0.0,0.0,0.0,0.0,0.0,1.6828650897830748,0.0,0.0,0.0,0.0,0.0,0.0,0.0,0.0,0.0,0.0,0.0,0.0,0.0,0.0,0.3280576146375425,0.0,0.0,0.0,0.0,0.0,0.0,0.0
rxn14415_c1,0.0,31.612819216736217,0.0,25.5969890253018,1.6663054178673644,4.293208783424015,13.050742869202658,4.4418283427333005,10.912803726036143,4.537452176032557,12.448005166964716,17.166986858509176,6.298089878397359,4.275317628185634,5.598144227625943,2.873499537214946,1.3998463160467498,3.876621386950937,0.0,1.022043789449703,3.8752566505922337,1.1227395892542198,0.943912382142825,1.2621963288628164,2.092363892833696,0.573038765570739,0.0,1.5796550277476946,0.6930869025495716,0.4452814574812319,0.2747953567906265,0.5839366252898677,0.2813628619829396,0.3432185452190038,0.2610734188436483,0.3657152580019772,0.0909173974533613,0.534990798729861,0.4570836064378346,0.1666025747720541,0.1549408417851199,0.4218644033208186,0.1243826398223903,0.0910956239666063,0.4988625891749907,0.1595046567278844,0.082515978520504,0.1768608054427624,0.013621908836509,0.0,0.0003365442923334,0.0303770899258111,0.0405743095061695,0.0016191485508273,0.0973117382362831,0.0197383187578851,0.0285311458255281
rxn05468_c1,23.67802633319853,15.822070741081015,23.38713265884257,12.807380616536028,0.8337356166271744,3.1940852256981693,6.529911835352711,2.223129913512465,5.460221299675435,2.270989951563089,6.228356160049958,8.589472916867846,3.151236928775877,2.1397917899609125,2.801032918688513,1.4381835107843968,0.7005762762498886,1.9396587091916409,1.1968601513656627,0.5115315408163106,1.9395618161059125,0.5617573297834599,0.472427069040952,0.6317279424050851,1.0472260212827322,0.2868052505378911,1.8852353709619756,0.7903802768748635,0.346867695553969,0.22284888521075,0.1374937767243857,0.2922596729913317,0.1408218015299043,0.1717264459119811,1.2418445671807188,0.1829916721014242,0.0455011456098532,0.2676839373305065,0.2287554372987094,0.0833592920301412,0.077547722768058,0.21107981223973,0.0622533698201627,0.0455932507818577,0.2496045966288982,0.0798081887172383,0.0412991665653749,0.0885181036287393,0.0068158878889088,0.164151003543708,0.0001684400851995,0.0152036980693538,0.0203073965564929,0.0008104371446437,0.0486899466975699,0.009876121340959,0.01427555481444
rxn05467_c1,-26.311988126934622,-22.772133001723585,-24.293381199966404,-22.92397019131902,-1.4694149404569976,-5.144592785704379,-11.731359781840837,-3.9711043957275054,-9.615000617702012,-4.06165114918345,-10.961038601825392,-15.480802603754642,-5.6649707239443385,-3.8257867827821936,-4.946587684619757,-2.573044506923688,-1.2369827476709825,-3.478646460758926,-1.43198062156646,-0.9115005130931448,-3.4690788870285942,-0.9663360489477116,-0.8441316895187009,-1.1302311255794832,-1.874581341339095,-0.5124984113031882,-2.0144493421887364,-1.3938723287192656,-0.6126365668147122,-0.3914248741323587,-0.2459183032956139,-0.5229185115462472,-0.2517463119152681,-0.294030421236725,-1.5483788921220576,-0.3292449014443793,-0.0803540025995015,-0.4651732005122075,-0.4039719979745236,-0.1474505490632099,-0.1386635310469691,-0.3721846458711483,-0.1112422403021363,-0.0814063837702036,-0.4467927397434326,-0.1404684389698192,-0.0739563333032259,-0.1500396117213331,-0.0107417415355114,-0.1921132566409511,-0.0003015849339373,-0.027157056203846,-0.0362971828077189,-0.0012970190356955,-0.0871017100726056,-0.0174366108808576,-0.0252089407739602
EX_cpd00001_e0,100.0,54.2629679089573,37.40276010287048,40.39650064553364,3.881723348172074,24.632751612756284,5.29786723868423,14.691761225211923,16.74244670455479,11.918486150481232,3.981034074271149,19.70861116047055,33.87755221158138,9.35624392142578,5.903839607883447,7.601642641346694,3.870472679209756,1.4006479182916909,14.271437266324217,3.445110947315796,3.610215850099877,5.335355087237225,3.2823636785837778,2.6331446955100004,2.615592773042303,2.496967958520541,4.236459448767157,2.111711517205174,0.8961597314704909,1.6245773312914111,0.0265921594373205,1.0914568631734334,1.3404857234694094,0.7668642314046494,1.6547563518223871,0.5543252638742324,0.0467566907257597,0.7475369794277448,0.1605533320981333,0.3915716349134648,0.4804196092436156,0.2751280189367571,0.4108928542487066,0.3691444925309717,0.1980664789369594,0.0217380740599843,0.2792522761792271,0.3387169336806889,0.0539676104452677,0.5672806046709127,0.1822518825019886,0.1531006830613114,0.1600578954810818,0.0056629719315156,0.0798558253814993,0.0104262474066426,0.0071524416152939
EX_cpd00011_e0,84.35338454706756,100.0,100.0,94.03197400549485,82.6493435827891,91.39639505677638,87.48438093002453,54.35473698400239,58.95355423849291,42.10861842614683,59.70408011634873,42.78918267810852,38.462415336704346,28.271571466319337,28.37552340007472,22.111125683321827,25.792305619085237,23.85052514747015,11.531950250079682,14.970115748269532,13.844783432174804,14.433340128847837,11.204918008833566,10.59975177241597,9.406101614860624,7.4644328703450995,9.038709644235976,6.983769441370693,8.684799595539571,5.203925001878902,5.862731254614908,4.336096584856654,3.659338321608666,4.159830988615691,3.5204097367895595,3.1235746588462545,1.9610176927909893,2.760537158579869,2.679599887183629,2.314125857197782,1.5886931042512191,1.8419611497034167,1.3325073332747956,1.1532410668032702,1.2765416240412513,1.3774819553446205,0.75973001746601,0.9381311306020604,0.7612852849681596,0.6759409816446724,0.5269653397835898,0.4951914142637451,0.446829654868252,0.5963849035810103,0.4726321990722696,0.4944253774322425,0.3737518127122112
EX_cpd00007_e0,-91.2727000464393,-76.2702972422597,-72.82178980052166,-68.02735644689287,-52.73737272135258,-46.12752547215948,-40.14838550678129,-31.946582273083884,-38.9856914749877,-23.407546511281417,-26.763004739523524,-25.773436551472592,-26.425471875704147,-17.619912662871222,-19.262210972069536,-14.647045187349686,-13.11383131375847,-13.283107399586648,-12.592471909402262,-9.885413518771037,-7.589478395781432,-10.00750399491884,-6.509044497364723,-6.158817076473951,-6.22396029010268,-5.313203726094923,-5.610220792782726,-4.662965180433405,-3.9471980560395967,-3.0048212888305805,-3.818820665189557,-2.610677268390196,-2.5163469005175827,-2.722297114676457,-2.638323782728278,-1.7170444195925536,-1.4368035026925765,-1.8104975102510403,-1.3654444522672398,-1.3462335008252375,-1.0154660360146652,-1.1840729370301395,-0.8209856612747033,-0.7446755311796573,-0.8192612408405474,-0.6578322364347842,-0.4474681685882031,-0.6338055705837243,-0.4895289379174543,-0.5227047239908604,-0.2878607201181949,-0.3061363708225999,-0.2786380107921472,-0.2898346383778984,-0.3054100285326168,-0.2296351552429255,-0.1851223895101186
EX_cpd00080_e0,-36.8805779124932,-26.8225799894018,-9.646332477392114,-4.597912983545707,-5.5483496333992814,-4.474805027702027,-4.937982423381857,-19.076828409887167,-2.924916594417102,-17.071991412050405,-2.219301837194541,-6.335381840376621,-2.0414604613293745,-9.075221467895808,-3.8189549430799055,-7.761080652540315,-2.927080622495587,-1.8939574585642247,-5.977194550106441,-4.313874307052887,-5.02620257352263,-0.7012381166561868,-3.96949351279082,-2.8963656643473508,-2.0876371025190474,-2.530219039485937,-0.7915490918528867,-1.38813781462202,-0.4563553766356187,-2.029263059609723,-0.2124795496915124,-1.4424708988159782,-1.072531156817187,-0.1539195947392465,-0.1936443462848543,-0.8079333918423314,-0.6793438615381006,-0.1304677417535184,-0.38113267933167,-0.189603942824613,-0.5403672456177764,-0.0704562636277425,-0.4692572698413514,-0.4188807580413797,-0.1387548408776689,-0.0563066316631091,-0.4251372677528708,-0.0652059287494651,-0.1440727623903038,-0.0732452414049708,-0.2774555681544519,-0.1984184430379152,-0.1737847493972553,-0.0351973162647061,-0.0153552574346151,-0.0276437071937716,-0.0689562218738718
EX_cpd00067_e0,10.190151273232214,18.302990032931664,0.0,0.0,0.0,0.0,24.05919268316029,4.9113477440303495,0.0,21.58605085953777,11.435490874387874,1.2189262166325374,0.0,7.536679680697206,0.0,3.806137509780621,0.0,7.512384644919009,0.0,2.871837740276949,7.96957254411262,0.0,0.81363465348665,0.748087057450406,0.3075535709444125,0.6005410505093272,0.0,0.0,1.1366102194548522,1.488788412583324,0.0,0.5613855277558163,0.624100340792645,0.0,0.0,0.616877972155958,0.0,0.0,0.1724059464914333,0.4240568913052859,0.485957058550117,0.0,0.2716616192655628,0.2683887651375012,0.1344946808501686,0.256744605004382,0.7184358019399413,0.0,0.0,0.0,0.2332404311573622,0.1170270572229209,0.0953634518135951,0.0059158416542688,0.0,0.0489426828872104,0.1045584616950873
EX_cpd00013_e0,6.778630294006891,30.252179100853343,39.59213331594498,38.10914694995824,39.81089492229383,12.419212685611209,21.82744240784909,13.69457028175607,26.76394975639633,8.879914844165116,12.710636492134396,4.496259483365549,0.908421535679396,4.308310995813622,13.710841831277053,5.014166096745619,6.06394583720532,10.149497486723634,0.1481122390806181,5.257919773179486,2.481535348516993,6.445067489305515,2.663928079281081,2.8786873757301965,3.055966157638328,1.3658152562544503,1.244454768437611,2.8382430064945594,1.737815532903143,1.1501916061102342,3.1276548880861568,1.1979489964811956,1.074319955958623,2.009235315437077,1.054095962615467,0.7299897224372044,0.3992487235076156,1.2721105288739905,0.7800535418835106,0.967976570864861,0.3736386314621825,0.9247031094580438,0.3784012364434249,0.3072075295935959,0.5736479404615895,0.3840037736569757,0.1330101900855034,0.3894114781239505,0.3643811475040726,0.0626874134721623,0.0708940098895656,0.1187939469994589,0.0835362502090575,0.1650298990660517,0.2289110972372143,0.1371418621627739,0.1092003507885386
EX_cpd00009_e0,29.38732889830992,18.132347098397297,0.5893665558234992,1.207549947317551,2.8548351401537944,2.006279197787441,2.553278025450648,16.867174213865283,0.7609659338541676,15.068232651728032,0.3209547035047098,4.723990487521097,0.0,7.8204724959427665,2.683066704879525,6.824584248159944,2.1306647042391686,1.141209856265994,5.3436070720118325,3.713066225303163,4.309425483713554,0.2248903001974095,3.5220714143068395,2.4698712736180664,1.6546543792296022,2.1407810708450308,0.0646236618091667,1.0845079103045776,0.2194525584504043,1.8214176434414289,0.0379774875488521,1.2576484322538677,0.9194136744953064,0.024049974764859,0.0465489235150066,0.6926316343503436,0.5855921917460127,0.0166455609956655,0.2900835528333694,0.1172975559053775,0.472591680274634,0.0,0.4143278039155201,0.3705453306648862,0.0910991319955099,0.0150888440087602,0.3873710875063316,0.0176783243509808,0.116444450738881,0.0387313489369795,0.2565297608810997,0.175076214462559,0.1636485497600849,0.0053354677225594,0.0,0.014653703277352,0.0568695310771241
rxn05319_c2,-34.66690220402863,-15.464584370112666,-8.978071890702333,-35.687986868016665,-5.156474680700684,0.0,-0.9486350815051368,-11.866520260641847,-15.054095220918292,-10.744711414461776,0.0,-13.381832904367732,-32.23626560468003,-5.535508543795558,-1.176155490338768,-4.599656900538406,-0.0306467185758729,0.0,-0.8058262611632331,-2.632776292463504,-3.0501268620613917,-5.330789229784596,-2.5023550923309035,-1.7153234451275132,-1.1940963979798678,-1.5323724028468764,-1.9078058287498183,-2.106548953950906,-0.3601670493449509,-1.2934653385810204,0.0,-0.8895519235671978,-0.6686197124300151,-0.6452125282125848,-0.8400061719157839,-0.103710045876436,-0.4286125976528998,-0.7084356668308248,-0.1119080722737528,-0.2218447743498736,-0.33183325706753,-0.0456627270467131,-0.2935397265385628,-0.2638572132469843,-0.0420401789866937,0.0,-0.2750369738248683,-0.3339211469027062,-0.0435711507557887,-0.0735754802479997,-0.1811711110117277,-0.1239180434405838,-0.1014688202493069,0.0,-0.0644424296418268,-0.0068618112080641,0.0
rxn05578_c2,21.134693525451844,16.226835993545976,0.9540565767888308,2.48797777380329,3.042733664683701,1.569565516582344,3.734705482925195,18.00999698005979,1.562973800819517,16.209536385983203,1.3437439372769553,5.414998633850905,1.5520746120471478,8.401324901244596,3.3580888208037303,6.980968731226498,2.300985847780592,1.650622853978685,0.060612896866034,3.9958043331125097,4.62394456116215,0.481904048671913,3.795941616078091,2.5999613355171105,1.810718734281992,2.3257047341110244,0.1371969829219086,1.2003933908433406,0.4014770733532184,1.957710201122639,0.0814405619611706,1.345712857520387,1.0138898680671526,0.0778416189206424,0.0701893693549893,0.7517534387987455,0.6300369648054572,0.0741237451477926,0.314140530076633,0.1613858975730449,0.5031894378431213,0.0419411948064711,0.4447746138312951,0.3994696712861342,0.116963103168628,0.0356369667618323,0.4147993950649801,0.0331915996761651,0.1240128593574761,0.0242191286646895,0.2749661308056317,0.1879083825669615,0.1538665505412654,0.0185689881402191,0.0062080358794488,0.0186274322505583,0.0602241163831393
rxn05466_c2,2.4482968531187588,4.089736089072369,-1.641939579653466,-10.946983207933052,-21.37023525133364,-8.590755676012941,-17.429319920851665,-4.478446606377979,-10.522860896179283,-4.042431866412249,-9.539539128884767,0.0,0.5445060523331751,-2.089111121712853,-1.4708588809369247,-1.7359189875604717,-1.93476795099858,-5.706498055543585,-0.1479463659847193,-0.9936146227670736,-1.14994795063248,-2.8232036452546554,-0.9441873795041734,-0.6466577161119493,-0.4502462170728356,-0.5783201677073325,-0.6582418167094903,-0.6312795481922329,-1.4227469023973685,-0.4873185225897029,-0.7903487268135485,-0.3350718132982038,-0.2521098771349114,-0.5797495815167356,-0.3960769091124956,-0.5100161184375868,-0.172558308878521,-0.5004253426423374,-0.1563636894129563,-0.4171812658830874,-0.1251211116174331,-0.1246487615493617,-0.1107035716812558,-0.0994739416377477,-0.0584357417602085,-0.1849360850729859,-0.1034626639267908,-0.2096324720582085,-0.0617101688449762,-0.0261067906015574,-0.0683743110417375,-0.0467245612503143,-0.0382598528438608,-0.0601939378527835,-0.0393671770822717,-0.0629975914361538,-0.0520844176645295
rxn01301_c2,0.0,0.0,0.0,0.0,0.0,0.0,20.08871732833373,0.0,0.0,0.0,0.0,0.0,0.0,0.0,0.0,0.0,0.6061819299410658,0.0,0.0,0.0,0.0,0.0,0.0,0.0,0.0,0.0,0.0,0.0,0.0,0.0,0.0,0.0,0.0,0.0,0.5339769880867109,0.1099695295147279,0.0,0.0,0.0,0.0,0.0,0.1506581315630937,0.0,0.0,0.0,0.0,0.0,0.2567241121253507,0.0,0.0,0.0,0.0,0.0,0.0,0.0,0.0690205424538339,0.0176434947245588
rxn00747_c2,-20.747788179088992,-15.981171685138507,-0.888130030985945,-2.105137267748894,-2.8203504795032543,-1.4433184860176356,-3.40462028194701,-17.640473439058212,-1.378142483667986,-15.94736562139662,-1.2068299601404444,-5.305438436671025,-1.3685321913669604,-8.22894911850294,-3.302540487005979,-6.83773537654908,-2.256018433782049,-1.5594052902392792,-0.054855876691834,-3.9138196571597055,-4.530122503502864,-0.4254678241060199,-3.7196731045954063,-2.5475790274986485,-1.7735682240540984,-2.277986644561961,-0.1211297185789742,-1.1760043589883544,-0.3752398284828072,-1.920649628991547,-0.0718565744446353,-1.3207930271132011,-0.99308789302793,-0.0686363661219288,-0.061929430775336,-0.7339931891785942,-0.6199626892771792,-0.0653899885299539,-0.3070195514825699,-0.1527860686848668,-0.4928655018263155,-0.0396313312646332,-0.436267171063798,-0.392106566643516,-0.1149566217766035,-0.0321948030741137,-0.4081945585480367,-0.0287081689199444,-0.1213746243473523,-0.022825300142329,-0.2693244608806841,-0.1840530669089893,-0.1507096710373481,-0.0176449132025002,-0.005477469476933,-0.017589587987189,-0.0590414259332677
rxn10122_c2,43.78938739731287,31.572496223397355,13.202335451442517,59.21014556072349,42.72111777857661,29.11897110991837,61.35175084461778,46.749370788118114,37.04729629598597,42.19957214860554,31.40760986468248,17.73103021736866,39.14447925056726,21.8077023196941,9.818415238039892,18.1208190116689,8.163077837898417,20.34877095750664,1.1553290333433313,10.372091598475428,12.004484704630428,11.50490804043029,9.856133114334764,6.750560021370944,4.700189972246861,6.036937878391416,3.209054481511635,3.61849268361856,5.65550927269396,5.08719350949201,1.893855133734735,3.497866538636565,2.6318140419205363,1.8215223960749627,1.6505930631967765,2.4756531313186287,1.6877485354340656,1.7474412957751078,0.9422406634624096,1.933957254483314,1.306158656843306,0.5218501610852804,1.1556065696363604,1.0383833034329069,0.3521311903855244,0.8022756090250687,1.0800627679942942,0.7766061033311773,0.3723114051086105,0.239406514845905,0.7137421298537043,0.4877649293182911,0.3994005276612128,0.2080279063500054,0.1471236130531848,0.2317122047851968,0.215833490357479
rxn11040_c2,0.6942575066306154,0.5328511831416571,5.28839390787903,24.230715484756868,8.871492292220868,7.489830999324867,16.073086018148157,0.8015045298920103,11.4787779655891,0.0,8.517900306336164,2.418427142738521,17.81129911699389,0.0,0.1558922048446014,0.0,0.1293626724457945,4.759656880995677,0.4465639829216387,0.0,0.0,3.8666499018819183,0.0,0.1157318897171284,0.0,0.0,1.2470000701912276,0.0580440369754385,1.5883695046510615,0.0872150630979219,0.1555162056925385,0.0599675735365876,0.0451199324931939,0.5124571780815584,0.5672328793626247,0.0395164764535038,0.0,0.5409042186953965,0.015445556147616,0.5416934111736138,0.022392839875254,0.1462768925393137,0.0,0.0,0.0057722642243438,0.1856064263823452,0.0,0.2523389956761489,0.0060957111037246,0.0861350123135141,0.0,0.0,0.0,0.0422601255849892,0.048050211689082,0.058015592712417,0.0034023748236106
rxn01476_c2,0.6942575066306154,0.5328511831416571,5.28839390787903,24.230715484756868,8.871492292220868,7.489830999324867,16.073086018148157,0.8015045298920103,11.4787779655891,0.7234712697244197,8.517900306336164,2.418427142738521,17.81129911699389,0.3738867903696803,0.1598019603756029,0.3106762353879321,0.1293626724457945,4.759656880995677,0.4465639829216387,0.1778265302930255,0.2058053991889403,3.8666499018819183,0.1689805703302815,0.1157318897171284,0.0805802579038604,0.1035015653609011,1.2470000701912276,0.0580440369754385,1.5883695046510615,0.0872150630979219,0.1555162056925385,0.0599675735365876,0.0451199324931939,0.5124571780815584,0.5672328793626247,0.0395164764535038,0.0289817690057882,0.5409042186953965,0.015445556147616,0.5416934111736138,0.022392839875254,0.1462768925393137,0.0198125426015765,0.0178027833837129,0.0057722642243438,0.1856064263823452,0.0185166422870639,0.2523389956761489,0.0060957111037246,0.0861350123135141,0.0122369037402724,0.0083622628091647,0.00684733972795,0.0422601255849892,0.048050211689082,0.058015592712417,0.0034023748236106
rxn01302_c2,0.0,0.0,0.0,0.0,0.0,0.0,-20.08871732833373,0.0,0.0,0.0,0.0,0.0,0.0,0.0,0.0,0.0,-0.6061819299410658,0.0,0.0,0.0,0.0,0.0,0.0,0.0,0.0,0.0,0.0,0.0,0.0,0.0,0.0,0.0,0.0,0.0,-0.5339769880867109,-0.1099695295147279,0.0,0.0,0.0,0.0,0.0,-0.1506581315630937,0.0,0.0,0.0,0.0,0.0,-0.2567241121253507,0.0,0.0,0.0,0.0,0.0,0.0,0.0,-0.0690205424538339,-0.0176434947245588
rxn00558_c2,-0.6942575066306154,-0.5328511831416571,-5.28839390787903,-24.230715484756864,-8.871492292220868,-7.489830999324867,-16.073086018148157,-0.8015045298920103,-11.4787779655891,-0.7234712697244197,-8.517900306336164,-1.4021622361920845,-12.879070629995326,-0.3738867903696803,-0.1598019603756029,-0.3106762353879321,-0.1293626724457945,-4.759656880995677,-0.4112524765643265,-0.1778265302930255,-0.2058053991889403,-3.8666499018819183,-0.1689805703302815,-0.1157318897171284,-0.0805802579038604,-0.1035015653609011,-1.2470000701912276,-0.0580440369754385,-1.5883695046510615,-0.0872150630979219,-0.1555162056925385,-0.0599675735365876,-0.0451199324931939,-0.5124571780815584,-0.5672328793626247,-0.0395164764535038,-0.0124408488805786,-0.5409042186953965,-0.015445556147616,-0.5416934111736138,-0.022392839875254,-0.1462768925393137,-0.0198125426015765,-0.0178027833837129,-0.0057722642243438,-0.121386756368405,-0.0185166422870639,-0.2523389956761489,-0.0060957111037246,-0.0861350123135141,-0.0122369037402724,-0.0083622628091647,-0.00684733972795,-0.0422601255849892,-0.048050211689082,-0.058015592712417,-0.0034023748236106
rxn00604_c2,0.6942575066306154,0.5328511831416571,5.28839390787903,24.230715484756868,8.871492292220868,7.489830999324867,16.073086018148157,0.8015045298920103,11.4787779655891,0.7234712697244197,8.517900306336164,2.418427142738521,17.81129911699389,0.3738867903696803,0.1598019603756029,0.3106762353879321,0.1293626724457945,4.759656880995677,0.4465639829216387,0.1778265302930255,0.2058053991889403,3.8666499018819183,0.1689805703302815,0.1157318897171284,0.0805802579038604,0.1035015653609011,1.2470000701912276,0.0580440369754385,1.5883695046510615,0.0872150630979219,0.1555162056925385,0.0599675735365876,0.0451199324931939,0.5124571780815584,0.5672328793626247,0.0395164764535038,0.0289817690057882,0.5409042186953965,0.015445556147616,0.5416934111736138,0.022392839875254,0.1462768925393137,0.0198125426015765,0.0178027833837129,0.0057722642243438,0.1856064263823452,0.0185166422870639,0.2523389956761489,0.0060957111037246,0.0861350123135141,0.0122369037402724,0.0083622628091647,0.00684733972795,0.0422601255849892,0.048050211689082,0.058015592712417,0.0034023748236106
rxn00154_c2,16.492840505506695,10.75268490975997,2.385529510388937,10.9879083677803,16.234349424560435,9.191462415594426,18.93007267415957,20.14500551285326,10.615479251852332,18.20806026742455,9.774906872938724,6.319672412316458,5.309935877058805,9.397266231539476,4.383374851389952,7.808532879340167,3.872196970009728,6.619636467960957,0.2243811438102959,4.469489939834918,5.173220831716103,2.9871111986969496,4.24770163401294,2.909216696341878,2.025364480853914,2.6014071374808188,0.6717697997272688,1.7287146571720071,1.6240786583125382,2.193178248232457,0.8173706943320355,1.508179006491602,1.1340781356057212,0.5779029579204585,0.4192030681404753,1.1466896491002738,0.7376867321316872,0.5038538727796914,0.425344519208311,0.5490551941672012,0.5628383885653169,0.1481077068410046,0.498177174761177,0.4477364980093935,0.159176653190326,0.2569631892353666,0.4660551479488111,0.2110637357265175,0.1680725103101712,0.0464253043109953,0.3075621959881636,0.2101833689022641,0.1721061589288556,0.0714546067427034,0.0396609708583756,0.0732341616024635,0.1018887493746821
rxn14426_c2,43.97132634171411,0.0,13.349486785361714,59.9397896037372,43.28325494696601,0.0,0.0,0.0,37.43650448980511,0.0,0.0,17.975574034477972,39.53097335309838,0.0,0.0,0.0,0.0,0.0,1.1698815500565882,0.0,0.0,11.654694747499612,0.0,0.0,0.0,0.0,3.2496690921629434,3.680142944161402,0.0,0.0,1.918081406058577,0.0,0.0,1.844791307968544,1.6714724227601776,0.0,0.0,1.7695183660831466,0.0,0.0,0.0,0.0,0.0,0.0,0.0,0.0,0.0,0.7863381015579596,0.0,0.0037109578676155,0.0,0.0,0.0,0.0,0.1486620018628854,0.0,0.0
rxn08173_c2,81.30448137125484,47.55645446134904,24.82427843403355,112.2697323010195,85.11136747444,47.17070643508501,99.295895966864,73.31343893061053,72.3769448824753,66.17410529722416,51.13556551836104,33.46533524153962,73.26245015941447,34.199340553224744,15.73691735177059,28.41748531773369,13.36892936229484,33.1720180721067,2.1853987748326213,16.26575269716347,18.824504478047896,22.271089980465504,15.45661473059664,10.585706132193422,7.370474398297864,9.46726488536671,6.106737303066788,6.981521598947808,9.091191258799055,7.977343414265008,3.969143009753384,5.485083778296598,4.127007234089167,3.589265621951768,3.1768733702214176,4.022220053061665,2.653627573722706,3.4183452320084635,1.5115758891907891,3.094493415097653,2.048216986382076,0.8353476995226804,1.812248811964345,1.6284165887028952,0.5649013440609649,1.3284510103601068,1.693670899912846,1.512823274462634,0.5974099950739115,0.3707265382553125,1.1193068305965936,0.7648752380554237,0.6263090175451778,0.3403399734908856,0.2860063903498525,0.3753045982977346,0.3527492430928994
rxn14412_c2,0.0,31.77008794309535,0.0,0.0,0.0,29.253648609507145,61.63799226082517,47.33605085300062,0.0,42.72913393601019,31.75369914008341,0.0,0.0,22.08137753705357,9.942401885842852,18.348225778739057,8.276745850857333,20.57934946525776,0.0,10.502255903777852,12.155128800136168,0.0,9.979822411485223,6.835272696141931,4.759172584536847,6.112698280007057,0.0,0.0,5.710790619049997,5.151032623269589,0.0,3.541761212492033,2.6648406362008807,0.0,0.0,2.5045781443473056,1.7089624219270296,0.0,0.9535464010407744,1.955695784111405,1.322549621910824,0.5267141518361029,1.1701088255132508,1.0514144688488436,0.356356334752598,0.8095239386500122,1.0936164592003124,0.0,0.3767733040155576,0.2383520122442285,0.7226992189437328,0.4938858839785301,0.4044125987924985,0.2089942367185545,0.0,0.234335653293528,0.2174629310228037
rxn14425_c2,43.97132634171411,0.0,13.349486785361714,59.9397896037372,43.28325494696601,0.0,0.0,0.0,37.43650448980511,0.0,0.0,17.975574034477972,39.53097335309838,0.0,0.0,0.0,0.0,0.0,1.1698815500565882,0.0,0.0,11.654694747499612,0.0,0.0,0.0,0.0,3.2496690921629434,3.680142944161402,0.0,0.0,1.918081406058577,0.0,0.0,1.844791307968544,1.6714724227601776,0.0,0.0,1.7695183660831466,0.0,0.0,0.0,0.0,0.0,0.0,0.0,0.0,0.0,0.7863381015579596,0.0,0.0037109578676155,0.0,0.0,0.0,0.0,0.1486620018628854,0.0,0.0
rxn14415_c2,0.0020468889188241,21.180058628730237,0.0,0.0020253842364454,0.0015604098607772,19.50331825169204,41.09199484055012,31.557367235333743,0.0012969173439515,28.4825600850828,21.169132760055604,-0.0015375156344619,-0.002575746928599,14.720918358035712,6.628267923895234,12.23215051915937,5.517830567238222,13.718286206320284,0.0,7.001503935851901,8.102415249283329,0.0,6.653214940990148,4.556283905902332,3.1723886399698635,4.075132186671371,0.0001127401682644,0.0,3.806846176688413,3.4335963001780683,0.0,2.3608816104930272,1.776340322072278,0.0,5.795802231471693e-05,1.6695259953682968,1.1393082812846864,0.0,0.6356976006938495,1.3037971894076033,0.8815905121782106,0.3511427678907352,0.7800725503421672,0.7009429792325623,0.2375708898350653,0.5396488870082068,0.7289873124003907,0.0,0.2511822026770384,0.1589087154241271,0.4817994792958218,0.3292164635646305,0.2695749968048,0.1393294911457029,0.0,0.1562092042501832,0.1449752873485358
rxn05468_c2,22.01738994909883,10.609524297648118,6.681682255801806,30.001288257533503,21.665813826325067,9.764946806155155,20.57423884472541,15.808007597618216,18.73835446373381,14.267749084471369,10.598976771701215,8.998549626680221,19.78351690504939,7.374138264208242,3.319980503429885,6.127441712741343,2.763648168177809,6.868743882046796,0.585546709625455,3.507257959364117,4.058737255697533,5.8332873670037815,3.332789822149655,2.2823761393933237,1.5891424428951857,2.0413528190675847,1.626582018689571,1.8426384525228456,1.906029858431094,1.7199890151014667,0.9600494314060024,1.182634789008969,0.889820926498456,0.9233645199909174,0.8366345607259669,0.836208754158446,0.5707144725326625,0.8856784234016558,0.3184138940699398,0.6528037389790228,0.4416145243066462,0.1758145003827553,0.3907611401972513,0.3511228252526405,0.1189966299502752,0.2701867361493207,0.3651711091988269,0.3935742696522036,0.1258141200533589,0.0814204455654939,0.2413474410726235,0.1649141749402371,0.1350380163288919,0.0697620057800751,0.0744078940889119,0.0782138367163579,0.0726121235335744
rxn05467_c2,-19.77494199226344,-12.489787620376095,-8.643472814459885,-39.934024049876754,-30.16762086747361,-19.554867631561457,-42.14597692787415,-27.201963725017645,-26.22018827071731,-24.57796377730802,-22.308771906703345,-10.25654425309468,-24.58069401075616,-12.689204526728602,-5.56134015479993,-10.543925043549654,-5.1324292565965335,-13.673291645416372,-0.8257654330521113,-6.035188381316099,-6.985263119374573,-7.70255834914987,-5.735514589541918,-3.928194230578112,-2.73484457927533,-3.512701078319664,-2.285416478629636,-2.522914659466267,-3.768529894226367,-2.961075412626821,-1.192088033979129,-2.036171855876482,-1.5313428624601666,-1.317841368563333,-1.152174346401057,-1.494617967187173,-1.0200228986081394,-1.240936105608019,-0.5613370685106203,-1.2831182599777498,-0.7599992645901179,-0.3460539590361371,-0.6726194642325707,-0.6044835826652947,-0.2099993571197179,-0.5291353745796725,-0.6290875026967169,-0.5420550883403599,-0.2210914188689494,-0.1466908111004407,-0.4153037184883756,-0.2838100759295609,-0.232394514792732,-0.1382035788853817,-0.1032193314931752,-0.1573501331735108,-0.1350310375059975
EX_cpd00106_e0,0.0,0.0,0.0,0.0,-3.4143275152703083,-20.013937830086697,-10.850570635732003,-4.104178457264588,0.0,-2.561890411122189,-9.323138245356809,-5.337569096136454,-3.774153699000119,-3.565130392035145,0.0,-0.6568813660802966,-4.059865809993625,-0.3295862524882488,0.0,-0.121025874213572,-1.432673282785739,0.0,-0.7864748512756126,-0.5227413249054643,-0.0597727958280241,-0.8035875684397541,-1.2731229538793454,0.0,-1.3995336215909524,-0.3973067619770816,-0.0283916492567135,-0.1894387248364699,-0.0428703878211852,0.0,-0.0032740898213356,-0.3681079805224863,-0.3083553063765398,0.0,-0.2630212371324368,0.0,-0.0635893343849721,0.0,-0.0225603596797478,-0.0238223728746097,0.0,-0.1348312525830601,-0.0118237449203591,-0.0049614154581119,0.0,-0.0001149704761356,-0.0435190996811364,-0.0247580783593173,-0.0180333483273277,-0.0710677753326871,0.0,-0.0611249879773715,-0.0362241110690352
rxn00935_c3,-7.349638425264494,-20.7612116781022,-14.694485884329596,-7.571968247858371,-0.3490492445302512,-8.046946875416763,-1.5787477228754143,0.0,-7.52183139609869,0.0,-0.0447024015172101,0.0,0.0,0.0,-5.830158427759793,0.0,0.0,-1.8494668076684224,0.0,0.0,0.0,-1.8747515927577865,0.0,0.0,0.0,0.0,-0.2206765417293648,-0.8284615010097581,-0.0382264850115146,-0.1162861337228826,0.0,0.0,0.0,-0.5425783399807135,0.0,0.0,0.0,-0.2688923724044788,0.0,-0.1782876510332808,0.0,-0.3659467074951676,0.0,0.0,-0.1718642631933073,-0.0627484897246665,0.0,0.0,0.0,-0.0097319460383193,0.0,0.0,0.0,-0.0033661331843949,-0.0856254067087623,0.0,-0.029205143325627
rxn05319_c3,-42.64314965786642,-24.364495949409296,0.0,0.0,0.0,-24.58419633045815,-4.002194260479987,-1.834296208548185,-1.6745785138617082,-1.0090042398636228,-3.7446795092237615,-4.95433439714299,-1.3754161846407595,-1.71728040137712,-4.679934857887568,-0.7221730461960072,-2.3953706815437763,-1.33261254212695,0.0,0.0,-0.405102917313304,0.0,-0.3479895407942206,-0.2120767816520627,-0.1822952174799478,-0.3046066309957846,-0.1970338153408176,0.0,-0.3435201216349419,-0.1007259436990373,-0.0037539580535318,-0.0922589754459923,-0.0821176767778729,-0.1118263388020251,0.0,-0.3685188022609644,0.0,-0.0051960743229149,0.0,-0.1188325777093878,-0.0586389838998929,-0.2217583609507195,-0.0444549322472646,-0.0438948212498493,-0.1331888392597826,0.0,-0.0007358654688609,0.0,0.0,-0.3605548299272897,0.0,-0.0126854589443579,-0.0191161518675743,0.0,-0.0010177236797948,0.0,0.0
rxn05466_c3,-0.2487558702264399,-30.564845251816077,-35.60658885310593,-22.819595114715145,-1.8533031063490932,2.506623691338156,-0.1082905179770313,-1.810506879859297,-12.422755094738026,-0.9847315851128248,1.369170756991737,-0.585139062593078,-0.0804581257150741,-0.1428244964939858,-10.362729333954364,-0.0598573183199542,0.0,-3.0803079137476543,-0.0089081429424867,-1.2091491117847168,-0.101758822952997,-3.251899655031091,-0.3418741330626726,-0.2072723786648395,-0.1762868626834021,-0.0253320386490614,-0.6168209872528143,-1.6791976574304903,-0.0124616859151975,-0.1834499498401959,-0.7620172659716629,-0.0901365218468768,-0.0803190382864909,-0.9581524092569592,-0.2861654120381345,-0.0042586631797247,-0.0017643295934678,-0.5410378210035199,-0.315887269751142,-0.3203534104938876,-0.0048742716560336,-0.6574457585684855,-0.0436730092364455,-0.0431774134352282,-0.3402294696072885,-0.0663078839611376,-0.0010392631312256,-0.0947252508889922,-0.035225545766552,0.0162276236315975,-2.490930804435844e-05,-0.0125209388679436,-0.0015901583530053,-0.000448522612614,-0.1564370927980786,-0.0571825816267108,-0.0272241126150421
rxn00248_c3,32.9143853218695,53.30583423071274,39.55961308805771,18.518097629476884,1.2472719817720488,27.81797068580814,17.715139072595875,2.10481117248468,14.942879725660069,1.1328899419775014,12.928679029458126,3.926552199501241,2.145758782955536,1.9227287147992187,11.498027016059591,0.8048373420079588,4.229840163447552,3.688192356317556,0.6128841306483999,0.791555159815305,1.3449627986100083,3.656994517450861,0.3968067993062069,0.2401445888850186,0.2034869087322579,0.3410159080195988,3.151989710196708,2.064792529642547,2.0314677306021087,0.2327825091530913,0.327390063301289,0.1044185786604043,0.0930820578211143,1.151746206899353,0.2220602719978071,0.4622823697785264,0.0010431853573695,0.6806710241227959,0.6089829581423636,0.356500266315546,0.0656056300728571,0.8959038841442561,0.0506901525903822,0.0501368704680679,0.3608303508444097,0.2857092976854109,0.0028392991105292,0.0605981194794479,0.0538761683159384,0.0828757893469877,2.0070420275832645e-05,0.0145562617366543,0.0214083552028341,0.0777874668182322,0.2175652122301775,0.1258566446915215,0.0919739174253629
rxn10122_c3,59.718623516146,91.29607713726544,97.448723742162,44.90874473621872,3.4225321948556293,41.30152354578738,30.030333431042678,6.298788483774335,33.954871453315526,3.423453203078563,21.502837455016525,8.888994474714961,3.860357294738291,3.636459276338448,25.44140800999122,1.5215979353266658,6.914219943172413,7.307565426686689,1.023172865183644,3.189281076063043,2.065993380908134,8.522570416529597,1.1877862709724356,0.7190529990032238,0.6096653914972057,0.6449586541954556,5.4281709131488896,4.310716460431837,3.440761238744784,0.4649650955925415,1.3669989609795783,0.3126618209064789,0.2786986789831382,2.58920792659905,1.1655891256854811,0.8051043618916875,0.0036908795552258,1.2888044238148024,1.598754083974931,0.7328176763016296,0.1240722938138991,1.6102833941116597,0.1517340979253338,0.1500670968591273,0.820820622126236,0.4752712223967116,0.0054544778635747,0.2731792417300476,0.1823294355934901,0.3973967413285281,5.705405162882692e-05,0.0435605887084919,0.0404904781820595,0.1181155890522053,0.3948417469296266,0.31338633659993,0.1536837489331283
rxn00799_c3,-14.397415012217806,-21.32611268030209,-16.350489722075224,-7.017962565077268,-0.52075450713998,-19.318793853582555,-16.136391349720462,-2.10481117248468,-7.421048329561377,-1.1328899419775014,-12.883976627940918,-3.926552199501241,-2.145758782955536,-1.9227287147992187,-5.667868588299799,-0.8048373420079588,-4.074394988190608,-1.838725548649134,-0.5454331451857459,-0.791555159815305,-1.3449627986100083,-1.7822429246930749,-0.3968067993062069,-0.2401445888850186,-0.2034869087322579,-0.3410159080195988,-2.061266662393749,-0.9608815011591768,-1.993241245590594,-0.1164963754302087,-0.1980282714850303,-0.1044185786604043,-0.0930820578211143,-0.6091678669186393,-0.2140626199069889,-0.4622823697785264,-0.0010431853573695,-0.277020970651331,-0.6089829581423636,-0.1782126152822652,-0.0656056300728571,-0.3641873921078228,-0.0506901525903822,-0.0501368704680679,-0.1889660876511023,-0.2229608079607443,-0.0028392991105292,-0.0605981194794479,-0.0538761683159384,0.0,-2.0070420275832645e-05,-0.0145562617366543,-0.0214083552028341,-0.0744213336338373,-0.0910364745658987,-0.1258566446915215,-0.0627687740997358
rxn00288_c3,13.201366788770803,20.7612116781022,14.694485884329596,7.571968247858371,0.3490492445302512,8.046946875416763,5.753402798023544,1.4847785971394971,7.52183139609869,0.804649249958834,3.8430218662600426,3.2025901429941257,0.4699078843909702,0.7360571102408042,5.881098869673339,0.307993079147998,0.0434959463500212,1.8494668076684224,0.0,0.7918539676482683,0.0294232522471269,1.8747515927577865,0.2800474684520304,0.169571682396283,0.1438430909087742,0.130546378558484,0.751072910915328,0.9438353812009695,0.5907398960257099,0.1162861337228826,0.1981620338076293,0.0737350839992396,0.0657222785388339,0.5425783399807135,0.2108871292825278,0.121261847239445,0.0002139216397077,0.2753626011727456,0.352458074990977,0.1782876510332808,0.0251135967602672,0.3744658236592883,0.0357747690561315,0.0353797731568105,0.1762084680688366,0.0881757430416906,0.0003353365445812,0.0606228304256975,0.0334804944294354,0.0097319460383193,0.0,0.0102682968256157,0.0081956849418452,0.0033661331843949,0.0856254067087623,0.0661257658263619,0.0315652412465795
rxn00154_c3,12.897844316493178,27.405612251882047,31.431838788132623,12.380904316151344,1.049159965487378,11.330971140658862,8.869928001705752,1.5283741332420495,6.562535529706814,0.8283607872347634,6.575384335937544,2.249156018835528,2.026082608302204,1.0944850790935794,4.984101227398027,0.4582091663953192,2.311876505790835,1.5653426160876005,0.3635814794874365,0.6738179868340841,1.254852085993768,1.6244628313758602,0.2882795200814729,0.1745626330342873,0.1480879354724785,0.1941188845554896,2.173170616676221,1.1382969632610824,1.052475790691252,0.1011857901881573,0.391664010584599,0.0759054982826912,0.0676562957868728,0.5145332536703663,0.2263410492680391,0.2563723404494984,0.0009274457000709,0.3813244344011079,0.3970099267729489,0.1571972920820812,0.0373459191713064,0.4753317001147539,0.0368263796697418,0.0364194502257961,0.1634639018847034,0.132188502350015,0.0028799582966307,0.0526179414674064,0.03938991790256,0.1216536948050733,1.5863606198641415e-05,0.0105697908704755,0.0121862974951054,0.0404126669920903,0.1163061288284993,0.0796848221061944,0.0394768665309952
rxn14419_c3,59.72142028885823,0.0,0.0,0.0,3.4227015548207125,41.30384046296632,0.0,0.0,0.0,0.0,0.0,8.889484505894453,3.860626041705364,0.0,0.0,0.0,0.0,7.307939463586851,0.0,0.0,0.0,0.0,0.0,0.0,0.0,0.0,0.0,0.0,0.0,0.0,0.0,0.0,0.0,1.419693037333925,0.0569480773658273,0.0,0.0,0.7299996955613643,0.0,0.7328551941771374,0.0,0.0,0.0,0.0,0.8208616135161267,0.0,0.0,0.0,0.0,0.0,0.0,0.0,0.0,0.0,0.2115051076404879,0.0,0.0
rxn14426_c3,0.0,91.30056985198958,35.13655111716406,36.06192240484397,0.0,0.0,0.0,6.299127336574585,17.269555546489556,3.4236375045351446,0.0,0.0,0.0,3.636671897173936,25.442676911027405,1.521687044081422,6.914620781839741,0.0,0.0,1.1648330307343508,2.0661448678482994,3.510636512703618,1.1878502558203308,0.7190917919107274,0.6096983851840742,0.6449963656480032,0.0,1.882885225503112,0.0,0.4649892347689129,1.3670658421408777,0.3126786907748966,0.2787137114203741,0.0,0.0,0.8051522422209468,0.0036910759087207,0.0,0.0,0.0,0.124079550074116,1.4327604106611218,0.1517422717255219,0.1500751779040616,0.0,0.0,0.0054548513120035,0.0829525963737268,0.0,0.3974190263301664,5.705721823618429e-05,0.0435629321158793,0.0404928454286165,0.0,0.0,0.0,0.0
rxn08173_c3,112.82490264684849,178.7143256462009,174.0054412553939,86.56053857346521,6.777954395604848,80.72710077566823,55.938362032379175,13.474355974159922,61.17621100158131,7.325523692793357,40.00102311957279,19.01254466102352,7.933936596541242,7.98824348666933,50.22465778116992,3.3483351472232314,13.640756966563677,15.50206609731635,1.6674296814130056,6.078009204428949,4.241310008222095,15.081553778218888,2.5446538457613093,1.5429959083999634,1.312709729392101,1.4168374759770468,8.787117800917601,7.929591092081855,6.477539703333827,0.9857355591888968,2.709462992340562,0.6710090399231667,0.5979058555107556,4.708009399614138,1.9144324307713876,1.7703749334768573,0.0080132657821402,2.357311900303538,2.9108708211518346,1.55237901412138,0.2726267220374033,3.1219336737295365,0.3250691634189352,0.321369347878513,1.6222654972410973,0.8784404097683356,0.0111456112078131,0.474169515254669,0.2961682983493249,0.8259813470341003,0.0001268659329772,0.0931847259539156,0.0889376486868858,0.2269156988052807,0.7187988763377408,0.5724641191471442,0.2811831547489216
rxn14412_c3,0.0,0.0,62.316871703714426,8.848971689021909,0.0,0.0,30.03185769604672,0.0,16.686896321009208,0.0,21.50394387299526,0.0,0.0,0.0,0.0,0.0,0.0,0.0,1.023223455198924,2.024597449245173,0.0,5.012322295148127,0.0,0.0,0.0,0.0,5.428423030001441,2.4280314548540094,3.44093664571565,0.0,0.0,0.0,0.0,1.1696364455156123,1.1086903479180912,0.0,0.0,0.5588643549105041,1.5988295079699133,0.0,0.0,0.1776014917129527,0.0,0.0,0.0,0.4752943162287148,0.0,0.1902390008294456,0.1823374836446363,0.0,0.0,0.0,0.0,0.1181218764938277,0.1833548459643205,0.3134012202476325,0.1536910744664114
rxn14418_c3,59.72142028885823,0.0,0.0,0.0,3.4227015548207125,41.30384046296632,0.0,0.0,0.0,0.0,0.0,8.889484505894453,3.860626041705364,0.0,0.0,0.0,0.0,7.307939463586851,0.0,0.0,0.0,0.0,0.0,0.0,0.0,0.0,0.0,0.0,0.0,0.0,0.0,0.0,0.0,1.419693037333925,0.0569480773658273,0.0,0.0,0.7299996955613643,0.0,0.7328551941771374,0.0,0.0,0.0,0.0,0.8208616135161267,0.0,0.0,0.0,0.0,0.0,0.0,0.0,0.0,0.0,0.2115051076404879,0.0,0.0
rxn14425_c3,0.0,91.30056985198958,35.13655111716406,36.06192240484397,0.0,0.0,0.0,6.299127336574585,17.269555546489556,3.4236375045351446,0.0,0.0,0.0,3.636671897173936,25.442676911027405,1.521687044081422,6.914620781839741,0.0,0.0,1.1648330307343508,2.0661448678482994,3.510636512703618,1.1878502558203308,0.7190917919107274,0.6096983851840742,0.6449963656480032,0.0,1.882885225503112,0.0,0.4649892347689129,1.3670658421408777,0.3126786907748966,0.2787137114203741,0.0,0.0,0.8051522422209468,0.0036910759087207,0.0,0.0,0.0,0.124079550074116,1.4327604106611218,0.1517422717255219,0.1500751779040616,0.0,0.0,0.0054548513120035,0.0829525963737268,0.0,0.3974190263301664,5.705721823618429e-05,0.0435629321158793,0.0404928454286165,0.0,0.0,0.0,0.0
rxn14415_c3,0.0111870908489105,0.0179708588965743,43.42498914096549,6.367199291573556,0.0006774398603328,0.2651601834030938,24.06021366045876,0.6022462596802763,11.14135303988766,0.3296643068224554,17.17981058118495,0.8919463637820685,0.0713968947478653,0.4776576520897401,0.0050756041447395,0.2031371173175928,0.0016033546693099,0.594125334687833,0.6823513301937352,1.618092160872422,0.0069157575624448,3.343101762054011,0.1156642812380014,0.0714382497821527,0.0630600090430057,0.0847454321942296,3.6199571540778335,1.764353076178702,2.7801532526312984,0.0387591219135974,0.0002675246451979,0.0311060481784832,0.0276071324790089,0.7802438553456919,0.7393240970058098,0.1059542838727406,0.0003811659728275,0.3728147432352669,1.239582149439589,0.0580132651622278,0.0163398497730672,0.1187150275249616,0.0147764783794731,0.0145421830654261,0.000163965559563,0.3739702248759725,1.7048854463375455e-05,0.1277419400584493,0.1219263866824917,0.0484131603778989,7.516966980727926e-06,0.0041649599263,0.0053139419466606,0.0977192774407688,0.1223093906769408,0.2438987997973816,0.1198438756200539
rxn05468_c3,29.87469400799025,45.67274849961551,39.29486736521423,21.221008921150236,1.7121975772357725,20.791451074721515,12.03467962524151,3.4517033565281774,14.210195535738327,1.8772038100485449,8.59322454452868,4.892185528376736,1.9668177091278325,2.057802637138301,12.727682960694628,0.8626794069637757,3.459314584256508,3.952154509837828,0.341327435142707,1.3919108075528317,1.036984773525868,3.4280343113452587,0.6519492230728515,0.3953813995689506,0.3364781781741454,0.3649840332787593,1.8107349275965725,1.8242198106167609,1.3906028472282488,0.2519465958703694,0.6838673268769363,0.1719429790819429,0.1532055192613993,1.1003331150912712,0.3982839859811303,0.4556969040346216,0.0020367100012589,0.5515860993695137,0.6200173467047416,0.3955467832962059,0.0702314687042421,0.7759732438802865,0.0832838964530616,0.0823329236195468,0.4106357637075172,0.1870543939339959,0.00273707042852,0.1053843346354625,0.0609873374946842,0.2229829483589477,3.2306092252600306e-05,0.0238709762432517,0.0229104954273094,0.0488785010452515,0.1669618691842597,0.1219940508417984,0.0599439144098763
rxn05467_c3,-28.643031683231296,-60.03237418653428,-65.87208162998283,-28.600478846546828,-2.2663951233053585,-37.61749863402129,-31.684108679604016,-5.269712274554927,-22.31472057704993,-2.86058501932439,-24.259369426308808,-7.953710673160056,-4.490717814932593,-3.862663572318488,-17.184272692721393,-1.6218003169242132,-7.7809395201017955,-5.460767259051544,-1.078316282791705,-2.328428888260345,-2.7070646894907577,-5.526886759711627,-0.9970233153250496,-0.6057987241508298,-0.5175515235403086,-0.6851264911850351,-4.5341457019421485,-2.9544197892542376,-3.84663096824309,-0.3462554859592691,-0.8663849195478764,-0.2634835761904822,-0.2346739282811445,-1.7696442718596743,-0.7297818924955813,-0.9067232898692648,-0.0032273108865904,-0.8611879014483269,-1.4033287152495877,-0.5431189138175035,-0.1318625448056971,-1.0900343382532531,-0.127366461683026,-0.1258541175918597,-0.5674832197126854,-0.4702116128997657,-0.0062464534201165,-0.1807390597209069,-0.1327197168035847,-0.2710568864634752,-5.683200997932089e-05,-0.0364437970246664,-0.0430013982252427,-0.1456732933757706,-0.2674967777251487,-0.2825630777766376,-0.1401133183435954
rxn10122_c5,7.075894533720453,6.0111290313212935,1.1793761308559347,1.500660347291178,36.97792678762528,11.545733585362342,0.8862218783878902,9.186992376890975,0.6672111783663919,2.81939148757037,0.5794859934959316,0.5214697209111125,0.4929627273334196,2.909109926559076,0.3586299119202244,3.288446881917848,3.837151720650767,0.2770588605912936,0.7683262322351875,3.796248828695068,0.2024456435055842,0.1741362431560512,1.4621124181582277,2.0506479131304114,2.492426730796835,1.514170303830226,0.0927668021786338,0.0857830314917135,0.2361980327225375,0.6312237588701655,1.036542309272399,0.8621881188241095,0.6061350019782401,0.3673529555231744,0.0941408201913018,0.1112794372448851,0.0680718835598494,0.0308934038366051,0.2980293198213335,0.3143261137021401,0.2424938058658613,0.0247913361519811,0.2546717828259207,0.2103267734333253,0.0362540887261584,0.0458120448243054,0.0130384906374919,0.0304128849873199,0.4247919754360095,0.0137282129683074,0.0085065022942875,0.0712011444906293,0.0524168969121306,0.0992339551143209,0.0053335254486087,0.007480581995704,0.0117532379164323
rxn08173_c5,15.629276962934808,11.699657171914607,2.3979513572202507,2.812854078481561,64.91297369122663,19.00270473473578,1.8151190966068345,19.97550909243343,1.4105617658212568,5.87395760304006,1.1922470756416053,1.0763932722010126,0.935807977776796,6.360903311461075,0.7644473134936423,7.235584356510373,7.956701612899106,0.5674592796763203,1.5178640087582371,8.307319429763869,0.4146399028427183,0.3708399905572573,3.2383825804814,4.611310275490707,5.599145511443186,3.295007098281652,0.1887537655185744,0.1773769009269329,0.5010153418370367,1.3916434193418603,2.0706146935713656,1.879027350250972,1.3516062709597627,0.7374104820511836,0.1948479168765067,0.2248898596271791,0.1395945700921653,0.064993107397388,0.666202815960804,0.7059060868329664,0.5243118698605734,0.0504250196584248,0.5713286214926461,0.4706007905041184,0.0747920645173435,0.098400649012228,0.0267048398648114,0.0611574670872346,0.915733309748114,0.024638830846775,0.0176307225673284,0.153689934400954,0.1151930397429511,0.2052424389922851,0.0113688207958121,0.0150634471048993,0.0236322429747484
rxn14412_c5,0.0,0.0,0.0,0.6949281945112464,26.10340071423512,11.545733585362342,0.0,0.0,0.0,0.0,0.0,0.0,0.2307885049276121,0.0,0.0,0.0,0.0,0.0,0.1363296840783544,0.0,0.0,0.0,0.0,0.0,0.0,0.0,0.0,0.0,0.0,0.0,0.0,0.0,0.0,0.0,0.0,0.0,0.0,0.0,0.0,0.0,0.0,0.0,0.0,0.0,0.0,0.0,0.0,0.0,0.0,0.0093032917959323,0.0,0.0,0.0,0.0527206394578401,0.0,0.0,0.0
rxn05467_c5,-3.131306337087369,-4.096272942137155,-0.4658953940820853,-1.5205617156970803,-27.95116799391452,-5.430237332243755,-1.0169790810914603,-7.472971016431427,-0.6727452815142798,-2.113036648716049,-0.6652459409450965,-0.5988135650303404,-0.55816565858733,-2.4775548602732638,-0.4098823115247113,-2.8121536741520683,-2.5239767799667017,-0.3179373837677414,-0.5359677876986912,-3.1314422948796388,-0.2323153936097769,-0.1952740781050247,-1.2810988429762504,-1.856685409270029,-2.2402152302091523,-1.235742197352086,-0.0367479749355728,-0.0543139578890968,-0.210949746787336,-0.5475234260280853,-0.5194937713773733,-0.7056663800430817,-0.5389486673857286,-0.2164422433536616,-0.0585269163476588,-0.0812394080722899,-0.0540879498293281,-0.0286893179351004,-0.2650178636635709,-0.2826036404750431,-0.1954717501416818,-0.0261079591871665,-0.2294144241883223,-0.1883929249528412,-0.0306780212970216,-0.0412965504673076,-0.0149622487897238,-0.0209140905465362,-0.3235257085402576,-0.0124729881249522,-0.0097716629833581,-0.0571857305159035,-0.0451476840909685,-0.0895458912929614,-0.0060957484771596,-0.0068441745038692,-0.0085052720355262
rxn10122_c6,21.49308316443504,0.9889450699457728,1.4346008301659106,0.3867161794313305,27.05282298302659,24.463750939903512,0.0836353305278597,2.264638406013817,0.0775907630788801,5.718457294238875,1.933097099128072,8.331277592043207,3.3253150987245976,1.3016274032363964,0.2318786357810829,0.908895055284036,11.361773934664926,0.6979757099679821,17.648621172342164,1.5023304919825595,0.108495575480314,0.0465114808588918,0.3260468272929803,2.1143977722064315,0.408481955462084,0.2340710957656989,0.3065926132351543,0.0129872147248935,0.0480481078357735,0.1279188578764726,3.455513889868982,0.2782705282514162,0.0997440213849536,0.9466384173942378,0.0574408207176696,0.173912524879549,0.6829229771255119,0.2081004681165094,0.0062764169093618,0.0513260263522046,0.2401067331583564,0.0081972845199959,0.049152672234026,0.0583051207618605,0.0056879572506206,0.2408401624957786,0.0194052679990362,0.0296247019161148,0.0877322473588335,0.1220419284898049,0.0013125472269178,0.0203244464604391,0.0310300199507932,0.3345828340621387,0.006884784511612,0.034145931758479,0.0712580132202899
rxn08173_c6,33.589094277362825,1.647708504030466,2.3282357523134207,0.6022896197935641,43.1187638107169,39.47710065493078,0.1385835821628143,3.74256999095145,0.1253221151981903,9.2735749506237,3.119405314683096,13.512736607897418,5.375967088974322,2.103882598323489,0.3744028221456088,1.4682272527089637,18.2926975856514,1.135204411454977,32.7204299499349,2.426629453541376,0.1752493295460039,0.0751238540637973,0.5266449949363398,3.4152671052874832,0.6755091089044265,0.3872247786394032,0.4924242988943599,0.0209125276792543,0.0772610691495038,0.2066200944752076,6.277410979383841,0.4494746419053863,0.1611108750032607,1.505330858444498,0.0892287421205687,0.2809110628218283,1.107415532731976,0.3342832383335107,0.0103892861931925,0.0829119602152697,0.3897726374125228,0.0131586878891089,0.079393530784262,0.0941769631170211,0.0108398070584533,0.3880144004498901,0.0313442315999214,0.0478024039476311,0.1415413485172774,0.1898340663797702,0.0021273859823524,0.0330988810509966,0.0501210357896706,0.5642736920829649,0.0110155339020321,0.0551839574656808,0.115170896008448
rxn14412_c6,21.49308316443504,0.9889450699457728,1.4346008301659106,0.3867825279798589,27.05282298302659,24.46733894194883,0.0836508854223815,2.26506177639855,0.0775907630788801,5.718457294238875,1.933097099128072,8.331277592043207,3.3253150987245976,1.3018472942025523,0.2319174384743993,0.908895055284036,11.361773934664926,0.6979757099679821,0.0,1.5023304919825595,0.108495575480314,0.0465114808588918,0.3260468272929803,2.1143977722064315,0.4085578327421256,0.234114667246065,0.3066341708269502,0.0129893247245459,0.0480481078357735,0.1279188578764726,4.416895887904811,0.2782705282514162,0.0997440213849536,0.9467614926438432,0.0574408207176696,0.173912524879549,0.6829229771255119,0.2081004681165094,0.0062775907173092,0.0513260263522046,0.2401486950489994,0.0081972845199959,0.049152672234026,0.0583051207618605,0.0056890445889352,0.2408765366745715,0.0194052679990362,0.0296296665622031,0.0877322473588335,0.122058954928795,0.0013127767196546,0.0203244464604391,0.0310300199507932,0.3345828340621387,0.0068857698159066,0.034145931758479,0.0712691932096977
rxn05467_c6,-5.621397976736116,-0.5587380093924792,-0.7126448186135272,-0.1990633979949745,-20.77077597318597,-23.617344012645624,-0.0901420588571891,-2.444328958428382,-0.06418308713,-5.300215189064464,-1.1974994914657449,-8.326876728474732,-3.1526907863199995,-1.1261332721278206,-0.197433164591009,-0.7747383161894498,-8.697990096452267,-0.6721798948816584,-7.637972699303865,-1.2418157762731474,-0.0897164004764333,-0.0384743017087835,-0.2695080051273632,-1.7477462681182314,-0.4390651868291487,-0.2528041208740351,-0.1651529734533043,-0.0103326183746937,-0.0356293244059435,-0.105736824647829,-3.031071900217383,-0.2300164537021744,-0.0824477037547871,-0.5507855223482998,-0.0249181942534106,-0.1437548650176949,-0.6319415049425261,-0.1487648346092748,-0.0068050161615208,-0.0437500886396348,-0.2268587673504661,-0.005988948615363,-0.0406292517870996,-0.0481946011120634,-0.0065246586639078,-0.1701550916981465,-0.0160402575016705,-0.0248830999122433,-0.0715183664461004,-0.0519749862941278,-0.0012262767877108,-0.0190451968524735,-0.0256491953791834,-0.2171605416789782,-0.0030082900896009,-0.0238895957688998,-0.0542062478762562
