,minimum,maximum
12DGR180ti,2.222773565886917,2.2227735658869143
15DAPt,0.0,-1.7041051595732271e-12
22IDPOR,0.0,0.0
23DHMPO,-1000.0,999.5754879324686
23PDE2,0.0,0.0
23PDE4,0.0,0.0
23PDE7,0.0,0.0
23PDE9,0.0,0.0
26DAPLLATi,0.0,17.40383988124189
2AHBUTI,-999.5754879324685,1000.0
2DHPL,0.0,0.0
2DOHMC5DPT,0.0,0.0
2H3OGL,0.0,0.0
2HBO,0.0,0.0
2HMCOXT,0.0,0.0
2MBCOATA,4.445547131773818,4.4455471317723525
34DHOXPEGOX,0.0,0.0
3HAD10M12,4.445547131773835,4.445547131771799
3HAD11M12,4.445547131773835,4.445547131771589
3HAD12M14,4.445547131773835,4.445547131772111
3HAD13M14,4.445547131773835,4.445547131771817
3HAD14M16,4.445547131773835,4.445547131773828
3HAD15M16,4.445547131773835,4.445547131773822
3HAD4M6,4.445547131773835,4.445547131773823
3HAD5M6,4.445547131773835,4.445547131773829
3HAD6M8,4.445547131773835,4.445547131773829
3HAD7M8,4.445547131773835,4.445547131773828
3HAD8M10,4.445547131773835,4.445547131773832
3HAD9M10,4.445547131773835,4.445547131773832
3MOBS,1.2861065396996467e-10,0.0
3OAR100,0.0,0.0
3OAR10M11,0.0,0.0
3OAR10M12,4.445547131773835,4.445547131773832
3OAR11M12,4.445547131773835,4.445547131773832
3OAR120,0.0,0.0
3OAR12M13,0.0,0.0
3OAR12M14,4.445547131773835,4.445547131773832
3OAR13M14,4.445547131773835,4.445547131773832
3OAR140,0.0,0.0
3OAR14M15,0.0,0.0
3OAR14M16,4.445547131773835,4.445547131773832
3OAR15M16,4.445547131773835,4.445547131773832
3OAR160,0.0,0.0
3OAR180,0.0,0.0
3OAR40,0.0,0.0
3OAR4M5,0.0,0.0
3OAR4M6,4.445547131773821,4.445547131773818
3OAR5M6,4.445547131773835,4.445547131773836
3OAR60,0.0,0.0
3OAR6M7,0.0,0.0
3OAR6M8,4.445547131773835,4.445547131773832
3OAR7M8,4.445547131773835,4.445547131773832
3OAR80,0.0,0.0
3OAR8M10,4.445547131773835,4.445547131773832
3OAR8M9,0.0,0.0
3OAR9M10,4.445547131773835,4.445547131773832
3OAS100,0.0,0.0
3OAS10M11,0.0,0.0
3OAS10M12,4.445547131773835,4.44554713177383
3OAS11M12,4.445547131773835,4.4455471317738295
3OAS120,0.0,0.0
3OAS12M13,0.0,0.0
3OAS12M14,4.445547131773835,4.445547131773823
3OAS13M14,4.445547131773835,4.445547131773823
3OAS140,0.0,0.0
3OAS160,0.0,0.0
3OAS180,0.0,0.0
3OAS2M3,0.0,0.0
3OAS3M4,4.445547131773835,4.445547131773838
3OAS4M3O6,4.44554713177382,4.445547131773824
3OAS4M5,0.0,0.0
3OAS4M6,4.445547131773835,4.445547131773827
3OAS5M6,4.445547131773835,4.445547131773825
3OAS60,0.0,0.0
3OAS6M7,0.0,0.0
3OAS6M8,4.445547131773835,4.445547131773826
3OAS7M8,4.445547131773835,4.445547131773826
3OAS80,0.0,0.0
3OAS8M10,4.445547131773835,4.445547131773824
3OAS8M9,0.0,0.0
3OAS9M10,4.445547131773835,4.445547131773826
4GBTAH,1.418228759223273e-12,0.0
4HTHDR,17.403839881243098,17.403839881240053
4HTHDS,17.403839881243098,17.403839881242245
4HTHRS,0.0,0.0
4NTPPH2,0.0,0.0
5AIZCDC,0.0,-3.4867839079582296e-12
5APTLPO,0.0,0.0
5DOAN,0.0,-1.890202989703246e-12
5FURAt,4.918785651285705e-12,0.0
5HISAH,0.0,0.0
5MTHCYST,2.4978350609982356e-12,0.0
5MTHFGLUNFT,0.0,0.0
6P3HXI,0.0,0.0
6PGALSZ,-999.9999999999823,1000.0
6PGALSZ2i,-1000.0,1000.000000000002
6PHBG,0.0,0.0
6PHBG2,0.0,0.0
AAAOR,-1000.0,999.9999999999999
AACGLYDH,0.0,0.0
AACOAT,0.0,0.0
AAGAAH,0.0,0.0
AAMNAOR,-1000.0,1000.0000000000002
AB6PGH,0.0,-8.512920774128753e-12
AB6PGH2,0.0,-9.889750032089324e-12
ABGAFT,0.0,0.0
ABNTHL,0.0,0.0
ABTOXy,0.0,0.0
ABUTD,0.0,1000.0000000000001
ABUTR,-1000.0,-3.410605131648481e-13
ACACT1r,7.8544276355691585,7.854427635567983
ACAH,0.0,0.0
ACALD,-36.23066696829992,799.1568846273063
ACALDt,88.06676795861888,1000.0
ACBIPGT,0.42451206753147136,0.4245120675314706
ACCOACL,97.43111482171813,97.43111482137883
ACCOALYS2,0.0,0.0
ACEDIPIT,-17.40383988124027,0.0
ACGAMK,0.0,-6.272250256420194e-12
ACGAMPM,-123.76286100674217,-3.863405246655463e-12
ACGAMT,0.2897003331997143,0.289700333199714
ACGAMt2,0.0,-9.171274084286352e-12
ACGApts,0.0,-8.47489848150893e-12
ACGK,10.340520908924338,18.95031450749325
ACGS,10.340520908924338,18.950314507491
ACHBPL,0.42451206753147136,0.4245120675249407
ACKr,-1000.0,-1000.0000000000064
ACLS_a,0.42451206753147136,0.4245120675173743
ACLS_b,-5.404464911174337e-13,1.6818627869348354e-14
ACNAM9PL,0.0,0.0
ACNAMS,0.0,0.0
ACOAAGPAT140,0.0,0.0
ACOAAGPAT160,0.0,0.0
ACOAAGPAT180,0.0,0.0
ACOAAGPATAI15,0.0,0.0
ACOAAGPATAI17,2.2227735658869174,2.2227735658869117
ACOAAGPATI14,0.0,0.0
ACOAAGPATI15,0.0,0.0
ACOAAGPATI16,0.0,0.0
ACOAAGPATI17,2.2227735658869165,2.2227735658869143
ACOASL,0.0,0.0
ACOATA,0.0,0.0
ACOCT,0.0,0.0
ACODAr,10.340520908924338,18.95031450749158
ACONTa,0.0,-1.290488954185068e-10
ACONTb,0.0,-1.8709030222858384e-10
ACOTA,-18.950314507492777,-10.34052090892434
ACPS1,0.42451206753147136,0.4245120675314708
ACS,0.0,-6.450143864214236e-12
ACTNDH,0.0,0.0
ACTNR,0.0,0.0
ACYP,0.0,-1.1851790010150848e-11
ACYP_2,0.0,123.76286100697197
ACtr,-1000.0,-1000.0000000000106
ADA,0.0,-4.040241993181953e-12
ADCOBASr,0.0,0.0
ADDGAL,0.0,0.0
ADK1,-1000.0,1000.0
ADK10,-1000.0,999.0975302356686
ADK11,-1000.0,1000.0
ADK2,0.4245120675314714,0.4245120675331624
ADK3,-1000.0,992.0195185273324
ADK5,-1000.0,1000.0
ADK7,-1000.0,1000.0
ADK8,-1000.0,1000.0
ADK9,-1000.0,999.4654260798787
ADNCYC,0.0,0.0
ADNK1,0.42451206745893133,0.4245120675180455
ADNUC,0.0,-8.660923468956368e-12
ADOCBIK,0.4245120675314714,0.424512067531471
ADOCBLS,0.42451206753147136,0.4245120675314716
ADOCBLabc,0.0,0.0
ADP1P,-1000.0,1000.0
ADPRDP,0.0,4.0970870897154544e-12
ADPT,0.0,-8.632433589124243e-12
ADSL1r,5.288807522502241,5.28880752250097
ADSL2r,0.0,3.31075800895152e-12
ADSS,5.288807522502242,5.288807522499836
AGAGGCERH,0.0,0.0
AGDC,0.0,123.7628610071989
AGLPET,0.0,0.0
AGMT,0.0,-5.037283377868667e-12
AGPAT120,0.0,-1.4201821296016598e-12
AGPAT140,0.0,-2.486248227987932e-12
AGPAT141,0.0,0.0
AGPAT160,0.0,0.0
AGPAT161,0.0,0.0
AGPAT180,0.0,-8.225141679326969e-13
AGPAT181,0.0,0.0
AGPR,-18.95031450750229,-10.340520908924338
AGTi,0.0,0.0
AHC,0.42451206752222664,0.42451206752770465
AHCYSNS_r,1.1890375716731444e-12,-4.6454021852506855e-12
AHEXASE3,0.0,0.0
AHPPM,0.0,0.0
AHSERL2,0.0,1000.0
AHSERL3,-1000.0,-2.2622966301494524e-14
AICART,0.0,-4.849299573544237e-12
AIHDUDPMG,0.38626711093295246,0.3862671109329523
AIHDUPDG,0.38626711093295246,0.3862671109329523
AIHPDCOATA,4.445547131773835,4.4455471317738295
AIPDCOATA,0.0,0.0
AIRC4,0.0,-2.939936817079618e-11
AKP1,0.0,0.0
ALAALA,0.09656677773323812,0.09656677773313585
ALAASP1c,0.0,1.0842525909316737e-12
ALAASPabc,0.0,-6.661917045803425e-12
ALACI,-1000.0,1000.0
ALAD_L,0.0,904.7595036806564
ALAGLN1c,0.0,-5.686123694220905e-12
ALAGLNabc,0.0,-7.95483713352931e-12
ALAGLU1c,0.0,-7.832529177905104e-12
ALAGLUabc,0.0,-8.707157898626727e-12
ALAGLY1c,0.0,-4.065013197629788e-12
ALAGLYabc,0.0,-6.548234541480682e-13
ALAHIS1c,4.381515033319172,4.381515033322293
ALAHISabc,4.381515033317774,4.381515033322289
ALALEU1c,0.0,-1.0941970325686565e-11
ALALEUabc,0.0,-8.707157898626726e-12
ALAM,0.0,0.0
ALAPGPL,0.09656677773323809,0.09656677773323799
ALAR,11.491446550255333,11.491446550255318
ALATA_L,-909.3643290534469,-4.604825372672636
ALATHR1c,9.98977728347139,9.9897772834663
ALATHRabc,9.989777283473446,9.989777283468369
ALCD19,1.2358661613455092e-11,-2.8925249528784543e-11
ALCD2x,-1000.0,-1000.0000000000612
ALCD4,0.0,0.0
ALDD2x,0.0,123.76286100684749
ALKP,0.0,-3.266787679297505e-11
ALKP_R788,1000.0000000000053,999.9999999999993
AMAGLL,0.0,0.0
AMANK,0.0,7.350481721744074e-12
AMAOTr,0.0,0.0
AMDH,0.0,0.0
AMID,0.0,0.0
AMID2,0.0,0.0
AMID4,0.0,0.0
AMID5,0.0,0.0
AMMQLT8,0.0,-2.484158928095513e-11
AMMQT8,0.4245120675602524,0.4245120675314705
AMPTASECG,0.0,3.8941845686040426
AMPTASEGC,0.0,3.8941845686040506
AMTH3A3CPT,0.0,0.0
AMY1e,0.0,124.99999999999748
AMZMT,0.0,0.0
ANANBGANANT,0.0,0.0
ANANGAANT,0.0,0.0
ANH,0.0,0.0
ANMNLH,0.0,0.0
ANPRT,2.9137385080286484,2.9137385080286387
ANS,0.0,2.913738508028645
ANS2,0.0,2.9137385080286453
AOXSr,0.0,0.0
APAT,0.0,17.403839881240298
APOR,0.0,0.0
ARAI,0.0,0.0
ARBTpts,0.0,-3.68814832817466e-12
ARBabc,0.0,-9.309788760507942e-12
ARGAMDTR,-1.1678105212906335e-12,0.0
ARGDA,0.0,-8.427306454333222e-12
ARGDC,6.038272687476905e-14,-2.0129054353020874e-12
ARGSL,10.340520908924336,10.340520908917817
ARGSS,10.34052090892434,10.340520908922272
ARSENBabc,0.0,0.0
ASAD,-17.403839881247876,-17.403839881243098
ASAL,0.0,0.0
ASNS1,3.1206184333449745,3.1206184330786018
ASPCT,0.0,-9.697806217481399e-12
ASPKi,17.4038398812431,17.40383988123515
ASPTA,-44.084549240462664,-44.084549240484435
ATPPRT,0.0,-1.0047220678118965e-11
ATPS4,999.9999999999939,1000.0
BACOAAL,0.0,0.0
BAMHH,0.0,0.0
BAMPPALDOX,0.0,0.0
BFAPT,0.0,0.0
BGLA,0.0,0.0
BGLA1,0.0,-1.4221163295962228e-11
BPNT,0.4245120675314714,0.42451206753147097
BTNCLi,97.43111482172935,97.4311148215092
BTNabc,0.0,-1.3457171119179373e-11
BUAMDH,0.0,0.0
BURTADH,0.0,0.0
BUTSO3abc,0.0,-6.8375711597024014e-12
BZAMAH,753.1484905620783,753.1484905614759
BZAMt2r,753.1484905627102,753.1484905614475
BZte,753.14849056271,753.1484905614475
CAP_NR,-1000.0,-1000.0000000005236
CARTNLMT,0.0,0.0
CAt4i,0.42451206753147136,0.4245120675314708
CBIAT,0.4245120675314713,0.4245120675314708
CBL1abc,0.0,0.0
CBL2abc,0.0,0.0
CBMKr,10.34052090893599,10.34052090891316
CBPS,0.0,-4.558380773134934e-12
CBZALDDH,0.0,0.0
CCOAOAAL,0.0,0.0
CD2abc1,0.0,1.623923150429321e-12
CDPEAS,0.0,0.0
CDPGLYCGPT,0.2897003331997144,0.28970033319971367
CDPMEK,0.0,0.0
CE4843HYDc,0.0,0.0
CEBALAOR,0.0,0.0
CELBpts,0.0,-4.759502232116448e-11
CELYSOR,0.0,0.0
CGLYabc,0.0,3.894184568603696
CHCOAL,0.0,0.0
CHLabc,0.0,-1.3190315656448081e-11
CHLt2r,-387.9733462739937,523.9598857665744
CHOLD,0.0,999.9999999999999
CHOLDH,-1000.0,0.0
CHOLK,0.0,-1.5338081262036775e-12
CHOLSH,476.0401142331294,476.0401142329795
CHOLTMAL,88.06676795885355,1000.0
CHOLabc,476.0401142332746,476.0401142329879
CHORM,0.0,3.3927979201857853e-13
CHORS,3.762762643091592,3.7627626430910976
CITRHi,0.0,-1.5315739920868324e-12
CLPNS140,0.0,0.0
CLPNS160,0.0,0.0
CLPNS180,0.4591266137384912,0.4591266137384913
CLPNSAI15,0.0,0.0
CLPNSAI17,0.4591266137384912,0.4591266137384908
CLPNSI14,0.0,0.0
CLPNSI15,0.0,0.0
CLPNSI16,0.0,0.0
CLPNSI17,0.4591266137384912,0.4591266137384908
CLPOR,0.0,0.0
CMLDC,0.0,0.0
CMMBMM,0.0,0.0
CMZNH,0.0,0.0
CO2t,-1000.0,-1000.0000000000363
COBALTt5,-0.4245120675314706,-0.42451206753147136
CPALDH,0.0,0.0
CPAMLNH,0.0,0.0
CPPPGO,0.0,0.0
CPPPGO2,0.0,1.9413147151093198e-13
CRNabc,0.0,-4.102542695821434e-12
CSND,0.0,-1.4102490516886182e-12
CTBTabc,0.0,0.0
CTPF6PT,-1000.0,1000.0
CTPS1,0.0,1.931346248066852
CTPS2,0.0,1.9313462480668562
CYSDS,0.0,358.752365393504
CYSS,0.0,1000.0
CYSS3r,-1000.0,123.76286100702663
CYSTL,0.0,358.7523653940093
CYSTS,0.0,359.17687746088507
CYTBD,0.0,-5.123885365373633e-12
CYTBD2,0.0,4.2790590238565084e-12
CYTD,0.0,7.884257789851693e-15
CYTDK1,0.0,-5.717418495550594e-13
CYTDK2,0.0,1.8803320689181557e-12
CYTDK3,0.0,-2.279190386567461e-12
CYTDK4,0.0,1.8803320689181532e-12
CYTK1,46.3572663460258,47.20629048108407
CYTK2,1.4602547163976255e-11,0.0
CZP_NR,-831.57073321156,1000.0
Cuabc,0.4245120675314713,0.42451206753534765
Cut1,0.0,6.808673183481455e-13
DADA,0.0,6.968360164281503e-13
DADNK,0.0,5.665416103753311e-12
DAGK120,0.0,0.0
DAGK140,0.0,0.0
DAGK141,0.0,0.0
DAGK160,0.0,0.0
DAGK161,0.0,0.0
DAGK180,1.836506454958808,1.8365064549539645
DAGK181,0.0,0.0
DAHNTOR,-1000.0,999.9999999999999
DAHOR,-1000.0,1000.0
DAPDAi,0.0,17.403839881244668
DAPDC,17.307273103509868,17.307273103509974
DAPE,17.403839881243105,17.40383988124321
DAPMDH,0.0,0.0
DASYN120,0.0,0.0
DASYN140,0.0,0.0
DASYN141,0.0,0.0
DASYN160,0.0,0.0
DASYN161,0.0,0.0
DASYN180,1.8365064549539647,1.8365064549539667
DASYN181,0.0,0.0
DASYNAI15,0.0,0.0
DASYNAI17,1.8365064549539647,1.8365064549539643
DASYNI14,0.0,0.0
DASYNI15,0.0,0.0
DASYNI16,0.0,0.0
DASYNI17,1.8365064549539647,1.8365064549539643
DCMPDAi,0.0,-3.3219625051746993e-13
DCMTHCL,0.0,0.0
DCOAH,0.0,0.0
DCTPAH,0.0,3.0023777125352956e-12
DCYTD,0.0,2.928018904438602e-12
DDGLK,0.0,0.0
DDOGE,0.0,0.0
DDPA,3.762762643091591,3.7627626430966763
DDPGA,0.0,0.0
DFDCYTDD,0.0,-1.259571663112893e-12
DFDCYTDabc,0.0,4.28573459566698e-12
DFDURIte,0.0,4.2857345956669795e-12
DGALGCH,0.0,0.0
DGK1,0.5345739201369406,0.5345739201261811
DGNTH,0.0,0.0
DHAD1,0.0,1.2076916764428843e-11
DHAD2,0.4245120675314713,0.4245120675349897
DHFOR2,-1.2735362025944126,-1.273536202594414
DHFR,2.1760059669260245,2.1760059669260254
DHFS,0.0,0.0
DHNAOT,0.8490241350629425,0.849024135062943
DHNAS,0.0,0.0
DHOCEHL,0.0,0.0
DHORDfum,0.0,8.94933068333966e-13
DHORDnad,0.0,5.160026000576484e-12
DHORTS,3.327514531645708e-12,0.0
DHPHEOGAT,0.0,0.0
DHPPDA,0.0,0.0
DHPS,0.0,0.0
DHQS,3.762762643091591,3.762762643087979
DHQTi,3.762762643091591,3.76276264308893
DIPFPFH,0.0,0.0
DMATT,0.9455909127961805,0.9455909127960233
DMMPL,0.0,0.0
DMQMT,0.0,0.0
DM_4HBA,0.0,0.0
DM_5DRIB,0.0,0.0
DM_AMOB,0.0,0.0
DM_HQN,0.0,-9.687327020040267e-12
DM_NA1,1000.0000000004688,1000.0
DM_atp_c_,0.0,-4.971246425513959e-12
DM_dhptd(c),0.0,-7.043942709445813e-12
DM_teich_45_BS(c),0.0,0.0
DOFCAH,0.0,0.0
DOLH,0.0,0.0
DPCOAK,0.8490241350625309,0.8490241350624524
DPGM,0.0,0.0
DPMVDc,7.8544276355691585,7.854427635569137
DPRr,0.0,0.0
DRBK,0.0,0.0
DRIBI,0.0,-6.090264592820298e-12
DRPAr,-0.5345739200428123,-0.5345739201340164
DTMPK,0.9024697643316129,0.9024697643316119
DURIK1,0.0,-3.922288586466976e-11
DURIPP,5.6482870209576125e-11,-1.061425974345352e-11
DUTPDP,0.0,-3.4279492624973494e-12
E4PD,0.0,0.0
EAR100x,0.0,0.0
EAR10M11x,0.0,0.0
EAR10M12x,4.445547131773835,4.445547131773133
EAR11M12x,4.445547131773835,4.445547131772184
EAR120x,0.0,0.0
EAR12M13x,0.0,0.0
EAR12M14x,4.445547131773835,4.445547131772559
EAR13M14x,4.445547131773835,4.445547131772217
EAR140x,0.0,0.0
EAR14M15x,0.0,0.0
EAR14M16x,4.445547131773835,4.44554713177383
EAR15M16x,4.445547131773835,4.445547131773825
EAR160x,1.000468290342014e-11,0.0
EAR180x,1.0218603279162574e-11,0.0
EAR40x,0.0,0.0
EAR4M5x,0.0,0.0
EAR4M6x,4.445547131773835,4.445547131773828
EAR5M6x,4.445547131773835,4.445547131773827
EAR60x,0.0,0.0
EAR6M7x,0.0,0.0
EAR6M8x,4.445547131773835,4.445547131773824
EAR7M8x,4.445547131773835,4.445547131773825
EAR80x,0.0,0.0
EAR8M10x,4.445547131773835,4.445547131773827
EAR8M9x,0.0,0.0
EAR9M10x,4.445547131773835,4.445547131773823
EDA_R,0.0,0.0
EHGLAT,0.0,0.0
ENO,1000.000000000012,1000.0000000000001
EPCTX,0.0,0.0
ETHAAL,0.0,0.0
ETHSO3abc,0.0,0.0
ETLPT,0.0,0.0
ETOHt2r,-1000.0000000000001,-1000.0000000002843
EX_12dgr180(e),-2.2227735658869126,-2.222773565891077
EX_15dap(e),0.0,-5.278161121310988e-13
EX_4ahmmp(e),0.0,0.0
EX_5fura(e),0.0,-6.37457735733896e-12
EX_7a_czp(e),-831.570733211186,999.9999999999999
EX_C02528(e),0.0,0.0
EX_Lcyst(e),2.840329961726953e-12,0.0
EX_ac(e),1000.000000000003,1000.0
EX_acald(e),-1000.0,-88.06676795887563
EX_acgam(e),2.647766965792669e-12,0.0
EX_adocbl(e),0.0,0.0
EX_alaasp(e),5.477317331060614e-12,0.0
EX_alagln(e),3.470067363548987e-12,0.0
EX_alaglu(e),-4.678865455507846e-12,0.0
EX_alagly(e),-1.7645371074404525e-12,0.0
EX_alahis(e),-4.381515033322289,-4.381515033323326
EX_alaleu(e),3.5918206938666906e-11,0.0
EX_alathr(e),-9.989777283471216,-9.989777283460006
EX_anzp(e),-831.5707332115766,999.9999999999999
EX_arab_L(e),5.53430775128e-12,0.0
EX_arbt(e),1.699624831126025e-11,0.0
EX_arg_L(e),0.0,0.0
EX_arsenb(e),5.603950516033911e-12,0.0
EX_biomass(e),53.4670160751,53.46701607510004
EX_btn(e),2.934457622705611e-12,0.0
EX_butso3(e),2.279190386567462e-12,0.0
EX_bz(e),753.1484905618147,753.1484905606964
EX_bzam(e),-753.1484905615158,-753.1484905614807
EX_ca2(e),-0.42451206753147125,-0.42451206753147136
EX_cbl1(e),0.0,0.0
EX_cbl2(e),0.0,0.0
EX_cd2(e),0.0,1.1350465658920624e-12
EX_cellb(e),2.7467488785346412e-11,0.0
EX_cgly(e),-3.894184568603698,-1.3621135024651651e-14
EX_chlphncl(e),1000.000000002312,1000.0
EX_chol(e),-523.9598857668503,387.9733462740145
EX_cholate(e),0.0,0.0
EX_chols(e),-476.0401142329911,-476.0401142330411
EX_cl(e),-0.4245120675314711,-0.42451206753147136
EX_co2(e),1000.0000000001427,1000.0
EX_cobalt2(e),-0.4245120675314711,-0.42451206753147136
EX_crn(e),0.0,0.0
EX_ctbt(e),0.0,0.0
EX_cu2(e),-0.4245120675314705,-0.4245120675314713
EX_czp(e),-999.9999999999999,831.5707332114315
EX_dchac(e),0.0,1000.0
EX_dfdcytd(e),1.6285525709892212e-11,0.0
EX_dfduri(e),0.0,-9.566674148401758e-12
EX_dgchol(e),0.0,0.0
EX_ethso3(e),0.0,0.0
EX_etoh(e),1000.0000000003067,1000.0000000000001
EX_fcsn(e),1.5912125476591463e-11,0.0
EX_fe3(e),-0.8490241350629415,-0.8490241350629428
EX_fecrm(e),0.0,0.0
EX_fol(e),-1.2735362025944168,-1.2735362025944137
EX_for(e),288.37530941215795,1000.0
EX_fru(e),901.5938019068664,1000.0
EX_gal(e),-3.4857713361188633e-13,0.0
EX_galt(e),1.3500566034476244e-11,0.0
EX_gam(e),-1.0815794379892968e-11,0.0
EX_gbbtn(e),4.365005603177003e-13,0.0
EX_gchola(e),0.0,0.0
EX_glc_D(e),3.4149869292069215e-12,1000.0
EX_gln_L(e),0.0,0.0
EX_glu_L(e),-48.23019987902694,-48.23019987912038
EX_gly(e),0.0,0.0
EX_glyasn(e),-4.8101440611305035,-4.810144061610694
EX_glyasp(e),5.671472749605364e-12,0.0
EX_glyb(e),0.0,0.0
EX_glyc(e),1.3773798411694693,1.3773798412496407
EX_glycys(e),-3.894184568604165,0.0
EX_glygln(e),1.3117922543849117e-11,0.0
EX_glyglu(e),3.4228587875667778e-12,0.0
EX_glyleu(e),1.1328236892828719e-11,0.0
EX_glymet(e),8.84979220663776e-12,0.0
EX_glyphe(e),-9.42035356227186,-9.420353562271233
EX_glypro(e),1.9542630851885566e-10,0.0
EX_glytyr(e),-5.936977464979096,-5.93697746498146
EX_h(e),-1000.0,-1000.0000000000088
EX_h2o(e),-1000.0,1000.0
EX_hexs(e),9.207107427199862e-12,0.0
EX_hg2(e),0.0,0.0
EX_hxan(e),-5.288807522500144,-5.288807523067133
EX_ile_L(e),-18.48012022143019,-18.480120221436568
EX_inulin(e),-30.053126730244653,-30.053126730230932
EX_isetac(e),7.28763198807732e-12,0.0
EX_k(e),-0.42451206753147097,-0.42451206753147136
EX_kesto(e),-49.20309904655808,0.0
EX_kestopt(e),-24.60154952327857,0.0
EX_kestottr(e),-32.80206603103811,0.0
EX_lac_L(e),288.3753094113676,999.9999999999998
EX_lcts(e),1.6872594360595113e-11,0.0
EX_leu_L(e),-23.023196537226173,-23.023196537343114
EX_malt(e),1.1284467515200453e-11,1000.0
EX_malthx(e),8.205085391642863e-12,0.0
EX_malttr(e),8.205085391642871e-12,0.0
EX_man(e),9.969558615910507e-12,0.0
EX_mantr(e),7.769993601436422e-12,0.0
EX_melib(e),7.78594614258768e-12,0.0
EX_met_D(e),0.0,0.0
EX_met_L(e),9.51789905430542e-11,0.0
EX_metala(e),-6.91753045958678,-6.917530459626435
EX_metsox_R_L(e),0.0,0.0
EX_metsox_S_L(e),2.2799735993845897e-10,0.0
EX_mg2(e),-0.42451206753147114,-0.4245120675314713
EX_mn2(e),-0.4245120675314705,-0.4245120675314713
EX_mnl(e),2.352055473743649e-11,0.0
EX_mops(e),4.086922870820361e-12,0.0
EX_mso3(e),2.763518343713055e-12,0.0
EX_na1(e),-1000.0,-1000.0000000007977
EX_nac(e),-0.8490241350631085,-0.8490241350631358
EX_nchlphncl(e),-1000.0,-1000.0000000007019
EX_nh4(e),1000.0000000007765,1000.0
EX_no2(e),0.0,0.0
EX_nzp(e),-1000.0000000000001,831.5707332110712
EX_o2(e),-1000.0000000000001,-999.9999999999985
EX_orn(e),0.0,0.0
EX_pb(e),0.0,8.613925982513974e-13
EX_pheme(e),-0.42451206753147075,-0.4245120675314713
EX_pi(e),933.3926252923222,933.3926252922892
EX_pime(e),0.0,0.0
EX_pnto_R(e),-0.8490241350624265,-0.8490241350629045
EX_ppi(e),0.0,5.476019925866327e-13
EX_ptrc(e),-0.42451206753147075,-0.42451206753342063
EX_pydxn(e),0.0,0.0
EX_q8(e),-0.42451206753146903,-0.42451206753062976
EX_r406(e),1000.000000000041,1000.0000000000006
EX_r788(e),-1000.0000000000001,-1000.0000000000032
EX_raffin(e),4.89330349968592e-12,0.0
EX_rib_D(e),4.77806177424985e-12,0.0
EX_ribflv(e),-0.8490241350629415,-0.8490241350629426
EX_salcn(e),0.0,0.0
EX_sbt_D(e),2.00872711483118e-11,0.0
EX_ser_L(e),-375.0569715434106,-375.0569715444363
EX_sheme(e),-0.424512067531471,-0.4245120675314713
EX_so4(e),475.61560216599463,475.6156021654386
EX_spmd(e),-0.42451206753147036,-0.4245120675314713
EX_strch1(e),-124.99999999997888,0.0
EX_strch2(e),-1000.0,124.99999999999476
EX_stys(e),1.7203020116083342e-11,0.0
EX_succ(e),15.629328431428261,15.629328431438946
EX_sucr(e),-4.8392095886226974e-12,0.0
EX_sulfac(e),3.2539067512455005e-12,0.0
EX_taur(e),0.0,1000.0
EX_tchola(e),0.0,0.0
EX_tdchola(e),0.0,0.0
EX_tdechola(e),-1000.0,0.0
EX_thm(e),-0.4245120675314708,-0.42451206753147125
EX_tma(e),88.06676796013309,1000.0000000000001
EX_tre(e),-284.59600518251193,-284.5960051825143
EX_tsul(e),5.221609053639005e-12,0.0
EX_ura(e),-4.4394839721485875,-4.439483972153188
EX_val_L(e),-16.45287018654541,-16.452870186630264
EX_xan(e),-2.8017358021497127,-2.801735802755761
EX_zn2(e),-0.42451206753147075,-0.4245120675314713
FA80ACPHi,0.0,0.0
FAACPH,0.0,0.0
FACOAE160,0.0,-1.7324745165080655e-12
FACOAE180,0.0,-5.014218850448427e-12
FACOAE181,0.0,-2.2791903865674646e-13
FACOAL140i,0.0,-5.470056927761925e-12
FACOAL160i,0.0,8.874597567697058e-12
FACOAL161,0.0,0.0
FACOAL180i,0.0,-5.014218850448427e-12
FACOAL181i,0.0,-2.2791903865674646e-13
FACOALAI15,0.0,0.0
FACOALAI17,0.0,0.0
FACOALI14,0.0,0.0
FACOALI15,0.0,0.0
FACOALI16,0.0,0.0
FACOALI17,0.0,0.0
FALDH2,0.0,0.0
FALDOR,0.0,0.0
FASPH,0.0,0.0
FASPIH,0.0,0.0
FBA,-473.5917451876796,525.8805995237451
FBA2,-2.0446164605320652e-12,-1.3954282412638503e-11
FBA3,6.3718719069744164e-12,999.4723447117339
FBP,0.0,-1.0266209114462595e-11
FBP26,0.0,0.0
FCLTc,0.0,0.0
FCSND,0.0,4.30541786322564e-13
FCSNt,0.0,-6.500775863880033e-12
FDPDPL,0.0,0.0
FE2DH,-0.21225603375371008,-0.21225603376573568
FE3abc,0.0,-5.043705411631012e-12
FE3t4,0.8490241350565308,0.8490241350629465
FECRMabc,0.0,0.0
FEDHPNTOR,-1000.0000000000001,1000.0
FEDHPOR,-999.9999999999999,999.9999999999999
FERO,0.0,-1.93880487312579e-11
FFSD,0.0,3.5976106501811635e-12
FGLU,0.0,0.0
FGLYH,0.0,0.0
FK,0.0,-8.209261080294267e-12
FLVRx,0.0,0.0
FMNAT,0.4245120675314713,0.42451206753147086
FMNRx,0.0,0.0
FOLABCCte,0.0,1.5545274541261355e-11
FOLt,1.2735362025944135,1.2735362025872763
FOMETR,9.836209030850972e-12,0.0
FORt2r,-1000.0,-288.37530941129774
FPGS7,0.0,0.0
FPGS_tm,0.0,0.0
FRD7,15.629328431548764,15.62932843142309
FRDOr,0.0,0.0
FRTT,0.8490241350629425,0.8490241350629433
FRUK,0.0,5.58360881482001e-11
FRUpts,0.0,-2.5148920265442154e-11
FRUt1r,-901.5938019060111,-901.5938019068794
FT,0.0,0.0
FTHFCL,0.0,-1.2069797102134796e-11
FTHFL,0.0,-2.0631284077252387e-12
FUMNPRT,0.0,0.0
G16BPS,0.0,0.0
G1PACT,10.622345550661004,134.385206557474
G1PT,0.0,0.0
G3PAT120,0.0,-1.3257926393276555e-11
G3PAT140,0.0,1000.0
G3PAT141,0.0,0.0
G3PAT160,0.0,-1.4459766528748333e-11
G3PAT161,0.0,0.0
G3PAT180,0.0,-1.3101239526200216e-11
G3PAT181,0.0,0.0
G3PATAI15,0.0,-1.8188642761252167e-12
G3PATAI17,2.2227735658869174,2.2227735658869134
G3PATI14,0.0,0.0
G3PATI15,0.0,0.0
G3PATI16,0.0,0.0
G3PATI17,2.2227735658869174,2.222773565886913
G3PCT,40.847746981159716,40.84774698115966
G3PD1,-1000.0,-49.42543363661595
G3PD2,0.0,950.5745663633608
G3PD5,0.0,-7.987352134796321e-11
G3PD8,0.0,1.6516703164452735e-10
G3PO,0.0,-1.7415970431008678e-11
G4E,0.0,0.0
G5SADs,0.0,8.609793598573347
G5SDr,0.0,8.60979359857333
G6PBDH,-988.7384883521829,11.261511647155507
G6PDA,0.0,904.7595036806948
G6PDH2,0.0,1000.0
G6PI,-1000.0,1000.0
G6PI3,-458.67898170595066,1000.0
GAL6PI,0.0,-8.263210599101466e-12
GALCTD,0.0,0.0
GALK,0.0,-2.5096818824887914e-11
GALM1r,-999.9999999999931,1000.0
GALS3,0.0,-1.4688115824545888e-11
GALT,-983.3905195765846,1000.0
GALTpts,0.0,-2.4391213291318673e-11
GALU,-983.3905195765847,1000.0
GALabc,0.0,-1.3869433958915421e-11
GAMpts,0.0,-2.974343454470543e-11
GAPD,999.9999999999945,1000.0
GARFTi,0.0,999.5754879324661
GBBTNabc,0.0,-5.062181187133704e-12
GCALDL,0.0,0.0
GCCb,0.0,0.0
GCCc,0.0,0.0
GD1BS,0.0,0.0
GD2S,0.0,0.0
GDCABSHe,0.0,0.0
GDPDPL,0.0,0.0
GDPGALP,0.0,0.0
GEMPPT,0.0,0.0
GF6PTA,10.622345550646552,915.3818492313541
GGGABADr,-999.9999999999997,999.9999999999999
GGGABARr,-1000.0,1000.0
GGT,0.0,0.0
GGTT,0.8490241350629426,0.8490241350629428
GHMT2,0.0,-9.88855082228171e-12
GK1,-997.3083260498362,1000.0
GK2,-997.3083260498358,1000.0
GLCP,0.0,-7.162149847949897e-13
GLCS1,0.0,-7.749247314329338e-12
GLCabc,0.0,-7.749247314329383e-12
GLCpts,0.0,-1.583231623877784e-11
GLGC,0.0,-6.58528747275876e-12
GLHAH,0.0,0.0
GLNS,0.0,-7.749247314329385e-12
GLNSP1,0.0,0.0
GLNSP2,0.0,0.0
GLNSP3,0.0,0.0
GLRNTPT,0.0,0.0
GLTNOR,0.0,0.0
GLTPD,0.0,-7.594068394392883e-12
GLU5K,0.0,8.609793598573372
GLUCYS,0.42451206753147136,0.4245120675314703
GLUDC,0.0,0.0
GLUDy,-1000.0,-95.24049631932917
GLUFORT,0.0,0.0
GLUHL,0.0,0.0
GLUOX,28.122367247095216,1000.0
GLUPRT,0.0,-4.495801579317592e-12
GLUR,-0.09656677773323821,-0.09656677773323812
GLUSx,0.0,971.8776327528751
GLUTRS,0.0,0.0
GLUt2r,-951.7698001204311,48.23019987902695
GLXO1,0.0,0.0
GLYALDPP,0.0,0.0
GLYAMDTRc,0.0,0.0
GLYASN1c,4.810144060881235,4.810144061082757
GLYASNabc,4.810144060881236,4.810144061089304
GLYASP1c,0.0,-4.023418594535946e-13
GLYASPabc,0.0,-1.6684600906564116e-12
GLYBabc,0.0,0.0
GLYCDx,-1.17998419331373e-11,0.0
GLYCL,1.7514938993909506,1.7514938994072613
GLYCYSabc,0.0,3.8941845686036984
GLYCt,1.377379841183656,1.3773798411102078
GLYGLN1c,0.0,-3.771501786648541e-12
GLYGLNabc,0.0,-6.164509676592652e-13
GLYGLU1c,0.0,-5.981210322370453e-13
GLYGLUabc,0.0,-4.8564116893106035e-14
GLYK,0.0,-1.7852668119229865e-13
GLYLEUHYDROc,0.0,2.763984848905266e-13
GLYLEUPEPT1tc,0.0,6.049454338295008e-13
GLYMET1c,0.0,6.483837501924531e-13
GLYMETabc,0.0,-1.1258682327136007e-12
GLYOX,0.0,0.0
GLYPHEHYc,9.420353562269959,9.420353562271867
GLYPHEabc,9.420353562267858,9.420353562271837
GLYPROPRO1c,0.0,-6.000413416490528e-10
GLYPROabc,0.0,-3.135624302315019e-11
GLYTYR1c,5.9369774649750635,5.936977464979103
GLYTYRabc,5.936977464975434,5.936977464979088
GMPR,0.0,-8.670322138506289e-10
GMPS2,0.0,3.968502285158121e-13
GND,11.261511647486682,11.261511647545419
GNK,0.0,0.0
GNNUC,0.0,-1.5450471736764159e-12
GNOX,-999.9999999999999,999.9999999999999
GNOXy,-1000.0,1000.0
GOR,0.0,0.0
GPDDA1,0.0,0.0
GPDDA2,0.0,0.0
GPDDA4,0.0,0.0
GPOAT,0.0,0.0
GQ1S,0.0,0.0
GRNLOR,0.0,0.0
GRTT,0.9455909127961805,0.9455909127961817
GSPMDA,0.0,0.0
GT1BS,0.0,0.0
GTHP,0.0,-1.4295154780332834e-11
GTHRD,-1000.0,123.76286100697543
GTHS,0.4245120675311992,0.42451206753147075
GTLPOR,0.0,0.0
GTPDPK,0.0,0.0
GUAD,0.0,997.198264197241
GUAPRT,2.2671618826359383,2.2671618820073927
GUI1,0.0,0.0
GUI2,0.0,0.0
H2CO3D,97.43111482171008,97.43111482153114
H2O2OR,0.0,0.0
H2Ot,-1000.0,-1000.0000000002772
HCCOAHCLT,0.0,0.0
HCCOAHCMLT,0.0,0.0
HCCOAHCT,0.0,0.0
HCHAH,0.0,0.0
HCLCOAHCT,0.0,0.0
HCMLCOAHCLT,0.0,0.0
HCMLCOAHCT,0.0,0.0
HCYSMT,0.0,-1.578658013462357e-12
HCYSMT2,0.0,0.0
HDG3PACT,7.042842852023271e-12,0.0
HEMEti,0.4245120675314713,0.4245120675314711
HETT,0.8490241350629426,0.8490241350629418
HETZK,0.0,-3.875622922703831e-12
HEX1,0.0,-8.812869494727538e-12
HEX4,0.0,-1.4455759471507845e-11
HEX7,0.0,-2.1245010214744442e-11
HEXSabc,0.0,-1.7212277954774064e-12
HEXTT,0.8490241350629426,0.8490241350629418
HEXb,0.0,-1.0275937349340438e-11
HG2abc,0.0,-9.993431887926573e-12
HISTD,0.0,-1.2354489945879614e-12
HISTDOX,0.0,-2.2319784741521676e-12
HISTLOX,0.0,-2.233731405589321e-12
HISTP,0.0,-2.2337314055893212e-12
HMGCOARxi,7.854427635569158,7.854427635568225
HMGCOAS,-7.854427635566793,-7.854427635569165
HMPK1,0.0,-5.2424746027197285e-12
HMPyrABC,0.0,0.0
HMR_0350,0.0,0.0
HMR_0362,0.0,0.0
HMR_0366,0.0,0.0
HMR_0378,0.0,0.0
HMR_0382,0.0,0.0
HMR_0398,0.0,0.0
HMR_0402,0.0,0.0
HMR_0406,0.0,0.0
HMR_0410,0.0,0.0
HMR_0414,0.0,0.0
HMR_0795,0.0,0.0
HMR_0960,0.0,0.0
HMR_1710c,0.0,0.0
HMR_4227,0.0,0.0
HMR_6568,0.0,-5.485994902389229e-12
HMR_6671,0.0,0.0
HMR_7038,0.0,0.0
HMR_9800,0.0,0.0
HMSALDOR,0.0,0.0
HNALDOR,0.0,0.0
HOCHCCOAH,0.0,0.0
HPTHOOR,0.0,0.0
HSDx,-999.9999999999974,1000.0000000000002
HSDy,-1000.0,1000.0
HSK,0.0,-5.295174743612453e-12
HSST,0.0,0.0
HSTPTr,-1.0338104890427433e-11,0.0
HXPRT,5.288807523035473,5.288807522506649
HYD1,0.0,0.0
HYXNt,5.288807522740509,5.288807522503535
IAHDGK,0.0,-7.438640582784634e-12
IAPDGK,0.0,-4.848288781096675e-12
IBCOATA,0.0,0.0
ICDHy,0.0,6.96310315702277e-11
ICHORS,0.8490241350629426,0.849024135062942
ICHORT,0.0,0.0
IG3PS,0.0,-8.883403783308293e-12
IGPDH,0.0,-2.5572005431334105e-12
IGPS,2.9137385080286484,2.9137385080286466
IHDCOATA,0.0,0.0
IHDGK,0.0,-1.6388348358861928e-11
IHDUDPG,0.38626711093295246,0.38626711093295224
IHDUDPMG,0.38626711093295246,0.3862671109329516
IHPDCOATA,4.445547131773835,4.445547131773824
IHXDGK,0.0,0.0
ILETA,4.021035064245045,4.021035064242347
ILEabc,0.0,-1.6326866300868873e-11
ILEt2r,-981.5198797785704,18.480120221431605
ILEt4,0.0,1000.0
IMACTD,0.0,0.0
IMPC,8.941444706759221e-12,0.0
IMPD,0.0,-3.102759212836518e-12
INHINDH,0.0,0.0
INS2D,0.0,0.0
INSH,0.0,-5.43710747090467e-12
INULINASE,30.053126730227195,30.053126730205808
INULINabc,30.053126730227845,30.053126730227685
IPBET,0.0,0.0
IPDCOATA,0.0,2.1615735248107024e-14
IPDDI,0.9455909127961805,0.9455909127960762
IPDGK,0.0,0.0
IPMD2,0.0,0.0
IPMDr,0.0,-1.1175873292361471e-10
IPPMIa,2.1150886787347785e-11,-2.11357541985802e-14
IPPMIb,4.504449052339987e-11,0.0
ISETACabc,0.0,0.0
ITDCOATA,0.0,0.0
ITDGK,0.0,0.0
ITPF6PT,-1000.0,1000.0
IVCOATA,4.445547131773836,4.445547131775741
KARA1,-999.9999999999931,1000.0000000000001
KARA2,-999.5754879324686,1000.0
KARA3,-1000.0,1000.0
KAS14,0.0,0.0
KCHCCOAH,0.0,0.0
KDOCT2,0.0,0.0
KESTOASEe,0.0,49.20309904661518
KESTOPTASEe,0.0,24.60154952328057
KESTOTTRASEe,0.0,32.80206603107001
KHK,0.0,4.643023144039329e-11
Kt1r,0.42451206753147136,0.4245120680470242
Kt3,0.0,5.504329890544933e-10
LACL,0.0,711.6246905888114
LACpts,0.0,-8.064368053384525e-12
LARGNAT,0.0,0.0
LCNGDMAT,0.0,0.0
LCYSTCBOXL,0.0,0.0
LCYSTabc,0.0,-4.735156059633034e-12
LDH_L,-1000.0,-288.3753094107542
LEUTA,4.445547131957508,4.445547131774568
LEUabc,0.0,3.644612079857267e-12
LEUt2r,-976.9768034625305,23.02319653722808
LEUt4,0.0,1000.0
LGCN14LACH,0.0,0.0
LGTHL,0.0,0.0
LHAH,0.0,0.0
LPAMS,1.638844414024233e-11,0.0
LPCHOL23AM,0.0,0.0
LPLIPAL1A120,4.9877206234474745e-12,0.0
LPLIPAL1A140,1.2834416528262079e-11,3.5276740729195264e-12
LPLIPAL1A141,0.0,0.0
LPLIPAL1A160,1.0139704256269661e-11,3.4187855798511963e-12
LPLIPAL1A161,0.0,0.0
LPLIPAL1A180,0.0,-4.5953814654916875e-12
LPLIPAL1A181,0.0,0.0
LPLIPAL1E120,0.0,0.0
LPLIPAL1E140,0.0,0.0
LPLIPAL1E141,0.0,0.0
LPLIPAL1E160,0.0,0.0
LPLIPAL1E161,0.0,0.0
LPLIPAL1E180,0.0,0.0
LPLIPAL1E181,0.0,0.0
LPLIPAL1G120,0.0,0.0
LPLIPAL1G140,0.0,0.0
LPLIPAL1G141,0.0,0.0
LPLIPAL1G160,0.0,0.0
LPLIPAL1G161,0.0,0.0
LPLIPAL1G180,0.0,0.0
LPLIPAL1G181,0.0,0.0
LPLIPAL2A120,0.0,0.0
LPLIPAL2A140,0.0,0.0
LPLIPAL2A141,0.0,0.0
LPLIPAL2A160,0.0,0.0
LPLIPAL2A161,0.0,0.0
LPLIPAL2A180,0.0,0.0
LPLIPAL2A181,0.0,0.0
LPLIPAL2E120,0.0,0.0
LPLIPAL2E140,0.0,0.0
LPLIPAL2E141,0.0,0.0
LPLIPAL2E160,0.0,0.0
LPLIPAL2E161,0.0,0.0
LPLIPAL2E180,0.0,0.0
LPLIPAL2E181,0.0,0.0
LPLIPAL2G120,0.0,0.0
LPLIPAL2G140,0.0,0.0
LPLIPAL2G141,0.0,0.0
LPLIPAL2G160,0.0,0.0
LPLIPAL2G161,0.0,0.0
LPLIPAL2G180,0.0,0.0
LPLIPAL2G181,0.0,0.0
LSERE,0.0,0.0
LYSDC,0.0,-2.1497869951475e-12
L_LACD,0.0,0.0
L_LACD2,0.0,-1.2908519148610263e-10
L_LACD3,0.0,-1.5637362191352954e-11
L_LACt2r,-999.9999999999998,-288.37530941140557
M1PD,0.0,-1.0688346257104032e-11
MADGBG,0.0,0.0
MALCOAPYRCT,44.08454924043507,44.08454924023439
MALT,0.0,-2.244435232759105e-11
MALT6PH,0.0,-1.783843853124225e-11
MALTATr,0.0,0.0
MALTHXabc,0.0,-9.318456966935994e-12
MALTTRabc,0.0,-7.749247314329378e-12
MALTabc,0.0,-1.3219304242091313e-11
MALTpts,0.0,-1.693723356017948e-11
MAN6PI,0.0,-1.498500774558371e-11
MANA4,0.0,-5.535583651375724e-12
MANTRabc,0.0,-6.169008646309258e-12
MANabc,0.0,-4.206142258847222e-12
MANpts,0.0,-1.3880269454195895e-11
MBDGBG,0.0,0.0
MCLOR,0.0,0.0
MCOATA,53.346565581286,53.346565581277396
MCSNAH1r,0.0,0.0
MDH,1.2357515776100135e-11,0.0
MDOCPPT,0.0,0.0
ME1,0.0,-7.141488569457479e-12
ME2,0.0,-2.3445235337990387e-12
MELIBabc,0.0,-5.6804442899435465e-12
MESAAOR,0.0,0.0
METALA1c,6.917530459864242,6.917530459585105
METALAabc,6.91753045985711,6.917530459585272
METAT,0.8490241350629427,0.8490241350608917
METB1,0.0,1000.0
METDabc,0.0,-9.001243145921714e-12
METFR,-0.4245120675314705,-0.42451206753147136
METSOX1abc,0.0,-1.784606072682236e-10
METSOX2abc,0.0,-6.753815517734167e-12
METSOXR1r,0.0,-1.1236408605777105e-10
METabc,0.0,-1.8797679183526819e-10
MEVK1c,7.854427635569159,7.8544276355679745
MG2abc,0.0,-9.094941415860743e-12
MGSA,0.0,-1.2962262215161765e-11
MGt5,-0.4245120675314706,-0.42451206754321524
MI1PP,0.0,0.0
MI3PP,0.0,0.0
MI4PP,0.0,0.0
MIPHDDH,0.0,0.0
MLTP4,2.6263277377220545e-11,-1.9828956363136973e-11
MMSAD5,0.0,0.0
MNDLTOR,0.0,0.0
MNLpts,0.0,-1.4344351411631045e-11
MNabc,0.0,-9.497293178818046e-12
MNt2,0.42451206753162246,0.424512067531471
MOACL,0.0,0.0
MOPSabc,0.0,0.0
MPTGPH,0.0,0.0
MSALDOR,0.0,0.0
MSO3abc,0.0,0.0
MTAN,0.0,0.0
MTHFC,0.4245120675349099,1000.0
MTHFD,0.4245120675332946,0.4245120675319678
MTHPTGHM,0.0,-5.187873961419216e-12
NABALAAH,0.0,0.0
NACASPAH,0.0,0.0
NACabc,0.8490241350631889,0.8490241350633629
NADH10,0.0,-3.322640456706385e-11
NADH5,0.0,-9.84345521012558e-11
NADH6,15.629328431522561,15.629328431404241
NADH7,0.0,-5.992924748577865e-12
NADH8,0.0,-7.194865428810551e-12
NADH9,0.0,-4.2735158551900665e-11
NADK,0.0,0.42451206753173937
NADK2,0.0,0.4245120675315286
NADS1,0.8490241350631392,0.8490241350632206
NAPRT,1.2735362025946104,1.2735362025910801
NAt3_1,-999.9999999999998,1000.0
NDPK1,-992.0195185273298,1000.0
NDPK10,0.0,0.0
NDPK2,-1000.0,1000.0
NDPK3,-1000.0,1000.0
NDPK4,-999.0975302356684,1000.0
NDPK5,-999.4654260798703,1000.0
NDPK6,-1000.0,1000.0
NDPK7,-1000.0,1000.0
NDPK8,-1000.0,1000.0
NDPK9,-1000.0,1000.0
NEU21,0.0,0.0
NEU23,0.0,0.0
NFASPAH,0.0,0.0
NGNDMAT,0.0,0.0
NH4tb,-1000.0,-1000.0000000004333
NMNAT,3.0000794493891675e-12,0.0
NMNPH,0.0,-2.411126753781139e-12
NNAM,0.0,2.218462446330166e-12
NNATr,0.8490241350629295,0.8490241350653488
NNDMBRT,0.42451206753147136,0.4245120675314717
NP1_r,3.134858123923623e-12,0.0
NPHS,0.8490241350629426,0.8490241350629416
NPPH,0.0,0.0
NPR,0.0,-7.706953012005301e-12
NPTHALDOR,0.0,0.0
NPTHLTOR,0.0,0.0
NT5C,0.0,-9.076510248956636e-13
NTD1,0.0,-7.89919478839755e-12
NTD10,0.0,-1.700353430960425e-12
NTD11,0.0,-2.8599579320133113e-12
NTD2,0.0,-5.291623552643383e-12
NTD3,0.0,-5.895172260096808e-12
NTD4,0.0,-7.293409237015906e-12
NTD5,0.0,-2.735028463880956e-12
NTD5_a,0.0,-1.160962603157802e-12
NTD6,0.0,-9.22234321972086e-12
NTD7,0.0,-6.3817330823888985e-12
NTD8,0.0,-5.785425326686849e-12
NTD9,0.0,-2.4245136008208958e-12
NTPTP1,0.0,-3.6124005389022744e-12
NZP_NR,-831.570733209984,1000.0
O16G2e,0.0,1000.0
O2t5i,999.9999999999867,1000.0
OAACLi,0.0,-4.086707488159886e-12
OAADC,0.0,3.697452301395915e-12
OAASr,-5.4867632106483474e-11,0.0
OBTFL,-2.8594925159747865e-13,0.0
OCBT,10.34052090892434,10.340520908922116
OHNADOR,0.0,0.0
OHOR,0.0,0.0
OHPBAT,0.0,0.0
OIVD1r,4.445547131773834,4.445547131773603
OIVD3,4.445547131773326,4.445547131773308
OMBZLM,0.0,0.0
OMCDC,0.0,-8.06932623468037e-11
OMMBLHX3,0.0,-2.40920891892881e-12
OMPDC,0.0,-3.987143728183837e-12
OMPHHX3,0.0,0.0
OPAHir,0.0,0.0
OPHHX3,0.0,0.0
ORNCD,0.0,8.609793598573347
ORNDC,0.0,-3.5950801222182014e-12
OROTPT,0.0,-6.193904558334015e-13
P5CRyr,-1000.0,0.0
PAAI17P,0.3862671109329525,0.38626711091806
PACALDOHL,0.0,0.0
PAI17P,0.3862671109329525,0.38626711092702654
PAPPT2,0.0,0.0
PAPPT3,0.0965667777332381,0.0965667777327815
PBt,0.0,0.0
PCOAAT,0.0,0.0
PCYSOR,0.0,0.0
PDHbr,0.0,0.0
PDHc,0.0,0.0
PEHL,0.0,0.0
PEPGLY,0.0965667777332381,0.09656677773323791
PERD,0.0,0.0
PETHCT,0.0,0.0
PFK,0.0,1000.0
PFK_2,0.0,1000.0
PFK_3,0.0,999.4723447117627
PFL,288.3753094115533,1000.0
PGAMT,-134.38520655744838,-10.622345550658498
PGCDr,0.0,0.0
PGI,-458.6789817055322,1000.0
PGK,-1000.0000000000001,-1000.0000000000034
PGL,11.261511647926953,11.261511647771453
PGLYCP,0.0,0.0
PGM,-1000.0,-1000.0000000000035
PGMT,267.98652475912326,267.986524759099
PGMT2,3.228530785266387e-11,-3.293584942393655e-12
PGPGT,0.09656677773323809,0.09656677773323805
PGPP120,0.0,0.0
PGPP140,0.0,0.0
PGPP141,0.0,0.0
PGPP160,0.0,0.0
PGPP161,0.0,0.0
PGPP180,1.3773798412154734,1.3773798412154739
PGPP181,0.0,0.0
PGPPAI15,0.0,0.0
PGPPAI17,1.3773798412154734,1.3773798412154739
PGPPI14,0.0,0.0
PGPPI15,0.0,0.0
PGPPI16,0.0,0.0
PGPPI17,1.3773798412154734,1.3773798412154739
PGSA120,0.0,0.0
PGSA140,0.0,0.0
PGSA141,0.0,0.0
PGSA160,0.0,0.0
PGSA161,0.0,0.0
PGSA180,1.3773798412154734,1.3773798412154736
PGSA181,0.0,0.0
PGSAAI15,0.0,0.0
PGSAAI17,1.3773798412154734,1.377379841215472
PGSAI14,0.0,0.0
PGSAI15,0.0,0.0
PGSAI16,0.0,0.0
PGSAI17,1.3773798412154734,1.377379841215471
PHETA1,2.245247888729654e-12,0.0
PHPT,0.0,0.0
PHYQS,0.0,0.0
PIMEtr,0.0,0.0
PIabc,0.0,-4.088717804334223e-12
PIt6b,-933.3926252922804,-933.3926252922925
PLPS,0.4245120675314713,0.42451206753147125
PMANM,0.0,0.0
PMEVKc,7.8544276355691585,7.8544276355691505
PMPK,0.0,-3.045132296410139e-13
PMTCOATA,6.7731342200054554e-12,0.0
PNP,0.0,1.8821861286078006e-12
PNSDOPRT,0.0,0.0
PNTK,0.8490241350633587,0.8490241350623245
PNTOabc,0.8490241350633587,0.8490241350628276
POHNADOR,0.0,0.0
PPA,0.0,123.76286100704807
PPACTPNHL,0.0,0.0
PPAKr,0.0,0.0
PPCDC,0.8490241350634186,0.8490241350624713
PPCK,0.0,-1.638834835886185e-11
PPCOACAT,0.0,0.0
PPDMCOR,0.0,0.0
PPH,0.0,0.0
PPHTDK,0.0,0.0
PPHTDT,0.0,0.0
PPIACPT,10.340520908934646,134.10338191583355
PPIt2e,0.0,1.4480404558845978e-12
PPM,-4.439483972141393,-4.439483972183966
PPNCL3,0.0,0.8490241350624276
PPND,0.0,-2.6609187566651633e-12
PPND2,0.0,-1.975221960070196e-12
PPNDH,0.0,1.822354432046114e-12
PPTT,0.8490241350629426,0.8490241350629424
PRAGS,0.0,-6.874040121385534e-12
PRAI,2.9137385080286484,2.9137385080286458
PRAIS,0.0,-6.874040121385533e-12
PRAMPC,0.0,-4.060333522004096e-12
PRASCSi,0.0,-5.9456881177518525e-12
PRATPP,0.0,-4.060333522004097e-12
PRDX,0.0,-7.179698859172195e-12
PRFGS,0.0,1.7882918940446463e-13
PRMICI,0.0,-3.72142590922369e-12
PRO1x,0.0,1000.0
PRPPS,11.74324411576013,11.743244115747563
PSCNABT,0.0,0.0
PSCVT,3.762762643091592,3.762762643087962
PSD180,0.45912661373849106,0.4591266137384908
PSDAI17,0.45912661373849106,0.4591266137384905
PSDI17,0.45912661373849106,0.4591266137384905
PSERT,0.0,0.0
PSSA180,0.45912661373849106,0.4591266137384904
PSSAAI17,0.45912661373849106,0.4591266137384904
PSSAI17,0.45912661373849106,0.4591266137384904
PTA2,0.0,0.0
PTAr,865.8966180842251,989.6594790910848
PTPAT,0.849024135062531,0.8490241350624533
PTRCABT,0.0,0.0
PTRCabc,0.4245120675361273,0.4245120675314702
PUNP1,1.2210010874212288e-11,-1.2317362403115674e-10
PUNP2,4.0818689705753924e-11,-1.0156608798704348e-11
PUNP3,2.801735802759558,999.9999999999977
PUNP4,-0.5345739201220644,-0.534573920122713
PUNP5,3.2389134425453396e-12,-3.1364905806703207e-12
PUNP6,0.0,1.6135819483838452e-13
PUNP7,-1000.0,-2.80173580275682
PYDAMK,0.0,-2.8919904278706034e-12
PYDXK,0.0,0.0
PYDXNK,0.0,0.0
PYDXNabc,0.0,0.0
PYK,707.781902753579,707.7819027535619
PYNP1r,1.649588052268826e-12,0.0
PYNP2r,-4.439483972138214,-4.4394839721789126
PYRCT,0.0,0.0
Q8abc,0.42451206753326415,0.4245120675314702
R406te,1000.0000000000114,1000.0
R5PAT,0.0,-8.858566680465886e-13
R5PPT,0.0,0.0
R788t2,1000.0000000000045,999.999999999999
RAFFabc,0.0,-6.493693311904493e-12
RAFGH,0.0,-1.8884720345844746e-12
RAFH,3.1598292116636213e-12,-1.2589813563896485e-12
RB5PE,0.0,0.0
RBFK,0.4245120675314713,0.4245120675314712
RBK,0.0,-2.0263971281565742e-11
RBK_D,0.0,-3.0769070218660804e-12
RCTRNLOR,0.0,0.0
RDH1,0.0,0.0
RE0577C,0.0,0.0
RE0578C,0.0,0.0
RE0579C,0.0,0.0
RE1944C,0.0,0.0
RE3237C,0.0,0.0
RE3238C,0.0,0.0
RE3239C,0.0,0.0
RETI1,0.0,0.0
RHCCE,0.0,5.66541610375338e-13
RIBFLVt2r,0.8490241350652483,0.8490241350629412
RIBFLVt3,0.0,-1.669093021495341e-11
RIBabc,0.0,-2.7760538908391737e-12
RNDR1,0.0,0.9024697643240525
RNDR2,0.0,-6.370254713763136e-12
RNDR3,0.0,0.5345739201208328
RNDR4,0.0,0.9024697643292501
RNTR1,0.0,0.9024697643265251
RNTR2,0.0,-5.9079424780578995e-12
RNTR3,0.0,0.5345739201130851
RNTR4,0.0,0.9024697643258616
RPE,-4.818073219541943,-4.818073219684688
RPI,-15.655072799639102,-15.655072799680037
RTCLNOR,0.0,0.0
RTNLAT,0.0,0.0
RZ5PP,0.4245120675314714,0.42451206753147114
S17BPH,0.0,-1.1516136684605644e-11
S1FBFRCTSLT,0.0,0.0
SADH,0.0,0.0
SALCpts,0.0,0.0
SBTD_D2,0.0,0.0
SBTPD,0.0,-4.1134537136294914e-12
SBTpts,0.0,-3.797034197196444e-12
SCALDOR,0.0,0.0
SCTRNLOR,0.0,0.0
SEAHCYSHYD,0.0,0.0
SELCYSS,0.0,0.0
SEPHCHS,0.8490241350629426,0.8490241350629424
SERATi,0.0,123.76286100681975
SERt2r,375.05697154477303,375.05697154420864
SGAT,0.0,-3.0920516295766624e-12
SHCHCS3,0.8490241350629426,0.8490241350629429
SHEMEabc,0.4245120675314713,0.4245120675314706
SHK3Dr,3.762762643091591,3.7627626430870866
SHKK,3.7627626430915915,3.762762643090589
SHMGTyOX,0.0,0.0
SHSL1r,-1000.0,-0.4245120675314712
SHSL2,0.0,999.5754879324686
SHSL4,0.4245120675314717,0.42451206753071247
SLBSL,0.0,0.0
SMCNPT,0.0,0.0
SNG3PQOR,0.0,0.0
SO4t2,-475.6156021654516,-475.6156021659533
SOHOR,0.0,0.0
SPMDabc,0.4245120675314713,0.42451206753147114
SPMS,0.0,0.0
SPODM,0.0,0.0
SPTc,0.0,0.0
SRBL1PR,0.0,0.0
STCOATA,2.634295772225246e-12,0.0
STS1,0.0,0.0
STYSGH,3.773009752430223e-12,-7.110581647981103e-12
STYSabc,0.0,-4.013003073491995e-12
SUCBZL,0.8490241350629426,0.8490241350629416
SUCBZS,0.8490241350629426,0.8490241350629419
SUCCt2r,-15.62932843142436,-15.629328431428233
SUCD1,2.205142883543718e-10,0.0
SUCR,0.0,-8.424228446888327e-12
SUCpts,0.0,-6.845711125368719e-12
SUDPDGT,0.38626711093295246,0.3862671109329522
SUDPMGT,0.38626711093295246,0.38626711093295246
SULFACabc,0.0,0.0
SULabc,0.0,-5.65699312654461e-12
TALA,-1000.0,-0.5276552883598109
TAUAT,0.0,0.0
TAURabc,0.0,0.0
TCLPOR,0.0,0.0
TDAPNTOR,-999.9999999999999,1000.0
TDAPOR,-999.9999999999999,1000.0
TDCABSHe,0.0,1000.0
TDCOATA,-999.9999999999944,0.0
TDG3PACT,-999.9999999999981,1.0971413536122661e-12
TDPGDH,0.0,0.0
TECA1S180,0.3862671109329524,0.38626711093295263
TECA1SAI17,0.3862671109329524,0.3862671109329521
TECA1SI17,0.3862671109329524,0.386267110932952
TECA2S180,0.0965667777332381,0.096566777733238
TECA2SAI17,0.0965667777332381,0.096566777733238
TECA2SI17,0.0965667777332381,0.096566777733238
TECA3S180,0.09656677773323809,0.09656677773323802
TECA3SAI17,0.09656677773323809,0.09656677773323802
TECA3SI17,0.09656677773323809,0.09656677773323802
TECA4S,0.09656677773323809,0.09656677773323802
TECA5S140,0.0,0.0
TECA5S160,0.0,0.0
TECA5S180,0.09656677773323809,0.09656677773323799
TECA5SAI15,0.0,0.0
TECA5SAI17,0.0965667777332381,0.09656677773323799
TECA5SI14,0.0,0.0
TECA5SI15,0.0,0.0
TECA5SI16,0.0,0.0
TECA5SI17,0.0965667777332381,0.09656677773323799
TECAAE,0.09656677773323809,0.09656677773323799
TECAGE,0.09656677773323809,0.09656677773323799
TECAUE,0.09656677773323809,0.09656677773323799
TGBPA,0.0,-1.4221163295962171e-11
THFHL,1.1652772411915053e-11,999.5754879324653
THII,0.0,0.0
THIORDXi,0.0,-4.792007307585503e-12
THMabc,0.4245120675314713,0.424512067531471
THRD_L,0.0,-3.892121685862279e-12
THRS,0.0,-3.4624894672818195e-12
THSFST,0.0,0.0
THZPSN,0.0,0.0
TIMNPOR,0.0,0.0
TKT1,-0.5276552882183417,-0.5276552883291786
TKT2,-4.290417931288995,-4.290417931426152
TMAt2r,-1000.0000000000001,-88.066767958896
TMCOR,-1000.0,1000.0
TMDK1,0.0,-6.558227286221122e-12
TMDPK,0.4245120675307684,0.42451206753147114
TMDS,0.9024697643316129,0.9024697643316119
TMIPHDH,0.0,0.0
TMN,0.0,-3.875622922703833e-12
TMPK,0.0,-2.7434498458192296e-12
TMPPP,0.0,-2.7434498458192304e-12
TMPPP_1,0.0,0.0
TMRPNCOR,-1000.0000000000001,999.9999999999999
TPI,476.4551658872134,476.45516588718795
TPRDPCOAS,0.0,0.0
TPTHOR,0.0,0.0
TRDOXOX,0.0,0.0
TRDRr,-997.6604865511696,126.10237445567269
TRE6PH,0.0,-1.807211782189777e-11
TRE6PPGT,284.59600518253114,284.5960051825116
TREGLUDR2,0.0,0.0
TREpts,284.5960051825268,284.5960051825096
TRIOK,0.0,-1.890643592225633e-11
TRPS1,0.0,2.9137385080286475
TRPS2,0.0,2.913738508028641
TRPS3r,0.0,2.9137385080286395
TRSAR,0.0,1000.0000000000001
TRSARry,-1000.0,0.0
TSULST,-123.76286100706973,1000.0
TSULabc,0.0,-1.0140230823401766e-11
TYRTA,9.5139682277659e-13,0.0
UAAGDS,0.09656677773323812,0.09656677773323791
UACMAMAT,0.2897003331997143,0.2897003331997135
UAG2E,0.2897003331997143,0.2897003331997135
UAG2EMA,0.0,0.0
UAG4E,2.8970033319971424,2.8970033319971344
UAGCVT_r,0.09656677773323812,0.09656677773323787
UAGDP,10.622345550656188,10.622345550656163
UAGPT2,0.0,0.0
UAGPT3,0.0965667777332381,0.09656677773323784
UAMAGS,0.09656677773323812,0.09656677773323785
UAMAS,0.09656677773323812,0.09656677773323784
UAPGR,0.09656677773323812,0.09656677773323784
UCPGPT,0.0,0.0
UDCPDP,0.09656677773323802,0.09656677773323784
UDCPDPS,0.09656677773323799,0.09656677773323781
UDPG4E,1.489093610613471e-11,0.0
UDPGBGT,0.0,0.0
UDPGDr,0.0965614310316306,0.09656143103163033
UGLT,-1000.0000000000002,983.3905195765653
UGMDDS,0.09656677773323809,0.09656677773323796
UMPK,7.722754415107312,7.722754415053277
UNK3,0.0,0.0
UPPRT,0.0,-1.4182362056085986e-11
URAt2,4.4394839721515105,4.439483972149045
URDGLYCD,0.0,1000.0000000000003
URDGLYCR,-1000.0,0.0
URIDK3,-0.9024697643330235,-0.9024697644167882
URIK1,0.0,4.439483972140108
URIK10,0.0,-1.2935081497205863e-11
URIK11,0.0,-2.096855155642064e-11
URIK12,0.0,-3.64670461850794e-12
URIK13,0.0,-2.0512713479107157e-11
URIK14,0.0,-4.558380773134933e-12
URIK2,0.0,4.439483972137384
URIK3,0.0,4.439483972136273
URIK4,0.0,4.439483972140103
URIK5,0.0,4.439483972135552
URIK6,0.0,4.4394839721399
URIK7,0.0,4.439483972142784
URIK8,0.0,4.439483972140069
URIK9,0.0,4.43948397213593
URNRT,0.0,0.0
UTPATPT,-1000.0,1000.0
VALTA,2.8552064535291357e-12,-1.2161759902723705e-10
VALabc,0.0,-8.010000319559678e-12
VALt2r,-983.5471298133627,16.452870186500462
VALt4,0.0,1000.0
VCNH,0.0,0.0
VMCNPT,0.0,0.0
VXNTHNNI,0.0,0.0
VXTHNNXI,0.0,0.0
XANt2,2.8017358027566472,2.801735802407404
XNTHNH,0.0,0.0
XPPT,0.0,-5.7035103873061946e-12
XTSNH,0.0,-5.442621845281063e-12
XYLI1,0.0,0.0
XYLI2,30.053126730239523,30.053126730209556
YUMPS,0.0,0.0
ZNabc,0.4245120675314713,0.42451206753147064
dreplication,53.4670160751,53.46701607510003
pbiosynthesis,53.4670160751,53.46701607510003
r0010,0.0,8.276848202680045e-12
r0060,0.0,358.75236539076786
r0082,0.0,1.0200592192362802e-10
r0127,0.0,-5.832725144327467e-12
r0191,0.0,1000.0
r0236,0.0,0.0
r0330,0.0,0.0
r0339,7.344057912272949e-12,-2.356258478635123e-12
r0345,2.886820105245602e-12,-3.1159788570643663e-11
r0381,0.0,0.0
r0392,9.424874320750274e-12,-5.10272706751958e-12
r0422,0.0,-6.231957714128967e-11
r0456,0.5345739201249516,0.5345739201157313
r0570,-0.5345739201243183,-0.5345739201284887
r0578,0.0,0.0
r0610,-1000.0,1000.0
r0611,-1000.0,1000.0000000000003
r0612,-1000.0,-5.115907697472721e-12
r0641,0.0,0.0
r0671,0.0,0.8490241350625835
r0679,0.0,0.0
r0739,0.0,0.0
r1144,0.0,1000.0
r1384,-1000.0,-2.8017358027607475
r2137,0.42451206753147136,0.424512067531471
rtranscription,53.4670160751,53.4670160751
sink_PGPm1[c],-1.0693403215023516e-05,-1.0693403215038004e-05
t7ACZP,-999.9999999999999,831.5707332113541
tANZP,-999.9999999999999,831.5707332113273
tCAP,-1000.0,-1000.0000000009736
tCZP,-831.5707332118444,999.9999999999999
tNCAP,999.9999999991551,1000.0
tNZP,-831.5707332118848,1000.0000000000001
bio1,53.46701607509999,53.467016075099984
