ASV,cpd00106_RC-ABX_-1.5,cpd00036_RC-ABX_-1.5,cpd00033_RC-ABX_-1.5,cpd00129_RC-ABX_-1.5,cpd00082_RC-ABX_-1.5,cpd00023_RC-ABX_-1.5,cpd00107_RC-ABX_-1.5,cpd00224_RC-ABX_-1.5,cpd00060_RC-ABX_-1.5,cpd00137_RC-ABX_-1.5,cpd00027_RC-ABX_-1.5,cpd00076_RC-ABX_-1.5,cpd00322_RC-ABX_-1.5,cpd01171_RC-ABX_-1.5,cpd00550_RC-ABX_-1.5,cpd00041_RC-ABX_-1.5,cpd00122_RC-ABX_-1.5,cpd00108_RC-ABX_-1.5,cpd00130_RC-ABX_-1.5,cpd00211_RC-ABX_-1.5,cpd00024_RC-ABX_-1.5,cpd00105_RC-ABX_-1.5,cpd00156_RC-ABX_-1.5,cpd00158_RC-ABX_-1.5,cpd00039_RC-ABX_-1.5,cpd00064_RC-ABX_-1.5,cpd00141_RC-ABX_-1.5,cpd00020_RC-ABX_-1.5,cpd00029_RC-ABX_-1.5,cpd01242_RC-ABX_-1.5,cpd00035_RC-ABX_-1.5,cpd00132_RC-ABX_-1.5,cpd01107_RC-ABX_-1.5,cpd00119_RC-ABX_-1.5,cpd03198_RC-ABX_-1.5,cpd00084_RC-ABX_-1.5,cpd03847_RC-ABX_-1.5,cpd00218_RC-ABX_-1.5,cpd00214_RC-ABX_-1.5,cpd00066_RC-ABX_-1.5,cpd00382_RC-ABX_-1.5,cpd00161_RC-ABX_-1.5,cpd00069_RC-ABX_-1.5,cpd00121_RC-ABX_-1.5,cpd01293_RC-ABX_-1.5,cpd01055_RC-ABX_-1.5,cpd00751_RC-ABX_-1.5,cpd00396_RC-ABX_-1.5,cpd00851_RC-ABX_-1.5,cpd00106_RC-ABX_1.5,cpd00036_RC-ABX_1.5,cpd00033_RC-ABX_1.5,cpd00129_RC-ABX_1.5,cpd00082_RC-ABX_1.5,cpd00023_RC-ABX_1.5,cpd00107_RC-ABX_1.5,cpd00224_RC-ABX_1.5,cpd00060_RC-ABX_1.5,cpd00137_RC-ABX_1.5,cpd00027_RC-ABX_1.5,cpd00076_RC-ABX_1.5,cpd00322_RC-ABX_1.5,cpd01171_RC-ABX_1.5,cpd00550_RC-ABX_1.5,cpd00041_RC-ABX_1.5,cpd00122_RC-ABX_1.5,cpd00108_RC-ABX_1.5,cpd00130_RC-ABX_1.5,cpd00211_RC-ABX_1.5,cpd00024_RC-ABX_1.5,cpd00105_RC-ABX_1.5,cpd00156_RC-ABX_1.5,cpd00158_RC-ABX_1.5,cpd00039_RC-ABX_1.5,cpd00064_RC-ABX_1.5,cpd00141_RC-ABX_1.5,cpd00020_RC-ABX_1.5,cpd00029_RC-ABX_1.5,cpd01242_RC-ABX_1.5,cpd00035_RC-ABX_1.5,cpd00132_RC-ABX_1.5,cpd01107_RC-ABX_1.5,cpd00119_RC-ABX_1.5,cpd03198_RC-ABX_1.5,cpd00084_RC-ABX_1.5,cpd03847_RC-ABX_1.5,cpd00218_RC-ABX_1.5,cpd00214_RC-ABX_1.5,cpd00066_RC-ABX_1.5,cpd00382_RC-ABX_1.5,cpd00161_RC-ABX_1.5,cpd00069_RC-ABX_1.5,cpd00121_RC-ABX_1.5,cpd01293_RC-ABX_1.5,cpd01055_RC-ABX_1.5,cpd00751_RC-ABX_1.5,cpd00396_RC-ABX_1.5,cpd00851_RC-ABX_1.5,cpd00106_RC-ABX_4.0,cpd00036_RC-ABX_4.0,cpd00033_RC-ABX_4.0,cpd00129_RC-ABX_4.0,cpd00082_RC-ABX_4.0,cpd00023_RC-ABX_4.0,cpd00107_RC-ABX_4.0,cpd00224_RC-ABX_4.0,cpd00060_RC-ABX_4.0,cpd00137_RC-ABX_4.0,cpd00027_RC-ABX_4.0,cpd00076_RC-ABX_4.0,cpd00322_RC-ABX_4.0,cpd01171_RC-ABX_4.0,cpd00550_RC-ABX_4.0,cpd00041_RC-ABX_4.0,cpd00122_RC-ABX_4.0,cpd00108_RC-ABX_4.0,cpd00130_RC-ABX_4.0,cpd00211_RC-ABX_4.0,cpd00024_RC-ABX_4.0,cpd00105_RC-ABX_4.0,cpd00156_RC-ABX_4.0,cpd00158_RC-ABX_4.0,cpd00039_RC-ABX_4.0,cpd00064_RC-ABX_4.0,cpd00141_RC-ABX_4.0,cpd00020_RC-ABX_4.0,cpd00029_RC-ABX_4.0,cpd01242_RC-ABX_4.0,cpd00035_RC-ABX_4.0,cpd00132_RC-ABX_4.0,cpd01107_RC-ABX_4.0,cpd00119_RC-ABX_4.0,cpd03198_RC-ABX_4.0,cpd00084_RC-ABX_4.0,cpd03847_RC-ABX_4.0,cpd00218_RC-ABX_4.0,cpd00214_RC-ABX_4.0,cpd00066_RC-ABX_4.0,cpd00382_RC-ABX_4.0,cpd00161_RC-ABX_4.0,cpd00069_RC-ABX_4.0,cpd00121_RC-ABX_4.0,cpd01293_RC-ABX_4.0,cpd01055_RC-ABX_4.0,cpd00751_RC-ABX_4.0,cpd00396_RC-ABX_4.0,cpd00851_RC-ABX_4.0,cpd00106_RC-ABX_6.0,cpd00036_RC-ABX_6.0,cpd00033_RC-ABX_6.0,cpd00129_RC-ABX_6.0,cpd00082_RC-ABX_6.0,cpd00023_RC-ABX_6.0,cpd00107_RC-ABX_6.0,cpd00224_RC-ABX_6.0,cpd00060_RC-ABX_6.0,cpd00137_RC-ABX_6.0,cpd00027_RC-ABX_6.0,cpd00076_RC-ABX_6.0,cpd00322_RC-ABX_6.0,cpd01171_RC-ABX_6.0,cpd00550_RC-ABX_6.0,cpd00041_RC-ABX_6.0,cpd00122_RC-ABX_6.0,cpd00108_RC-ABX_6.0,cpd00130_RC-ABX_6.0,cpd00211_RC-ABX_6.0,cpd00024_RC-ABX_6.0,cpd00105_RC-ABX_6.0,cpd00156_RC-ABX_6.0,cpd00158_RC-ABX_6.0,cpd00039_RC-ABX_6.0,cpd00064_RC-ABX_6.0,cpd00141_RC-ABX_6.0,cpd00020_RC-ABX_6.0,cpd00029_RC-ABX_6.0,cpd01242_RC-ABX_6.0,cpd00035_RC-ABX_6.0,cpd00132_RC-ABX_6.0,cpd01107_RC-ABX_6.0,cpd00119_RC-ABX_6.0,cpd03198_RC-ABX_6.0,cpd00084_RC-ABX_6.0,cpd03847_RC-ABX_6.0,cpd00218_RC-ABX_6.0,cpd00214_RC-ABX_6.0,cpd00066_RC-ABX_6.0,cpd00382_RC-ABX_6.0,cpd00161_RC-ABX_6.0,cpd00069_RC-ABX_6.0,cpd00121_RC-ABX_6.0,cpd01293_RC-ABX_6.0,cpd01055_RC-ABX_6.0,cpd00751_RC-ABX_6.0,cpd00396_RC-ABX_6.0,cpd00851_RC-ABX_6.0,cpd00106_RC-ABX_9.0,cpd00036_RC-ABX_9.0,cpd00033_RC-ABX_9.0,cpd00129_RC-ABX_9.0,cpd00082_RC-ABX_9.0,cpd00023_RC-ABX_9.0,cpd00107_RC-ABX_9.0,cpd00224_RC-ABX_9.0,cpd00060_RC-ABX_9.0,cpd00137_RC-ABX_9.0,cpd00027_RC-ABX_9.0,cpd00076_RC-ABX_9.0,cpd00322_RC-ABX_9.0,cpd01171_RC-ABX_9.0,cpd00550_RC-ABX_9.0,cpd00041_RC-ABX_9.0,cpd00122_RC-ABX_9.0,cpd00108_RC-ABX_9.0,cpd00130_RC-ABX_9.0,cpd00211_RC-ABX_9.0,cpd00024_RC-ABX_9.0,cpd00105_RC-ABX_9.0,cpd00156_RC-ABX_9.0,cpd00158_RC-ABX_9.0,cpd00039_RC-ABX_9.0,cpd00064_RC-ABX_9.0,cpd00141_RC-ABX_9.0,cpd00020_RC-ABX_9.0,cpd00029_RC-ABX_9.0,cpd01242_RC-ABX_9.0,cpd00035_RC-ABX_9.0,cpd00132_RC-ABX_9.0,cpd01107_RC-ABX_9.0,cpd00119_RC-ABX_9.0,cpd03198_RC-ABX_9.0,cpd00084_RC-ABX_9.0,cpd03847_RC-ABX_9.0,cpd00218_RC-ABX_9.0,cpd00214_RC-ABX_9.0,cpd00066_RC-ABX_9.0,cpd00382_RC-ABX_9.0,cpd00161_RC-ABX_9.0,cpd00069_RC-ABX_9.0,cpd00121_RC-ABX_9.0,cpd01293_RC-ABX_9.0,cpd01055_RC-ABX_9.0,cpd00751_RC-ABX_9.0,cpd00396_RC-ABX_9.0,cpd00851_RC-ABX_9.0,cpd00106_RC-ABX_12.5,cpd00036_RC-ABX_12.5,cpd00033_RC-ABX_12.5,cpd00129_RC-ABX_12.5,cpd00082_RC-ABX_12.5,cpd00023_RC-ABX_12.5,cpd00107_RC-ABX_12.5,cpd00224_RC-ABX_12.5,cpd00060_RC-ABX_12.5,cpd00137_RC-ABX_12.5,cpd00027_RC-ABX_12.5,cpd00076_RC-ABX_12.5,cpd00322_RC-ABX_12.5,cpd01171_RC-ABX_12.5,cpd00550_RC-ABX_12.5,cpd00041_RC-ABX_12.5,cpd00122_RC-ABX_12.5,cpd00108_RC-ABX_12.5,cpd00130_RC-ABX_12.5,cpd00211_RC-ABX_12.5,cpd00024_RC-ABX_12.5,cpd00105_RC-ABX_12.5,cpd00156_RC-ABX_12.5,cpd00158_RC-ABX_12.5,cpd00039_RC-ABX_12.5,cpd00064_RC-ABX_12.5,cpd00141_RC-ABX_12.5,cpd00020_RC-ABX_12.5,cpd00029_RC-ABX_12.5,cpd01242_RC-ABX_12.5,cpd00035_RC-ABX_12.5,cpd00132_RC-ABX_12.5,cpd01107_RC-ABX_12.5,cpd00119_RC-ABX_12.5,cpd03198_RC-ABX_12.5,cpd00084_RC-ABX_12.5,cpd03847_RC-ABX_12.5,cpd00218_RC-ABX_12.5,cpd00214_RC-ABX_12.5,cpd00066_RC-ABX_12.5,cpd00382_RC-ABX_12.5,cpd00161_RC-ABX_12.5,cpd00069_RC-ABX_12.5,cpd00121_RC-ABX_12.5,cpd01293_RC-ABX_12.5,cpd01055_RC-ABX_12.5,cpd00751_RC-ABX_12.5,cpd00396_RC-ABX_12.5,cpd00851_RC-ABX_12.5,cpd01242_ave,cpd01293_ave,cpd00035_ave,cpd01055_ave,cpd00224_ave,cpd00132_ave,cpd00041_ave,cpd00158_ave,cpd00137_ave,cpd00084_ave,cpd01107_ave,cpd01171_ave,cpd00082_ave,cpd00751_ave,cpd00106_ave,cpd00108_ave,cpd00027_ave,cpd00023_ave,cpd00033_ave,cpd00119_ave,cpd00322_ave,cpd00107_ave,cpd00039_ave,cpd00130_ave,cpd03198_ave,cpd00060_ave,cpd03847_ave,cpd00122_ave,cpd00218_ave,cpd00064_ave,cpd00214_ave,cpd00066_ave,cpd00129_ave,cpd00020_ave,cpd00382_ave,cpd00396_ave,cpd00105_ave,cpd00550_ave,cpd00036_ave,cpd00076_ave,cpd00161_ave,cpd00069_ave,cpd00156_ave,cpd00024_ave,cpd00121_ave,cpd00851_ave,cpd00029_ave,cpd00211_ave,cpd00141_ave
Lactobacillus.3,0,0,0.072009804,0,0.518442454,0,-0.074908948,0,0,0,0,0,0,0,0,0,-0.380520927,0,0,0,0,0,0,0,-0.071242455,0,-0.113800209,0,-2.172810488,0,0,-0.031977641,0,-0.017667205,0,-0.041784852,0,-0.002913992,-0.044816376,-0.03798449,0,-0.040281227,-0.023939063,-0.07032452,0,-0.044009633,0,0,0,0,0,0.515180381,0,1.017905342,0,-0.301712416,0,0,0,0,-0.814034609,0,0,0,0,-0.479268721,0,0,0,0,0,0,-1.116218484,-0.281076426,0,0,0,0,0,0,0.063357202,0,-0.071158589,0,0,-0.180507902,-1.155039351,0,-0.152990966,0,0,-0.102288263,0,0,-0.439887896,0,0,0,0,0,0.092785841,0,0,0,-2.149793757,0,0,0.054193994,0,0.388535622,0,-0.195628858,0,0,2.560258721,0,0,-0.007650064,0,0,0,-0.194267811,-0.74929464,0,0,0.117704689,0,0,0,-0.336325787,0,-0.498359273,0,0,0,-0.048795988,-0.47135757,-0.399503007,-0.739640233,-1.6689879,-0.267103801,0,0,0,-0.152108072,0,0,0,0,-2.430212108,0,1.074107094,0,-1.312296377,0,0,0,0,0.116620668,0,0,0,0,5.725464203,0,0,0,0,0,0,0,-0.798343684,0,0,0,0,0,0,-0.358341771,0,-1.842639756,0,0,-1.254074608,-1.513875097,-0.489645303,-0.42565459,0,0,-0.284588493,0,0,0,-0.391244535,0,0,0,0,-0.241880503,0,0,0,-0.245556354,0,0,0,0,0,0,0,0,0,7.367581579,0,0,0,0,0,0,-0.073730477,-0.149385739,-0.087427913,0,0,0,-0.008785827,0,-0.067052764,0,-0.037045726,0,0,-1.133307611,0,-0.093973846,-0.07964831,0,-0.073436336,-0.053252081,0,0,0,0,0,0,0,0,0,0,3.616409227,0,-0.036522389,0,0,0,0,0,0,0,0,0,-0.00899597,-3.597827746,0,0,-0.013393368,0,0,0,-0.034734764,-0.021038868,0,0,0,0,0,-0.015590926,0,-0.008613771,0,0,0,0,-0.021850542,-0.018519608,-0.017143609,-0.106992395,-0.01167166,0,0,0,0,0,0,-0.001464304,0,0,-0.080649588,0,-0.124321948,0,-0.230702795,0.009032332,-0.006964142,0,-0.03260481,1.037810686,-0.090558768,0,-0.599637958,0,0,-0.332019431,-0.41258072,0,-0.686798374,-0.347346285,0,0,0,-0.427981687,2.464086481,-0.453437405,-0.018077797,-0.186940606,-0.185716829,0,0.019617448,-0.12613064,0,0,0,0,-0.05147972,-0.314949643,-0.123807227,0,-0.002232228,-0.011720753,0,-0.362135081,-0.001275011,-0.018966701
Merdibacter.1,0,0,0,-0.151839878,0,-1.222329627,0,0,0,0,0,-0.307582928,0,0,0,0,-7.270820623,0,0,-0.629092113,0,0,0,0,0,-0.336053332,0,-2.609714342,-0.241789513,0,0,-0.139862687,0,0,0,0,0,-0.491858322,0.456698737,0.093324885,0,-0.791632004,0,0,-0.195346315,0,0,0,1.330376478,0.002511812,0,0,-0.058232879,0,-1.334640481,0,0,0,0,0,-0.117962683,0,0,0,0,-0.37979931,0,0,0,0,0,0,0,0,0.069938725,0,0,0,0,0,0,0,0,0,0,0,-0.465751666,0.069950245,0,0,0.162083184,-0.040155497,0,0,0,0,0,1.061874518,0,0,0,-0.020753534,-0.11418403,-0.020069434,0,0,0,0,0.380896312,0,0,0,0.623280063,0,-0.327248315,0,0,-0.041400796,0,0,0,-0.380896312,0,0.014409556,0,0,0,0,0,-0.019116487,0,0,0,0,0,-0.062969696,0.005452138,0,0,-0.628689551,-0.014310961,0,-0.190994138,0,0,0,0,,,,,,,,,,,,,,,,,,,,,,,,,,,,,,,,,,,,,,,,,,,,,,,,,,0,0,0,-0.109768185,0,0,0,0,0,0,0,0,0,0,0,0,-8.097881865,0,0,0,0,0,0,-0.404460783,0,0.032497623,0,0,0,-0.27309148,0,0,-0.233076018,0,0,0,0,0,-0.141704232,0,0,0,-0.080299419,0,0,0,0,0,2.75391774,0.677573222,0,0,-0.082155899,0,0,0,0,0,0,0.024859146,0,0,0,0,0,-6.331049593,0,0,0,-0.540372709,0,0,0,0,-0.006895991,0,0,0,0,0,-0.075675408,0,0,0,0,0,0,0,0,-0.024859146,-0.485069274,0,0,-0.723317804,0,0,0,0.9854639,-0.054618296,-0.221931651,0,0,0,-0.046930916,0,-0.157071419,0,0,-0.046615204,0,-0.022836806,0,0.136017007,0,0.081151092,-0.515407908,0,0,0,0,0,0,0,0,0,-4.481359941,-0.204115937,-0.045220684,0.078079378,0.018664977,-0.084550075,-0.521942868,-0.004971829,0,0,0.124656013,0,-0.085109122,-0.348661529,-0.026953175,0,-0.108074542,0,1.226326527,-0.048357903,-0.134098582,0
Nosocomiicoccus.1,0,0,0,0,0,-0.07033378,-0.135875201,0.058398444,0.138578954,-0.010571214,0,-0.127559637,-0.105751925,0,0,-0.190194725,-0.076555864,0,0,0,0,0,-0.120332872,0,0,0,-0.188248323,0,0.188248323,0,0,-0.058003329,0,-0.088931161,0,-0.030200407,0,-0.005285607,-0.040645572,0,0,-0.097971679,-0.043422381,0,0,0,0,0,0,0,0,0,0,0,3.110576921,-0.10863868,0.060789488,0,-0.006339141,0,-0.101989992,-0.08455369,-0.429685572,0,0.08064785,-0.061210052,0,0,0,0,0,-0.09621185,0,0,0,-0.037599974,0,0.037599974,0,0,-0.046376418,0,-3.451883859,0,0,0,-0.004226094,-0.064996133,0,0,-0.058418913,-0.034718258,0,0,0,0,0,0,,,,,,,,,,,,,,,,,,,,,,,,,,,,,,,,,,,,,,,,,,,,,,,,,,,,,,,,,,,,,,,,,,,,,,,,,,,,,,,,,,,,,,,,,,,,,,,,,,,,,,,,,,,,,,,,,,,,,,,,,,,,,,,,,,,,,,,,,,,,,,,,,,,,,,,,,,,,,,,,,,,,,,,,,,,,,,,,,,,,,,,,,,,,,,,,,,,,,0,0,0,0,0.059593966,-0.052189873,-0.054773437,0,-0.008455177,-0.015100203,0,-0.214842786,0,0,0,0,0,1.520121571,0,-1.77040751,-0.095152807,-0.12225694,0,0,0,0.069289477,0,-0.068882958,-0.00475585,0,-0.052820852,0,0,0,0,0,0,0,0,-0.114774815,-0.078195296,-0.039070319,-0.108272361,0,0,0,0.112924149,0,-0.112924149
Staphylococcus.3,0,0,0,0,-0.92745824,8.587535934,0,0,0,0,0,-0.164336054,1.146793032,0,0,-3.281103293,-0.825269867,0,0,-1.698590842,-2.306615493,0,0,0,-0.186039718,0,-2.006877232,0,0,0,0,-0.083505141,0,-4.224963132,0,-0.043478353,0.250483019,-0.007609483,0,-0.09919119,0,-0.105188797,-0.062513517,0,0,0,0,0,0,0,0,0,0,0,6.662804904,0.499764493,2.525031505,0,0,1.287693528,-0.183503839,0,0,0,0.564610607,1.694530242,0,0,0,-0.4478165,0,0,-0.008082525,-0.18209722,-0.311459319,-0.225249642,0,0,0,0.225249642,0,0,-9.484514377,0,0,0,-0.007603731,0,-0.099116208,0,0,-0.062466262,0,0,0,0,0,0,0.305195063,0,0,0,0,0,0,0,0,0,0,0,0,0,0,0.308830049,-0.025440206,0,0,-0.916650443,0.343082246,0,0,0,-0.04294252,-0.608155083,-0.036020548,0,0,0,0,-0.01927503,0,-2.115484527,0,-0.020574598,0.027389378,-0.001756455,0,-0.022895754,0,-0.024280149,-0.01442965,0,0,0,-0.130289582,0.283560436,0,,,,,,,,,,,,,,,,,,,,,,,,,,,,,,,,,,,,,,,,,,,,,,,,,,,,,,,,,,,,,,,,,,,,,,,,,,,,,,,,,,,,,,,,,,,,,,,,,,,,,,,,,,,,,,,,,,,,,,,,,,,,,,,,,,,,,,,,,,,,,,,,,,,,0,0,0.075083214,0,0.841677168,-0.034260057,-0.802554212,-0.002694175,0,-0.021350984,0,0,-0.309152747,-0.043429861,0.101731688,0,0.429231176,5.083446946,0,-5.274987345,0.382264344,0.166588164,-0.137026486,0,0,0,0.092624132,0.28127339,-0.005656556,-0.306538134,0,-0.073734384,0,0,0,0.094520145,0,0,0,-0.115946631,-0.043156315,-0.04646981,0,-0.803783249,0,0,0,-0.871747095,-0.756049141
Turicibacter.1,0,0,0,-0.020098969,0,-0.104015217,0,0,0,0,0,0,-0.033753994,0,0,-0.1042732,-0.225680761,0.398095351,0,-0.081776722,0,0,0,0,0,0.02413922,-0.015853514,0,0,0,0,-0.018513554,0,0,0,-0.305901317,0,-0.001687065,-0.01297329,0,0,-0.023320941,0,0,0,0,0,0,0,0,0,0,-0.007686145,0,-0.136565189,0,0,0,0,0,-0.058562249,-0.012908029,0,0,-0.01525293,0,0,0,0,0,0,0,0,0,0.009231196,0,0,0,0,0,0,0,0,0,-0.003686247,0,-0.011781878,-0.009922358,0,0,0,-0.005300115,0,0,0,0,0,0,,,,,,,,,,,,,,,,,,,,,,,,,,,,,,,,,,,,,,,,,,,,,,,,,,0,0,0,0,0,0.250139192,-0.053236264,0,0,0,0,0,-0.017872228,0,0,0.575813794,-0.662707773,0,0,-0.00299879,-0.562359826,-0.021945402,0,0,0.219389662,0.012781351,0,0,0,-0.001284427,0,-0.009802646,0,0,0,-0.005103912,-0.016697743,-0.00650749,0,0,0,0,-0.007338445,0,0,0,0,0,-0.578420636,0,0,0,-0.079867267,0.011375956,0,-0.294684854,0,0,0,0,0,-0.134128234,0,0,0.864169593,-8.060962239,0,0,0,0,0,0,0,0,0.09592201,0,0,0,0,0.212675336,0,0,0,-0.080893794,-0.041655996,-0.120241764,-0.20945332,-0.103103916,0,0,0.24800018,0,0,0,0,0,0,0,0,0,0,-0.107234247,0.015273993,-0.412661746,-0.231385855,0,0,0,0.867913516,0,-0.180088048,0,0,1.71761362,-7.826649126,0,0,0,0,0,0,0,0,0.12879024,0,0,0,0,0,-0.098775565,0,0,-0.542569278,-0.106663967,0,-0.101583908,-0.138433068,0.030279817,0,-0.663850289,0,0,0,0,0,0,0,-0.000256885,0,0.042535067,0,0,-0.025418353,0.607614175,0,0,-0.092602288,0,0,0.00532999,0,0,0.07961907,0.173582703,-0.080620592,0,0,-0.075750106,-0.115861395,0.043877932,0,-0.124692614,0,-0.027387901,-3.35519998,-0.066202732,0.054172803,-0.052886526,0.006055963,-0.042977325,0,0,0,-0.00438908,0,0,-0.01171245,-0.08783421,-0.002527712,0,-0.112471965,0,-0.115684127,0,-0.016955102,-0.003170703
Lactobacillus.1,0,0,-0.13087424,-0.063206371,0,0,-0.136384232,0,0,0,0,-0.036844039,-0.106148105,0,0,-1.37753947,0,0,0,-0.076827636,0,0,-0.120783677,0,0.446457538,0,0,0,-4.245200861,0,0,-0.058220627,0.703368863,-0.032166092,0,0,0,0,0,-0.069157099,0,-0.073338691,,0,0,0,0,0,0.057813559,0,0,0,-0.05717913,0,0,-0.123378887,0,0,0,0,-0.115828098,0,0,0,-1.047618686,-0.273244989,0,0,0,0.084531448,0.19084287,0,0,0,0.002399747,0,0,-0.768285601,0,0,0.233806179,0.11018959,-0.029098794,0,0,0,-0.110529226,0.021510075,-0.062562407,0,0,,0,0.029572138,0,0,0,0,0,0,0,-0.017246567,0,0,-0.037213967,0,-0.716109977,0,0,0,-0.028963701,0,0,0,-0.049645563,0.773657103,0,-1.078672893,0.522939003,0.406044137,-0.032957181,0,-0.035392492,0,0,-0.117704689,0,0,0,-0.015886151,-0.001465045,-0.008776879,0,0,0,-0.085831795,0.373331109,-0.030762961,-0.404296788,-0.769253435,,0,0,0,-0.280125425,0,0,0,0,-0.270678966,-0.016551584,0,0,-0.03571436,-0.038962139,-0.010687777,0,0,0,-0.027796554,0,0,-0.265939373,0,0,0,0,1.112038802,0,-0.031629109,0,0.186699919,0.001389305,0,0,0,0,0,-0.015245988,-0.185124499,-0.196752076,0,0,0,-0.014428976,-0.021367116,-0.018109876,0,0,,0,0,0,0,0,0,0,0,0.864429753,-0.05813162,-0.680741354,0,-0.125434131,-0.268010407,-0.045852622,0,0,0,-0.097625621,0,0,-1.094752159,0,-0.117757561,-0.17193017,0,0.566696837,0,-0.111086123,0,0.523785871,-0.079398577,0,0,0,0,0,0,-0.71555649,-0.49380466,0,0,0,-0.004879445,-0.137582941,-0.106129965,0,0,,0,0,0,0,0,0.007319167,0,0,-0.219003411,-0.044806193,0,0,-0.096681048,0,-0.123171445,0,0,0,-0.075247042,0,0,-1.502807469,0,-0.090764167,0,0,0,0,-0.085622013,0,0.65874096,-0.062840351,0,0,-3.482477272,0,0,-0.041271862,1.759748347,-0.022802134,0,0,0,0,-0.091107858,-0.049024588,0,-0.051988865,,0,0,0,0,0,0.005641405,0,0.00492869,0,0,-0.051162091,0.017196925,-0.881442859,0,0,0,0.278526794,0,-0.113456892,-0.046687571,0,0.094189229,0,0,0.040645523,-0.130566773,-0.055963504,-0.092467771,0.296715299,-0.028655028,0,-0.149303637,0,-0.053815092,-0.035944907,-0.023074979,0.024130545,-0.055957816,-0.042853578,-0.019617448,-0.067382798,0,0.099481168,0,0,-0.025445356,-0.149096832,,-0.063679684,0.381034348,0,0.011795688,-1.415993956,-0.192583421,0
Muribaculum.1,0.257614493,0,0,-0.065297597,0,0,,0,0,0,0,0,-0.068216327,0,0,0,9.494729954,2.135414142,0,0,0,0,0,-5.5102562,0,0,-0.063281495,0,-4.595733703,0,0,-0.071133373,0,-0.028074812,-2.135414142,0,-0.05886193,0,-0.072818519,0.15574841,0,-0.222703661,0.26119065,0,0,0,0,0,0,,,,,,,,,,,,,,,,,,,,,,,,,,,,,,,,,,,,,,,,,,,,,,,,,,,,,,,,,,,,,,,,,,,,,,,,,,,,,,,,,,,,,,,,,,,,,,,,,,,0,0,0.397348178,0,0,0.643268328,,0,0.529342914,0,0,0,-1.051087429,0,0,0,0.804445765,0,0,0,0,0,-0.132263262,-1.217129325,0,0,0,0,0,0,0,-0.036505956,-0.00604164,-0.014408115,0,0.203046559,-0.024166558,-0.000602686,-0.03737078,0.158038427,0,0,0,0,0,0,0,0,-0.451891606,0.167345578,0,0,-0.083376378,0,-0.140231183,,0,0,0,0,0,-0.109355975,0,0,1.844357002,0.098689834,0,0,0,0,0,-0.329074885,-0.845561619,-0.129092412,0,0,0.210230552,-0.022637073,0,0,3.733645597,0,-0.035847815,0,0.282495424,-0.075158884,0,-0.092979599,0.015259097,0,0,0.258498744,1.132199987,0,0,0,0,0,0,0,-0.231314747,-0.041597151,0,0,,0,0,0,0,1.351381603,-0.054558582,0,0,0,0,0,0,0,0,0,-0.164178126,0,-0.06440525,0,0,0,-1.214114032,0,0,-0.04531477,0,-0.017884765,0,0,-0.037497376,0,-0.03714617,0.070162602,-1.351381603,-0.047625723,0,0,0,0,0,0,0,0,0,0,0,0,0.895172874,0.46108925,-1.893236786,0,0.121385496,-0.00151041,0,0,0,0.106240018,0.533853536,0,0.125759286,0.041508358,-0.024053877,-0.320804578,,-0.048374416,0,-0.533853536,0.132335728,-0.048921187,2.599466388,-0.000150671,0,-0.060078767,0.099802134,-0.047567782,0.052557638,-0.337845401,0,0,0,0,0.337845401,-0.067582346,0.129922349,-0.156379068,0,0.283049997,-0.112972901,-1.458121202,0,-0.015820374
Lactobacillus.4,0,0,-0.403017452,0,0.003540031,0,0,0,0,0,0,-0.050345931,0,-1.059593522,0.311294901,5.780597766,-0.029172408,0,-3.56154076,-0.030209574,0.246741058,0,0,0,-0.049960012,0,0,2.083411055,0,0,0,-1.99501725,0,-0.944087409,0,-0.011919661,0,-0.002086152,-0.03208443,0,0,-0.028837678,-0.018181257,0,0,0,0,0,0,0,0,-0.067163657,0,0.968174732,0,0,0,0,0,0,-0.01924251,0,-0.945356933,0.225290992,1.952778464,0.236388913,0.434340005,-1.456582905,0,0,0,0,-0.046824528,-0.01909501,0,0.61970315,0.106442897,0,0,0,0,0,-1.045377277,0,0,0,-0.00079734,-0.012262858,0,0,0,-0.006948983,0,0,0,0,0,0,,,,,,,,,,,,,,,,,,,,,,,,,,,,,,,,,,,,,,,,,,,,,,,,,,,,,,,,,,,,,,,,,,,,,,,,,,,,,,,,,,,,,,,,,,,,,,,,,,,,,,,,,,,,,,,,,,,,,,,,,,,,,,,,,,,,,,,,,,,,,,,,,,,,,,,,,,,,,,,,,,,,,,,,,,,,,,,,,,,,,,,,,,,,,,,,,,,,,0,0,0,0,0,-0.997508625,3.866688115,-0.023412264,0,-0.00595983,0,-1.002475227,0.485857381,0,0,0.217170003,0,0,-0.235090554,-0.994732343,0,0,-0.034527511,-2.509061833,0,0,0,0.103608252,-0.001441746,0,-0.022173644,0,0,1.094926976,0,0,0,0.268292947,0,-0.03479422,-0.014418839,-0.01256512,0,0.123370529,0,0,0,-0.015104787,0.309851575
Clostridium.7,0,0,0,0,0,0,0.27846159,0,0,0,0,0,0,-1.475282091,0,0,0,0,0,0,3.612027737,0,0,0,-0.120809521,-0.077224441,0,0.744359951,0,0,0,-0.055358287,0,-0.030584689,0,-0.028823221,0,0.438303484,-0.077584142,-0.065757081,0,0,-0.041442253,0,0,0,0,-0.087886979,0,0,0,1.96860785,0,0,0,1.038441292,0,0.232540988,0,0,0,0,-0.477802617,0,0,0,0,-0.006277582,0,0,0,0,0,-0.060135231,-0.03843993,0,0,0,0.0090469,0,0,0,-0.015224109,0,0,-0.027915399,0,-0.010703579,-0.032731834,0,0,-0.020628668,0,0,0,0,0,0,,,,,,,,,,,,,,,,,,,,,,,,,,,,,,,,,,,,,,,,,,,,,,,,,,,,,,,,,,,,,,,,,,,,,,,,,,,,,,,,,,,,,,,,,,,,,,,,,,,,,,,,,,,,,,,,,,,,,,,,,,,,,,,,,,,,,,,,,,,,,,,,,,,,,,,,,,,,,,,,,,,,,,,,,,,,,,,,,,,,,,,,,,,,,,,,,,,,,0.00452345,0,0,0,0,-0.027679143,0,0,0,-0.014411611,0,-0.976542354,0,0,0,0,0,0,0.984303925,-0.022904399,0,0.658451441,-0.090472376,-0.003138791,0,0.116270494,-0.013957699,0,0.219151742,-0.057832185,-0.044143861,-0.049244458,0,0.372179975,0,-0.043943489,0,0,0,0,0,-0.031035461,0,1.806013868,0,0,0,0,0
Alloiococcus.1,0,-0.009009019,-0.062299564,0,0,-0.101453754,-0.038598604,0,0,0,0,-0.105442239,0,0,-0.049371101,-0.061964842,0,0,0,0,,0,0,0,-0.035958605,0.021484129,-0.013359022,0,3.201409161,0,0.062299564,-0.016477234,0,-0.009103444,2.135414142,0,0,-0.001501503,0,0,0.069205869,0,-0.012335167,-1.203901747,0,-1.743892768,0,0.223295205,0,-0.002511812,-0.002511812,-0.056375809,-0.014962327,0,0,-0.032285123,0,0,0,0,-0.354413366,0,0,-0.030121669,-0.163653742,-0.018190335,0,0,0,,0,0,-0.604180613,-0.030076942,0.017970021,0,0.162443786,3.37317669,0,0.45803068,-0.013782092,0,-0.007614416,0.27516462,0,0,-0.001255906,-0.019263149,0,0.026925687,0,-0.010317533,0,0,0,0,0.390248681,0,,,,,,,,,,,,,,,,,,,,,,,,,,,,,,,,,,,,,,,,,,,,,,,,,,,,,,,,,,,,,,,,,,,,,,,,,,,,,,,,,,,,,,,,,,,,,,,,,,,,,,,,,,,,,,,,,,,,,,,,,,,,,,,,,,,,,,,,,,,,,,,,,,,,,,,,,,,,,,,,,,,,,,,,,,,,,,,,,,,,,,,,,,,,,,,,,,,,,0,0,0.260165122,-0.871946384,0,-0.015129663,-0.112809292,-0.302090307,0,0,0,0,0,0,-0.001255906,0,0,-0.050726877,-0.059337687,-0.00835893,0,-0.035441863,-0.033017774,0,1.205289381,0,0,-0.009095168,-0.001378705,0.019727075,-0.009631575,0,-0.007481163,0.081221893,0.048065778,0.306771943,0,-0.039746385,-0.005760415,-0.229927802,0,-0.01132635,0,,-0.601950873,0,3.287292925,0,-0.006679511
Lactobacillus.5,0,0,-0.011858346,0,0,0,-0.025152705,0.295858894,0,0,0,0,0,0,0,0,-0.388875852,0,0,0,0.436663026,0,0,0,-0.023921581,-0.014978542,-0.009194607,0,0,0,0,-0.010737358,0,-0.005932242,0,-0.006079811,0,-0.000978452,-0.014540049,-0.01275432,0,-0.013525511,-0.008038188,0,0,-1.048058563,0,0,0,,,,,,,,,,,,,,,,,,,,,,,,,,,,,,,,,,,,,,,,,,,,,,,,,,,,,,,,,,,,,,,,,,,,,,,,,,,,,,,,,,,,,,,,,,,,,,,,,,,,,,,,,,,,,,,,,,,,,,,,,,,,,,,,,,,,,,,,,,,,,,,,,,,,,,,,,,,,,,,,,,,,,,,,,,,,,,,,,,,,,,,,,,,,,,,,,,,,,,,,,,,,,,,,,,,,,,,,,,,,,,,,,,,,,,,,,,,,,,,,,,,,,,0,0,0,-1.048058563,0.295858894,-0.010737358,0,0,0,-0.006079811,0,0,0,0,0,0,0,0,-0.011858346,-0.005932242,0,-0.025152705,-0.023921581,0,0,0,0,-0.388875852,-0.000978452,-0.014978542,-0.014540049,-0.01275432,0,0,0,0,0,0,0,0,-0.013525511,-0.008038188,0,0.436663026,0,0,0,0,-0.009194607
Desulfovibrio.1,-0.60041549,0.612281936,0,0,0,-0.063503883,0,0,0,-8.33E-05,0,0,0,0,0,0,-0.004646451,0,0,0,0,0,0,0,0,0,0,0,0,0,-0.023325909,-0.010085453,-0.00834558,-0.003980512,0,0,0,-0.000166503,0.00065485,-0.007759761,0,-0.017101057,-0.006143469,0,0,0,0,0,0,,,,,,,,,,,,,,,,,,,,,,,,,,,,,,,,,,,,,,,,,,,,,,,,,,,,,,,,,,,,,,,,,,,,,,,,,,,,,,,,,,,,,,,,,,,,,,,,,,,,,,,,,,,,,,,,,,,,,,,,,,,,,,,,,,,,,,,,,,,,,,,,,,,,,,,,,,,,,,,,,,,,,,,,,,,,,,,,,,,,,,,,,,,,,,,,,,,,,,,,,,,,,,,,,,,,,,,,,,,,,,,,,,,,,,,,,,,,,,,,,,,,,,0,0,-0.023325909,0,0,-0.010085453,0,0,-8.33E-05,0,-0.00834558,0,0,0,-0.60041549,0,0,-0.063503883,0,-0.003980512,0,0,0,0,0,0,0,-0.004646451,-0.000166503,0,0.00065485,-0.007759761,0,0,0,0,0,0,0.612281936,0,-0.017101057,-0.006143469,0,0,0,0,0,0,0
Burkholderiales.1,0,0,0.334903483,-0.159448997,-0.007889099,-0.233882313,0,0,0,0,0,0,-0.01237146,0,0,0,-0.00680219,0,0,0,0,0,,0,0,-0.017836293,-0.000169639,0,0.265348602,0,0.367949903,-0.010275375,0,-0.004055469,0,0,0.003134176,,0,-0.007905887,0,-0.371965731,-0.006174338,0,0,0,0,0,0,,,,,,,,,,,,,,,,,,,,,,,,,,,,,,,,,,,,,,,,,,,,,,,,,,,,,,,,,,,,,,,,,,,,,,,,,,,,,,,,,,,,,,,,,,,,,,,,,,,,,,,,,,,,,,,,,,,,,,,,,,,,,,,,,,,,,,,,,,,,,,,,,,,,,,,,,,,,,,,,,,,,,,,,,,,,,,,,,,,,,,,,,,,,,,,,,,,,,,,,,,,,,,,,,,,,,,,,,,,,,,,,,,,,,,,,,,,,,,,,,,,,,,0,0,0.367949903,0,0,-0.010275375,0,0,0,0,0,0,-0.007889099,0,0,0,0,-0.233882313,0.334903483,-0.004055469,-0.01237146,0,0,0,0,0,0.003134176,-0.00680219,,-0.017836293,0,-0.007905887,-0.159448997,0,0,0,0,0,0,0,-0.371965731,-0.006174338,,0,0,0,0.265348602,0,-0.000169639
Staphylococcus.4,0,-0.359569335,0,0,0,-8.029504068,-0.098484801,0,0,0,0,0,0,0,0,-0.136337185,-0.286591679,0,0,0,0,0,0,0,-0.093664364,0,-0.096239826,-0.218056663,0,0,0,-0.042041861,0,-0.153303945,0,-0.0218898,0,-0.003831103,-0.05892129,-0.049939227,0,-0.052958808,-0.031473327,0,0,0,0,0,0,0,0,0,0,0,0,0.073185142,0,0,0,0,0,0,-0.135878313,0,-0.122186704,0,0,0,0,0,0,0.441786415,-0.081918337,-0.081290405,0,-0.098113793,0,0,0,0,0,0,-0.891863062,0,0,-0.078659213,-0.003394398,0,-0.044246676,0,0,-0.027885696,0,0,0,0,0,0,,,,,,,,,,,,,,,,,,,,,,,,,,,,,,,,,,,,,,,,,,,,,,,,,,,,,,,,,,,,,,,,,,,,,,,,,,,,,,,,,,,,,,,,,,,,,,,,,,,,,,,,,,,,,,,,,,,,,,,,,,,,,,,,,,,,,,,,,,,,,,,,,,,,,,,,,,,,,,,,,,,,,,,,,,,,,,,,,,,,,,,,,,,,,,,,,,,,,0,0,0,0,0,-0.02102093,-0.129261944,-0.040959169,0,-0.0109449,0,-0.067939157,0,0,0,0,0,-4.014752034,0,-0.522583503,0,-0.012649829,-0.087477385,0,0,0,-0.039329607,-0.14329584,-0.00361275,0,-0.029460645,-0.047092952,0,-0.109028332,0,0,0,0,-0.179784668,0,-0.026479404,-0.029679511,0.220893207,0,0,0,0,0,-0.09717681
Bacillus.4,0.342800997,0,0,0,0.001554906,0,0.018750829,0,0,0,0,0,0,-1.278423177,0,0,0.00020667,0,1.430893211,-0.017012606,0.112216876,0,0,0,-0.022402343,0.013110957,-0.026485628,0,0,0,0,-0.010055438,0,-0.00555549,0,-0.005235532,0.663755235,0.079614699,-0.508098925,-0.011944304,0,-0.026386916,-0.007527689,0,0,0,0,0,0,0,0,0,0,0.001188773,0,0.339400061,0,0.252506895,-0.018335581,0,0,0,-0.420886514,0,0,0,0,0,0,0.013819033,0,0,-0.635393463,-0.016777007,0,-0.25873974,0,0,0,0,0,0,-0.650263987,0,0,-0.007723523,-0.000700548,0,-0.009131788,0,-0.009683943,-0.00575515,0,0,0,0,0,0,,,,,,,,,,,,,,,,,,,,,,,,,,,,,,,,,,,,,,,,,,,,,,,,,,,,,,,,,,,,,,,,,,,,,,,,,,,,,,,,,,,,,,,,,,,,,,,,,,,,,,,,,,,,,,,,,,,,,,,,,,,,,,,,,,,,,,,,,,,,,,,,,,,,,,,,,,,,,,,,,,,,,,,,,,,,,,,,,,,,,,,,,,,,,,,,,,,,,0,0,0,0,0,-0.005027719,0,-0.317696732,-0.009167791,-0.002617766,0,-0.849654845,0.001371839,0,0.171400498,0,0,0,0,-0.327909739,0,0.179075445,-0.019589675,0.715446606,0,0.126253448,0.328015856,0.000103335,0.039457075,0.006555479,-0.254049463,-0.010538046,0,0,0,0,0,0,0,0,-0.018035429,-0.00664142,0,0.063017954,0,0,0,-0.008506303,-0.142612684
Enterococcus.2,,,,,,,,,,,,,,,,,,,,,,,,,,,,,,,,,,,,,,,,,,,,,,,,,,0,0,0,-0.365772372,-1.970977726,0,0,0,0,-3.057684653,0,0,0,0,0,0,-0.774865796,0,1.524618734,0,0,0,0,-0.091155064,0,0,0,0,-0.563043964,0,-1.098800483,-0.082899219,0.014424943,-0.045800673,0,0,-0.115867749,-0.007554268,0,-0.098471447,0,0,0,0,0,0,0,0,0,0,0,0,-0.088676152,0,0,0,1.517444567,0,0,0,0,0,0,0,0,-0.652149555,-1.18245465,0,-0.684993173,0.075912235,0,0,-0.089815899,0,0,-0.029940804,0,-1.48132271,0,-1.970384431,-0.099556543,0,-0.045127813,0,0,0,-0.232628311,0,0.493067714,0,-1.054402633,2.022762366,0,0,0,-0.507010736,0,0,0,0,0,-0.012025902,0,0,0,0,0,0,0,0,0,0,0,0,0,-1.049339916,-0.08808931,0,0.174002789,0,0,0,0,0.014443323,0,0,-0.030581866,0,0,-0.011077294,0,-0.006120052,0,0,-0.015524728,-0.001009429,0,0.353682752,0,-0.013953718,0,0,0,0,0,0,-0.037742901,0,-0.008864962,-0.051232905,-0.016248211,0,0,0,0,0,0.225889736,0,0,0,0,0,0,0,-2.597480345,-0.258246347,0,-0.052298007,0,0,0,-0.026266041,-0.00204576,0,0,-0.477667946,0,0,-0.014966546,0,-0.00826881,0,-0.003701062,0,-0.00136384,-0.020975479,0.135503487,0,-0.018852886,0,0,0,0,0,0,0,,,,,,,,,,,,,,,,,,,,,,,,,,,,,,,,,,,,,,,,,,,,,,,,,,0,0,-0.767296229,0,0.379361142,-0.0521249,0,-0.045242741,-0.707948729,-0.000925266,0.003606236,0,-0.492744432,-0.126752684,0,-1.207318728,0,0,-0.012808226,-0.026329337,0,0,-0.00656651,0.294570769,0,0,-0.032848119,-0.356753838,-0.060638962,0.003099391,-0.00524387,0.220945626,-0.120680659,0,0,0,0,0,-0.00221624,0,-0.27180231,0.505690592,0,0.049404254,0,-0.009435725,-0.638154121,-0.171248293,-0.007485201
Enterococcus.1,,,,,,,,,,,,,,,,,,,,,,,,,,,,,,,,,,,,,,,,,,,,,,,,,,0,0,0,0,0,0,0,0,0.390580098,0,0,0,0,-0.087240605,0,0,1.638540593,0,0,0,0,0,0,-0.060136276,0,0,0,0,0,0,0,-0.02734489,0,-0.275392215,0,0,,-1.272322124,-0.038323617,-0.032481499,0,0,-0.020470898,0,0,0,0,0,0,0.086830893,0,0,0,0.733267114,0,-0.095658506,0,0,0,0.264604943,0,0,-0.68463759,0,0,1.069201507,-1.769148916,0.797158212,0,0,0,0,-1.096321056,0,0,0,0,0,0,0,-0.026120958,0,-0.063404731,0,0,,-0.773349138,-0.036608288,0,0,-0.165281015,0,0,0,0,0,0,0,,,,,,,,,,,,,,,,,,,,,,,,,,,,,,,,,,,,,,,,,,,,,,,,,,,,,,,,,,,,,,,,,,,,,,,,,,,,,,,,,,,,,,,,,,,,,,,,,,,,,,,,,,,,,,,,,,,,,,,,,,,,,,,,,,,,,,,,,,,,,,,,,,,,0,0,0,0,0,-0.026732924,0,-0.578228666,0,0,0,-0.385939097,0.366633557,0,0.043415446,-0.884574458,0.132302472,0,0,-0.169398473,0,-0.047829253,0,0.398579106,0,0.195290049,,1.35387105,-1.022835631,0,-0.037465952,-0.016240749,0,0,0,0,0,0,0,0,-0.082640507,-0.010235449,0,0,0,0,0,0,0
Acinetobacter.1,,,,,,,,,,,,,,,,,,,,,,,,,,,,,,,,,,,,,,,,,,,,,,,,,,0,0,-0.083783568,0,-0.01629112,-1.895439715,0,0,0,-2.878115577,0,0,-0.05001899,0,0,0,0,0,-0.375494356,0,0,0,0,0,-0.059046358,0.051032266,0,0,0,0,0,0,0,0,0,0,-0.034377376,,0,-0.031964253,0,-0.044005918,-0.024963437,0,0,0,0,,,0,-0.217382231,-0.167093177,0,0,0,-0.413684756,0,0,0,0.082352909,0,-0.047182326,0,0,0,0,0,0,0,-0.941933484,0,0,0,0.845550685,0.154639776,0.065961352,0,0,0,0,-0.039188267,-0.129002512,0,0,0,0.096574737,,0,-0.030151505,0,-0.041186782,-0.023547717,0,0,0,0,,,,,,,,,,,,,,,,,,,,,,,,,,,,,,,,,,,,,,,,,,,,,,,,,,,,,,,,,,,,,,,,,,,,,,,,,,,,,,,,,,,,,,,,,,,,,,,,,,,,,,,,,,,,,,,,,,,,,,,,,,,,,,,,,,,,,,,,,,,,,,,,,,,,,,0,0,0,0,0,-0.019594134,0,0,-1.439057788,0,-0.064501256,0,-0.00814556,0,0,0,0.041176454,-0.947719857,-0.125438372,0,-0.048600658,-0.206842378,0.393252164,-0.187747178,0,0,0.03109868,0,,0.102836021,0,-0.031057879,0,0,0,,0,0,-0.108691116,0,-0.04259635,-0.024255577,0,-0.470966742,0,,0,0,0.032980676
Enterococcus.3,,,,,,,,,,,,,,,,,,,,,,,,,,,,,,,,,,,,,,,,,,,,,,,,,,0,0.046854223,0,-0.008685153,0,0,0.064742516,0,0,0.495426445,0,0,0,-0.036651863,0,0.292195307,-0.010558909,0,0,0,0,0,0,-0.008979036,0,0.010431024,0,0,0,0,0,0,0.006508938,0,0,0,-0.011181644,-0.000729013,0,0,0,0,-0.005988999,0,0,0,0,0,0,0,0,0,-0.087317314,0,0,0,1.272494891,0,1.423768953,1.805647919,0,0,-1.653235635,1.91022202,0,-2.54828605,0,0,0,0,0,0,-0.881153326,0,0,0,0,0,0,-0.744856235,-0.951851533,0,0,0,-0.019889379,0,-0.00732923,0,0,-1.389565062,-0.219020235,0,2.533502083,0,0,0,0,-1.244735912,0,0,0,-0.121610327,3.371449212,0,0,0,0,-1.121807183,0,0,0,-4.104969362,0,-0.753391359,-5.857903855,-1.0834285,0,0,0,0,0,-0.882007988,0,0.146056169,0,0,-2.152396459,-0.155782624,0,-0.112017655,0,0,0,0,-0.156991738,-0.010207712,0,0.013357634,0,0,0.318431419,0,0,0,0,0,-1.119236453,0,0,-0.021524583,-0.008977178,0,0,0,0,0,0.343749328,0,0,0,-1.619264721,0,-0.133585663,-0.001435183,0,0,0,0,0,0,-0.028292699,-0.018422489,0,0,0,0,0,0,0,0,0,0,0,0,-0.000753525,-0.011589005,0,0,0,-0.006567132,0,0,0,0,0,0,,,,,,,,,,,,,,,,,,,,,,,,,,,,,,,,,,,,,,,,,,,,,,,,,,-0.038945656,0,-0.186214059,0,0.318123723,-0.265967297,-0.148695429,-0.450108262,0.285284386,-0.004972345,0.001627234,-1.853530395,0.842862303,0,0,-0.270857125,0.45141198,0,-0.005381146,0,0,0.016185629,-0.004605622,0,0,0,-0.042043345,-2.104545999,-0.00475487,0.039121798,-0.002897251,0.003339408,-0.056647493,0,-0.347391266,0,0,0.477555505,0.011713556,0,-0.054755059,0.076468822,0,0,0.633375521,-0.590993091,-0.538099115,0,0
Clostridium.21,,,,,,,,,,,,,,,,,,,,,,,,,,,,,,,,,,,,,,,,,,,,,,,,,,,,,,,,,,,,,,,,,,,,,,,,,,,,,,,,,,,,,,,,,,,,,,,,,,,0,0,0.05594353,0,0,-0.058812589,-0.091664739,0,-0.006657863,0,0,0,0,0,0,0,-0.000748318,0,0.115862535,0,0,0,0,-0.002246196,0,-0.033476746,0,0,0,0,0,-0.065646541,0,0,0,-0.004275672,0,,,-0.009754486,0,-0.010344292,,0,0,0,-0.449056096,0,,0,0,0,0,0,0,-0.167668989,0,0,-0.001765129,0,0,0,0,0,0,0,0,-1.074873726,0,-0.676846303,0,0,0,0,-0.660389744,0,0,0,0,0,-0.038740436,-0.351373464,-0.021403556,0,0,-0.021870045,,,-0.046017645,0,0,,0,0,0,0,0,,-0.296353484,0,0.394770967,0,0,0,-0.494425854,0,0,0,0,0,0,0,0,0,-0.7593973,0,0,0,0,0,0,-0.751999903,0,-0.46057711,0,0,0,0,0,0,0,-0.023056798,0,-0.023630356,-0.058488152,,,-0.049572117,0,0,,0,0,0,0,0,,0.489658287,0,0.191355966,0,0,0,0,0,-0.046195908,0,0,0,0,0,0,0,-0.977880233,0,0,0,0,0,0,0,0,0,0,0,0,0,0,-0.056978782,0,-0.03147999,-3.939128311,-0.032263081,0,,,0,0,-0.736884,,0,0,0,0,0,,0,0,0,0,0,-0.04034144,0,-0.188561525,-0.000441282,-0.015042277,-0.087843366,0,0,-0.112264024,0.048326201,0,0,-0.014703147,0.160517616,-0.018985086,0,-0.188439896,0,-0.239752798,-0.984782078,-0.013213443,-0.020089549,-0.434506463,,-0.2886109,,-0.026336062,0,0,0,0,0,0,0,0,-0.186807073,,0,-0.169211576,0,,0,0,0
Akkermansia.1,,,,,,,,,,,,,,,,,,,,,,,,,,,,,,,,,,,,,,,,,,,,,,,,,,,,,,,,,,,,,,,,,,,,,,,,,,,,,,,,,,,,,,,,,,,,,,,,,,,,,,,,,,,,,,,,,,,,,,,,,,,,,,,,,,,,,,,,,,,,,,,,,,,,0,0,-0.066732311,0,0.004299449,0,-0.062803719,0,0,0,0,0,-0.040453641,0,0,0,0,0,-0.135701258,0,-0.690871204,0,-0.05948441,0,0,0,0,0,0,0,0,-1.015387861,-0.005560648,0,0,0,-0.056638183,-0.000554704,-0.159983618,-0.02585159,0,0,-0.02018957,0,-0.281496532,0,0,0,0,0,0,-0.256737978,0,0.010245267,0,-0.149656595,0,0,0,0,0,0,0,0,0,0,0,-1.551309765,0,-0.297882954,0,-0.12786661,0,0,0,0,0,0,0,0,-0.080065391,-0.013250611,0,0,-0.029035568,-0.125583721,-0.001321819,-0.736985956,-0.061602418,0,0,-0.048771156,0,0,0,0,0,0,0,0,0,0,0.144405026,0,-0.082272233,0,0,-0.000363329,0,0,-0.052993858,0,0,0,-0.243133914,0,0,0,0.23886961,0,-0.077923972,0,0,-0.054794056,0,0,-0.045641787,0,0,-0.134546113,0,0,0,0,-0.02913757,0,-0.045057874,0.106417652,0,-1.646493637,0,0,0,0,0,0,0,0,-0.093832177,0,0,0,-0.409999788,0,0,-0.00012111,-0.009678523,-0.00627042,0,0.052983247,0,0,0,0,0,-0.107823429,0,-0.031149167,-0.098244183,0,-0.562337007,0,0,-0.070453158,-0.081044638,-0.000625508,-0.018264685,-0.314009149,0.006321214,0,0,0,0,0,0,0,0,-0.548831212,-0.022986909,-0.088424997,-0.249961516,0,0,-0.015213929,0,0
Eubacterium.5,,,,,,,,,,,,,,,,,,,,,,,,,,,,,,,,,,,,,,,,,,,,,,,,,,,,,,,,,,,,,,,,,,,,,,,,,,,,,,,,,,,,,,,,,,,,,,,,,,,,,,,,,,,,,,,,,,,,,,,,,,,,,,,,,,,,,,,,,,,,,,,,,,,,0,0,0,0,0,-0.451699054,0,0,0,0,0,0,0,0,0,-0.22937946,0,0,0,0,0,0,0,-0.008743345,-0.017352649,0,0,0,0,0,0,-0.007951467,0,0,0,0,0,,-0.01114391,-0.009445113,0,0,-0.00631491,0,0,0,-0.001811462,0,-0.069410118,,,,,,,,,,,,,,,,,,,,,,,,,,,,,,,,,,,,,,,,,,,,,,,,,,,,,,,,,,,,,,,,,,,,,,,,,,,,,,,,,,,,,,,,,,,,,,,,,,,0,0,0,0,0,-0.007951467,-0.22937946,-0.008743345,0,0,0,0,0,-0.001811462,0,0,0,-0.451699054,0,0,0,0,-0.017352649,0,0,0,0,0,,0,-0.01114391,-0.009445113,0,0,0,0,0,0,0,0,0,-0.00631491,0,0,0,-0.069410118,0,0,0
Alistipes.2,,,,,,,,,,,,,,,,,,,,,,,,,,,,,,,,,,,,,,,,,,,,,,,,,,,,,,,,,,,,,,,,,,,,,,,,,,,,,,,,,,,,,,,,,,,,,,,,,,,,,,,,,,,,,,,,,,,,,,,,,,,,,,,,,,,,,,,,,,,,,,,,,,,,0,0,0,0.205664012,0,0,-0.054607707,0,0,0,0,0,-0.016911324,0,0,0,-0.009298339,0,-0.344976258,0.00299879,0,0,0,-0.425627795,0,0,0,0,-0.350530128,0,0,-0.014046053,-0.005323375,-0.994276924,0,0,-0.009298339,-0.00023189,-0.014378804,0,0,0.013953718,0,0,0,0,0,0,0,0,0,0,0,0,0,-0.158005959,0,0,0,0,0,0,0,0,0,-0.0269045,0,-0.157173071,0,0,0,0,-3.51292206,-0.057763743,0,0,0,-0.808277932,0,0,0,0,-1.537106074,0,0,-0.033630625,-0.000670967,-0.041604689,0.16812933,0,0,0,0,1.215126833,0,0,0,0,0,0,0,0,0,0,-0.079644654,0,0,0,0,0,-0.051301361,0,0,0,-0.028206986,0,0,0,0,0,0,0,0,0,0,0,-0.204102328,0,0,-0.042609417,0,-0.455775906,0,0,0.336523583,0,-0.043618832,0,-0.88501339,-0.044782403,0,0,0,0,0,0,0,0,0.405042278,0,0,0,-0.018885157,0,-1.312849952,0,0,-0.001774458,0,0,0,0,0,0,0,0,-0.995719635,-0.022737561,-0.09741944,-0.019254581,-0.16738311,0,0,0.097864873,-0.021469942,-0.000300952,0,-0.033200775,0.05604311,0.068554671,0,-0.295004463,0,0,0,0,0,-0.010276228,0,0,0,0,0,-0.454303463,0.000999597,0
Bifidobacterium.1,,,,,,,,,,,,,,,,,,,,,,,,,,,,,,,,,,,,,,,,,,,,,,,,,,,,,,,,,,,,,,,,,,,,,,,,,,,,,,,,,,,,,,,,,,,,,,,,,,,,,,,,,,,,,,,,,,,,,,,,,,,,,,,,,,,,,,,,,,,,,,,,,,,,,,,,,,,,,,,,,,,,,,,,,,,,,,,,,,,,,,,,,,,,,,,,,,,,,0,0.009705396,0,0,-1.821971679,0,0,0,0,0,0,0,0,0,0,0,4.312156838,0.737619805,0,0,0,0,0,-0.368809903,0,0,0,0,-0.993246509,0,0,0,0,0,0,0,-0.020443354,0,0,-0.019008331,0,0,-0.014845123,0,0,0,0,0.94167007,0,0,0,0.916096323,0,0.324675461,0,0,0,0,0,0,-0.162161193,0,0,0,0,5.952292391,0,0,0,-0.077887551,0,0,0,0,-0.000268241,-0.022001231,0,0,0,0,-0.032495888,0,0,0,0,0.073263795,0,-0.079989326,-0.025002379,0,-1.642289276,-0.019526354,-1.862415475,0,0,0,0.562945084,0,0,0,0,0,0,-0.016247944,0,-0.184404951,0,0,0,0,-0.748648109,0,0,0.368809903,0,0,0.458048162,0,0,0,0,0,0,0,0.02641022,5.132224614,0,-0.000134121,-0.039994663,-0.022005355,0,0,0,0.752307577,0,0,0.004852698,-0.081080596,-0.821144638,-0.017185739,0,-0.038943775,-0.931207737,0,-0.496623255,0,-0.011000616
Ruminococcus.3,,,,,,,,,,,,,,,,,,,,,,,,,,,,,,,,,,,,,,,,,,,,,,,,,,,,,,,,,,,,,,,,,,,,,,,,,,,,,,,,,,,,,,,,,,,,,,,,,,,,,,,,,,,,,,,,,,,,,,,,,,,,,,,,,,,,,,,,,,,,,,,,,,,,,,,,,,,,,,,,,,,,,,,,,,,,,,,,,,,,,,,,,,,,,,,,,,,,,0,0,-1.227035026,0,-0.004309708,0,0,0,0,-0.000634931,0,0,0,0,0,-0.124882871,-0.01839248,0,0,0,0,0,0,-0.015323046,0,1.510350901,0,0,0,0,0,0,0,-0.007699033,0,0,0,0.110333405,-0.019530127,-0.01655292,0,1.15611637,-0.011067121,0,0,0,0,0,0,0,0,-0.087697003,-0.011836789,-1.464154506,0,0,0,-0.009833311,-0.000496777,0,0,-0.019878576,0,0,0,-0.014390486,0,0,-0.049153924,-0.093197758,0,0,0,0,0,0.000496777,0,0,0,0,-0.010903098,0,-0.006023811,0,0,0.403606555,0.086326115,0,-0.012951194,-0.007992617,0.037088159,-0.008162264,0,-0.000496777,0,0,0,0,0,-0.000248389,0,0,0,-0.005451549,-0.062441436,-0.007661523,-0.000565854,0,0,0,-0.734232107,0,0,0,0,0,-0.657366014,-0.006861422,-0.009939288,0,0,0,0,-0.004916655,0.201803278,-0.016391483,0.09832976,0.755175451,-0.009765063,-0.014752057,-0.005918394,0,-0.003996309,0,0,0,0,0,0.596602264,-0.009614692,0,-0.046598879,0,0,0,-0.024576962,0.000248389
Acetivibrio.1,,,,,,,,,,,,,,,,,,,,,,,,,,,,,,,,,,,,,,,,,,,,,,,,,,,,,,,,,,,,,,,,,,,,,,,,,,,,,,,,,,,,,,,,,,,,,,,,,,,,,,,,,,,,,,,,,,,,,,,,,,,,,,,,,,,,,,,,,,,,,,,,,,,,,,,,,,,,,,,,,,,,,,,,,,,,,,,,,,,,,,,,,,,,,,,,,,,,,0,0.005096701,-0.029389078,0,0,0,-0.032754764,0,-0.011336462,0,0,0,0,0,0,-0.064500787,3.049630885,0,0,0,0,0,0,0,0,0.018231425,0,0,0,0,0,0,0,-0.086417868,0,0,-0.013699479,0.110708119,-0.019596455,-0.016609137,0,-0.017613411,-0.011104707,0,0,0,0,0,0,0,0,0,0,-0.200153556,0,-0.081432221,0,-0.133345887,-0.001583875,0,0,0,0,0,0.723652785,8.736343694,0,0,-5.015051787,0,0,0,0,0,0.278737513,0.103578225,0,0.211850605,0,0.782847729,-0.03476234,0,-0.424726145,0,0,0.621749384,1.885470379,0,-0.041292282,0,-0.228351353,-0.02602374,0,-0.001583875,0,0,0,0,0,-0.000791938,0.391423864,0,0,-0.01738117,0.329575999,0,-0.000791938,0,0,0,-0.100076778,0,0,0,0,0,-0.014694539,-0.255572007,0,-0.057093492,0,0,0,-0.072341175,0.304024953,5.892987289,0.998089249,0.148484469,-0.009798227,-0.02895071,0,0,0,0,0,0,0.00254835,0,-0.122982382,-0.018564224,0,0,0,0,0.105925303,-2.507525893,0.051789113
Eubacterium.7,,,,,,,,,,,,,,,,,,,,,,,,,,,,,,,,,,,,,,,,,,,,,,,,,,,,,,,,,,,,,,,,,,,,,,,,,,,,,,,,,,,,,,,,,,,,,,,,,,,,,,,,,,,,,,,,,,,,,,,,,,,,,,,,,,,,,,,,,,,,,,,,,,,,,,,,,,,,,,,,,,,,,,,,,,,,,,,,,,,,,,,,,,,,,,,,,,,,,-0.178955173,0.171534283,-0.03206305,0.081524145,0,0,-0.023845771,0,-0.011499689,-0.000463806,0,0,0,0,0,-0.043246724,1.311104377,0,0,0,-0.131392258,0,0,-0.011193205,0,0.013272646,0,0,0,0,0,0,0,-0.005624003,0,0,0,-0.000927611,-0.0142664,-0.012091605,0,-0.012822726,-0.008084329,0,0,0,0,0,0,0,0.464907108,0.28231938,1.960672515,-3.130845137,0,-0.079875516,0,-0.133030665,-0.001553597,0,0,0,0,0,0,5.391102321,0,0,0,-1.511207009,0,0,0,0,0.044459014,-0.082073771,0.671583837,0,0,0.040893609,-0.034097803,0,-1.309349262,0,0,0,-0.003107194,-0.047658298,-0.040502915,0,-0.042951929,-0.025526256,0,-0.001553597,0,0,0,0,0,-0.000776798,0.020446805,0,0,-0.017048902,-0.021623362,-0.005596602,-0.001008701,0,0,0,-1.565422568,0,-0.089477587,0,0,0,0.125128165,-0.657486632,0,-0.051860644,0,0,0,-0.072265177,0,3.351103349,-0.002017403,0.02886583,-0.030962349,-0.02629726,1.02109833,0.335791918,0,0,0,0,0.318220695,0,-0.027887327,-0.016805292,0,-0.821299634,0,0,0,0,-0.041036886
Clostridium.23,,,,,,,,,,,,,,,,,,,,,,,,,,,,,,,,,,,,,,,,,,,,,,,,,,,,,,,,,,,,,,,,,,,,,,,,,,,,,,,,,,,,,,,,,,,,,,,,,,,,,,,,,,,,,,,,,,,,,,,,,,,,,,,,,,,,,,,,,,,,,,,,,,,,,,,,,,,,,,,,,,,,,,,,,,,,,,,,,,,,,,,,,,,,,,,,,,,,,-0.00344222,0,0,0,0,0,-0.281511425,0,0,0,0,0,0,0,0,0,0,0,0,0,0,0,0,-0.175410883,0,0,0,0,0,0,0,0,0,-0.008726126,0,-0.008943195,-0.022135552,,,-0.01876117,0,0,-0.0118239,0,,0,0,0,,0,0,0,0,0,0,0.573099979,0,-0.03222292,0,0,0,0,-0.519297804,0,0,-3.095640455,0,0.903471059,0,0,0,0,0,0,-0.624965748,0,0,0,0,0,-0.039744271,0,-0.021958161,-0.087404722,-0.022504389,0,,,0,0,-0.56160049,0,0,,0,0,0,,0,,0,0,0,-0.019872136,0,-0.087705441,0,-0.015723792,0,-0.259648902,0,0,-0.00172111,0,0,0,0,-0.015342143,0,0.145794277,0,0.451735529,-0.043702361,-0.01611146,-0.011067776,-1.547820228,,-0.312482874,,-0.009380585,0,0,0,0,0,0,0,0,-0.280800245,-0.00591195,0,0,0,,0,0,0
Alistipes.4,,,,,,,,,,,,,,,,,,,,,,,,,,,,,,,,,,,,,,,,,,,,,,,,,,,,,,,,,,,,,,,,,,,,,,,,,,,,,,,,,,,,,,,,,,,,,,,,,,,,,,,,,,,,,,,,,,,,,,,,,,,,,,,,,,,,,,,,,,,,,,,,,,,,,,,,,,,,,,,,,,,,,,,,,,,,,,,,,,,,,,,,,,,,,,,,,,,,,0,0.137370619,0,0,0,0.506400957,-0.01971852,0,-0.000291151,0,0,0.191803597,-0.012701253,0,0,0.143934337,0,0,0,0,0,0,-0.018676355,0,0,0,0,0.507136665,0,0,0.337870289,0,0,-0.60624691,0,0,-0.0087294,-0.000174161,-0.010799203,0.080595622,0,0,0,0,0,0,0,0.355113049,0,,,,,,,,,,,,,,,,,,,,,,,,,,,,,,,,,,,,,,,,,,,,,,,,,,0,0,0.337870289,0,0,0,0.143934337,0,0,0,0,0,0,0,0,0,0,0.506400957,0,-0.60624691,-0.012701253,-0.01971852,0,0,0,-0.000291151,-0.0087294,0,-0.000174161,0,-0.010799203,0.080595622,0,0.507136665,0,0.355113049,0,0,0.137370619,0.191803597,0,0,-0.018676355,0,0,0,0,0,0
Blautia.1,,,,,,,,,,,,,,,,,,,,,,,,,,,,,,,,,,,,,,,,,,,,,,,,,,,,,,,,,,,,,,,,,,,,,,,,,,,,,,,,,,,,,,,,,,,,,,,,,,,,,,,,,,,,,,,,,,,,,,,,,,,,,,,,,,,,,,,,,,,,,,,,,,,,,,,,,,,,,,,,,,,,,,,,,,,,,,,,,,,,,,,,,,,,,,,,,,,,,0,0,0,0,0,0,-0.05615448,0,0,0,0,0,0,0,0,0,-0.051935468,0,0,0,-0.009903831,0,0,-0.01744663,0,0,0,0,0,0,0,0,-0.011088258,0,0,-0.004492043,,-0.000722925,,-0.009423475,0,0,-0.005938981,0,0,0,0,0,0,0,0,0,0,0,0,0,0,-0.005349753,0,0,0,0,0,0,0,-0.006194231,0,0.00645677,0,0,0,0,0,0,0,0,0,0,0,0,-0.006598472,0,0,-0.229491401,-0.003736251,,-0.409876159,,0,0,-0.110847389,0,0,0,0,0,0,0,0,0,0,0,0,-0.003299236,0,-0.008723315,0,-0.004114147,-0.005544129,0,0,0,0,0,0,0,0,0,0,-0.02807724,0,0.003228385,-0.1147457,-0.002674877,,-0.02906485,-0.205299542,0,,-0.004711737,0,0,0,0,0,0,0,0,-0.055423695,-0.00296949,0,-0.004951915,0,0,0,0,0
Clostridium.16,,,,,,,,,,,,,,,,,,,,,,,,,,,,,,,,,,,,,,,,,,,,,,,,,,,,,,,,,,,,,,,,,,,,,,,,,,,,,,,,,,,,,,,,,,,,,,,,,,,,,,,,,,,,,,,,,,,,,,,,,,,,,,,,,,,,,,,,,,,,,,,,,,,,,,,,,,,,,,,,,,,,,,,,,,,,,,,,,,,,,,,,,,,,,,,,,,,,,0,0,0,0,0,0.011977859,-0.019894645,0,-0.00688556,0,0,0,0,-0.913843756,0,0,0.877745522,1.355479645,0,0,0,0,0,-1.517834488,0,0.005462582,0,0,0,0,0,0,0,-0.05885564,0.080893794,-0.004808854,0,-0.000773911,-0.011902528,-0.010088086,0,0,-0.006744796,0,0,0,0,0,0,0,0.069691237,0,0.092905706,0,0,-0.019949307,0,-0.007292497,-0.000388019,0,0,0,-1.487475395,0,0,0.029911307,0.153474811,0,0,0,0,0,0,0,0.523226364,0,0,0,0,0,-0.008516095,0,-0.61988688,0,0,0,-0.000776037,-0.011935231,-0.010115804,0,-0.046677776,-0.006375309,0,-0.000388019,0,0,0,0,0,-0.000194009,0,0,0,-0.004258048,0,-0.758917244,-0.000194009,-0.002404427,0,-1.200659575,0,0,0,0.754477228,0,0.00598893,0,-0.33937126,0,-0.019921976,0,0,0.040446897,-0.007089028,0,0.453828415,-0.000774974,0.264344473,-0.01191888,-0.010101945,0.046452853,0,0,0,0,0,0.034845618,0,-0.023338888,-0.006560052,0,0,0,0,0,0,0
Oscillibacter.3,,,,,,,,,,,,,,,,,,,,,,,,,,,,,,,,,,,,,,,,,,,,,,,,,,,,,,,,,,,,,,,,,,,,,,,,,,,,,,,,,,,,,,,,,,,,,,,,,,,,,,,,,,,,,,,,,,,,,,,,,,,,,,,,,,,,,,,,,,,,,,,,,,,,,,,,,,,,,,,,,,,,,,,,,,,,,,,,,,,,,,,,,,,,,,,,,,,,,,,,,,,,,,,,,,,,,,,,,,,,,,,,,,,,,,,,,,,,,,,,,,,,,,0.014937729,0.070954941,0.009902483,0,0,0,0,0,0,0,0,0,0,0,0,-0.38947797,-0.093281449,0,0,0,0,0,0,0,-0.032378352,-0.000676002,0,0,-0.329720897,0,0,-0.206601649,0,0,0,0,0,0,-0.020793449,0.02289121,-0.01631423,-0.018689277,0.118909469,0,0,0,0,0,0,0,0,0,0,0,-0.206601649,-0.38947797,0,0,0,0,0,0,0,0.014937729,0,0,0,0.009902483,0,0,0,-0.032378352,0,0,0,0,-0.093281449,0,-0.000676002,-0.020793449,0.02289121,0,0,-0.01631423,0,0,0,0.070954941,0,-0.018689277,0.118909469,0,0,0,0,-0.329720897,0,0
Murimonas.1,,,,,,,,,,,,,,,,,,,,,,,,,,,,,,,,,,,,,,,,,,,,,,,,,,,,,,,,,,,,,,,,,,,,,,,,,,,,,,,,,,,,,,,,,,,,,,,,,,,,,,,,,,,,,,,,,,,,,,,,,,,,,,,,,,,,,,,,,,,,,,,,,,,,,,,,,,,,,,,,,,,,,,,,,,,,,,,,,,,,,,,,,,,,,,,,,,,,,,,,,,,,,,,,,,,,,,,,,,,,,,,,,,,,,,,,,,,,,,,,,,,,,,0.012425267,-0.007443497,0.048841799,0,0,-0.129665005,-0.063782439,0,0,0,0,0,0,0,0,-0.042693931,0.044250027,4.421581346,0,0,0,0,0,-0.248550014,-0.059419961,-0.002481166,0,0,0,0,0,-0.027227881,0,0,2.293459601,-0.01293607,0,0,-0.038056249,-0.032342511,-0.113094425,-0.156496014,-0.021623886,0,0,0,0,0,0,0,0,0,0,0,-0.027227881,-0.042693931,-0.248550014,0,-0.01293607,0,0,0,0,0.012425267,4.421581346,0,-0.129665005,0.048841799,0,0,-0.063782439,-0.059419961,0,2.293459601,0,0,0.044250027,0,-0.002481166,-0.038056249,-0.032342511,0,0,-0.113094425,0,0,0,-0.007443497,0,-0.156496014,-0.021623886,0,0,0,0,0,0,0
Oscillibacter.1,,,,,,,,,,,,,,,,,,,,,,,,,,,,,,,,,,,,,,,,,,,,,,,,,,,,,,,,,,,,,,,,,,,,,,,,,,,,,,,,,,,,,,,,,,,,,,,,,,,,,,,,,,,,,,,,,,,,,,,,,,,,,,,,,,,,,,,,,,,,,,,,,,,,,,,,,,,,,,,,,,,,,,,,,,,,,,,,,,,,,,,,,,,,,,,,,,,,,,,,,,,,,,,,,,,,,,,,,,,,,,,,,,,,,,,,,,,,,,,,,,,,,,-0.002754541,0,0,0,0,0,0,0,0,0,0,0,0,0,0,-0.056058291,0,0,0,0,0,0,0,0,0,0,0,0,0,0,0,-0.015113925,0,,0,0,0,,-0.021124644,,-0.116303835,-0.518649237,0,0,0,0,0,0,0,0,0,0,0,0,-0.015113925,-0.056058291,0,0,0,0,0,0,0,-0.002754541,0,0,0,0,,0,0,0,0,0,0,0,0,,0,-0.021124644,,0,0,-0.116303835,0,0,0,0,0,-0.518649237,0,0,0,0,0,0,0,0
Lachnospiraceae.1,,,,,,,,,,,,,,,,,,,,,,,,,,,,,,,,,,,,,,,,,,,,,,,,,,,,,,,,,,,,,,,,,,,,,,,,,,,,,,,,,,,,,,,,,,,,,,,,,,,,,,,,,,,,,,,,,,,,,,,,,,,,,,,,,,,,,,,,,,,,,,,,,,,,,,,,,,,,,,,,,,,,,,,,,,,,,,,,,,,,,,,,,,,,,,,,,,,,,,,,,,,,,,,,,,,,,,,,,,,,,,,,,,,,,,,,,,,,,,,,,,,,,,0,0,0,0,0,0,0,0,0,0,0,0,0,-0.525329656,0,0,-0.877741054,0,0.030965879,0,-0.030965879,0,0,0,0,0,0,0,0,0,0,-0.012263103,0,0,-0.026968745,0,0,0,,0,0,-0.09081436,0,0,0,0,0,0,0,0,0,0,0,0,-0.012263103,0,0,0,0,0,-0.525329656,0,0,0,0,0,0,0,0,0,0,0,0.030965879,-0.026968745,0,0,-0.877741054,0,0,,0,0,0,0,0,0,0,0,0,-0.09081436,0,0,-0.030965879,0,0,0,0,0