Unnamed: 0,R1_A,R2_B,R1_C,R2_C,R2_A,R1_B
Salt_Pond_MetaGSF2_A_D1_MG_DASTool_bins_concoct_out.23,2.285887785208416e-07,1.1006888821359126e-05,1.2824136116502326e-06,7.849968681873012e-06,6.775749484276515e-07,5.076911024731232e-07
Salt_Pond_MetaGSF2_A_D2_MG_DASTool_bins_concoct_out.11,1.752075388014981e-07,2.835804199132063e-06,1.0892673399044905e-06,5.142121151279442e-06,1.0735843756377954e-06,2.9617758821454734e-07
Salt_Pond_MetaGSF2_A_D2_MG_DASTool_bins_concoct_out.13,2.132504669452183e-07,1.3394620111036782e-05,6.679555078902643e-07,5.9487751794259495e-06,1.4034279691972269e-06,3.661402121521807e-07
Salt_Pond_MetaGSF2_A_D2_MG_DASTool_bins_concoct_out.28,2.664661018352987e-07,1.262983619948314e-05,1.2266898820738496e-06,7.913521063902485e-06,1.854122277617651e-06,4.349420058667738e-07
Salt_Pond_MetaGSF2_A_D2_MG_DASTool_bins_concoct_out.33,3.896730476079487e-06,0.0001028635930335,1.5406573304662215e-05,5.846092076793577e-05,3.7294372210998034e-06,6.53729336467044e-06
Salt_Pond_MetaGSF2_A_D2_MG_DASTool_bins_concoct_out.40,7.899281971998619e-07,0.0001095827419074,2.649543343353304e-06,4.840329275803339e-05,1.8081264226763696e-06,1.2310123599259394e-06
Salt_Pond_MetaGSF2_A_D2_MG_DASTool_bins_concoct_out.55,3.0969212684101207e-06,6.750667139050886e-05,1.0940498883793733e-05,5.692628163162097e-05,3.5813799535382333e-06,4.603257343128117e-06
Salt_Pond_MetaGSF2_A_D2_MG_DASTool_bins_concoct_out.8,5.123543651946445e-07,2.6600980052428988e-05,2.3716578009344263e-06,1.785401622425759e-05,2.2758822662666552e-06,1.039301761872233e-06
Salt_Pond_MetaGSF2_A_H2O_MG_DASTool_bins_concoct_out.23,7.28137964045633e-07,2.222740955806724e-05,3.822670227872683e-06,1.862822672652748e-05,2.62267060825742e-06,1.4668593085741482e-06
Salt_Pond_MetaGSF2_A_H2O_MG_DASTool_bins_concoct_out.33,1.6256796396090714e-08,5.405098245942907e-07,1.3373386423394086e-08,2.857667740687299e-07,5.527535412983969e-08,4.6730284953210235e-08
Salt_Pond_MetaGSF2_A_H2O_MG_DASTool_bins_metabat.14,2.691905889646902e-06,6.992150128415656e-05,1.0642587987670212e-05,5.194634661071328e-05,8.558048940849879e-06,4.82141609728571e-06
Salt_Pond_MetaGSF2_A_H2O_MG_DASTool_bins_metabat.23,3.833273659492788e-08,1.1061577071866908e-06,7.652848998464546e-08,1.6104761603989582e-06,1.9354232386089385e-07,1.887913218928068e-07
Salt_Pond_MetaGSF2_A_H2O_MG_DASTool_bins_metabat.28,2.3391110783580206e-07,3.415163749723432e-06,3.202358855718666e-07,8.481163380103218e-06,2.187820866577968e-07,2.441919662325467e-07
Salt_Pond_MetaGSF2_A_H2O_MG_DASTool_bins_metabat.34,1.370072860699798e-06,1.2832675410785362e-05,2.0774124321260216e-06,9.337404366266742e-06,5.957631887944101e-07,7.71507847022344e-07
Salt_Pond_MetaGSF2_B_D1_MG_DASTool_bins_concoct_out.44,7.361590300956254e-07,2.0914309458991283e-05,1.4458999808806715e-06,0.000144687045404,4.463308031070037e-06,8.779999566706966e-07
Salt_Pond_MetaGSF2_B_D1_MG_DASTool_bins_metabat.9,1.2527025754886606e-07,8.068797642917282e-06,4.888925774106394e-07,1.7907942804009376e-06,9.476224047437984e-07,2.208046898405776e-07
Salt_Pond_MetaGSF2_B_D2_MG_DASTool_bins_concoct_out.42,2.652176280172448e-06,0.0001404513696697,1.305285729414486e-05,0.0002402217074992,1.6510430877949757e-05,6.116964273160554e-06
Salt_Pond_MetaGSF2_B_D2_MG_DASTool_bins_concoct_out.55,8.522903889969815e-07,1.633538867667285e-05,3.208999247689766e-06,1.916882447462907e-05,1.343985461782989e-06,1.781626981446249e-06
Salt_Pond_MetaGSF2_B_D2_MG_DASTool_bins_metabat.4,1.516659142178705e-05,0.0008786045872295,4.383479290192689e-05,0.0001614013665956,5.505246924913744e-06,1.526046371669969e-05
Salt_Pond_MetaGSF2_B_H2O_MG_DASTool_bins_concoct_out.14,0.0,1.425546096480141e-07,6.686693211697043e-09,1.8959781004570217e-07,3.35347771624709e-08,3.217603884886753e-08
Salt_Pond_MetaGSF2_B_H2O_MG_DASTool_bins_concoct_out.91,7.076352697247838e-08,7.013466582409313e-07,1.664303663926856e-07,5.605730761360481e-07,1.027664925360661e-07,6.340591970007031e-08
Salt_Pond_MetaGSF2_B_H2O_MG_DASTool_bins_metabat.11,5.7544335229470754e-08,9.978822675361002e-07,6.092491967844694e-08,1.6543180484046092e-06,1.0661930819464553e-07,5.286537823357456e-08
Salt_Pond_MetaGSF2_B_H2O_MG_DASTool_bins_metabat.19,1.9191974847805878e-07,4.174351310130657e-06,5.929163794519652e-07,7.650999403889898e-06,8.116747648743081e-07,3.8422015019108084e-07
Salt_Pond_MetaGSF2_B_H2O_MG_DASTool_bins_metabat.25,6.178257489470242e-08,3.0936485039182474e-06,1.5156761842294397e-07,6.978438101643733e-07,7.570673781993297e-07,1.267454376540491e-07
Salt_Pond_MetaGSF2_B_H2O_MG_DASTool_bins_metabat.28,1.9944400004026657e-07,4.148662721450063e-06,6.218856193081231e-07,4.4133415410791895e-06,1.3238165729447114e-06,2.552869221484227e-07
Salt_Pond_MetaGSF2_B_H2O_MG_DASTool_bins_metabat.39,1.446888622199862e-08,9.224680935417718e-07,1.0402380204132386e-08,1.758972200439362e-07,1.0685506141400893e-07,6.241549387167783e-08
Salt_Pond_MetaGSF2_B_H2O_MG_DASTool_bins_metabat.8,6.30431580839827e-07,8.614270132705627e-06,1.85898559845954e-06,7.485797821836697e-06,6.130222748515618e-07,9.26851630266425e-07
Salt_Pond_MetaGSF2_C_D1_MG_DASTool_bins_concoct_out.13,8.779421495440028e-07,1.1837153687467316e-05,3.196416843280144e-06,1.8102388904470328e-05,2.5370442352976724e-06,1.1900475586201734e-06
Salt_Pond_MetaGSF2_C_D2_MG_DASTool_bins_concoct_out.13,6.572241487629468e-07,5.702776494237993e-05,5.779807067795912e-06,4.164009158625801e-05,6.691343349359129e-06,1.5053408450980274e-06
Salt_Pond_MetaGSF2_C_D2_MG_DASTool_bins_concoct_out.15,4.890175308155592e-06,4.207875579321385e-05,9.060878296141416e-06,1.9279753364696526e-05,1.2720807867187871e-06,3.6696786042294753e-06
Salt_Pond_MetaGSF2_C_D2_MG_DASTool_bins_concoct_out.17,3.4378846641358234e-06,0.0008909817238782,6.247813857627264e-06,0.0001003558328285,3.638308849817077e-06,4.267844598702022e-06
Salt_Pond_MetaGSF2_C_D2_MG_DASTool_bins_concoct_out.24,4.269977483782211e-07,0.0001889667277933,2.104919319492848e-06,8.14632201042711e-05,3.160250819883174e-06,1.2052524883289014e-06
Salt_Pond_MetaGSF2_C_D2_MG_DASTool_bins_concoct_out.25,3.4462793013532685e-05,0.0020138322384578,0.0003544631311773,0.0005659164267944,0.0001077519029202,7.943008838618218e-05
Salt_Pond_MetaGSF2_C_D2_MG_DASTool_bins_concoct_out.26,3.039425992647492e-06,9.276042270630086e-05,7.775401075790737e-06,3.633904359095802e-05,1.3347474345399691e-06,2.745325705732035e-06
Salt_Pond_MetaGSF2_C_D2_MG_DASTool_bins_concoct_out.3,2.6163505907950253e-06,0.0001142681797149,9.774772505765494e-06,4.716680731540611e-05,2.735463151843358e-06,3.707414254559254e-06
Salt_Pond_MetaGSF2_C_D2_MG_DASTool_bins_concoct_out.32,1.333719723796486e-06,5.458802278938867e-05,3.201540864647883e-06,5.899557939056809e-05,3.1950822397521472e-06,1.6707072896964004e-06
Salt_Pond_MetaGSF2_C_D2_MG_DASTool_bins_concoct_out.39,5.693604847290135e-07,0.0002781327414674,1.987495121971116e-06,4.7228760193701325e-05,5.311151240594215e-06,1.0114791698852194e-06
Salt_Pond_MetaGSF2_C_D2_MG_DASTool_bins_concoct_out.42,5.6089443927385575e-06,0.0002704867511702,3.4237860199721475e-05,0.0001082288735683,6.703770584290472e-06,1.2399689934163614e-05
Salt_Pond_MetaGSF2_C_D2_MG_DASTool_bins_concoct_out.8,3.4292241535473603e-06,0.0001432992618767,1.4016447213035277e-05,5.062049661011708e-05,3.501848231563318e-06,5.5791454518067255e-06
Salt_Pond_MetaGSF2_C_D2_MG_DASTool_bins_metabat.11,2.744394729234035e-06,0.0001227780123446,1.177631624307226e-05,6.22282971850699e-05,3.334370806767104e-06,4.237996887227508e-06
Salt_Pond_MetaGSF2_C_D2_MG_DASTool_bins_metabat.16,4.244581788738608e-06,0.000310481202938,1.667227982813156e-05,0.0001256198806291,6.374319912763326e-06,7.966262085507266e-06
Salt_Pond_MetaGSF2_C_D2_MG_DASTool_bins_metabat.19,1.1388037718726595e-06,0.0001141798939551,4.824215715574617e-06,6.369742782371645e-05,3.578116520928056e-06,1.6708920945128618e-06
Salt_Pond_MetaGSF2_C_H2O_MG_DASTool_bins_metabat.13,7.580182962085347e-06,0.0001049527371236,2.3765595753525336e-05,0.0001329595764166,6.908913916943791e-06,1.1384017855187076e-05
Salt_Pond_MetaGSF2_C_H2O_MG_DASTool_bins_metabat.16,1.325461018671808e-07,1.6809467017784031e-06,2.295816115172204e-07,8.159337181902264e-07,1.4809546989363912e-07,7.966767698328228e-08
Salt_Pond_MetaGSF2_C_H2O_MG_DASTool_bins_metabat.29,6.031989161552902e-07,8.935943799998908e-06,1.1984653229908666e-06,2.564678854035714e-05,6.53043535159992e-07,7.579440267463938e-07
Salt_Pond_MetaGSF2_C_H2O_MG_DASTool_bins_metabat.49,1.2639574840591054e-08,5.389334987650409e-07,1.857457652546028e-08,1.8633615184634488e-06,1.1055070825967953e-07,3.6189743486714544e-08
Salt_Pond_MetaG_R1_A_D1_MG_DASTool_bins.concoct_out.44,0.0002035248189923,0.0015001569905632,0.0003081345605718,0.0004550029115297,5.437157522781038e-05,0.0001705814844992
Salt_Pond_MetaG_R1_A_D1_MG_DASTool_bins.concoct_out.5,0.0006309541669618,0.0031068327242962,0.0014193202945185,0.00192928444671,0.0006121736698789,0.000385929264882
Salt_Pond_MetaG_R1_A_D1_MG_DASTool_bins.concoct_out.54,0.0002513714934045,0.0004948298548933,0.0002832554741331,0.0001659269716964,0.0001990521101535,0.0001361200442101
Salt_Pond_MetaG_R1_A_D1_MG_DASTool_bins.concoct_out.9,0.0005094651868271,0.0024902184013949,0.0004784199386761,0.0039318797981455,0.0001657948050723,0.00037603703659
Salt_Pond_MetaG_R1_A_D1_MG_DASTool_bins.metabat.15,0.0005232761681437,0.0022613431924623,0.0007144702101443,0.0009309960447214,6.542384317204783e-05,0.0003182639402755
Salt_Pond_MetaG_R1_A_D1_MG_DASTool_bins.metabat.18,0.0015357196118293,0.0086178708958596,0.0035024033936132,0.0040884498583253,0.0002350011169182,0.001281659387294
Salt_Pond_MetaG_R1_A_D1_MG_DASTool_bins.metabat.26,0.0007511227369994,0.0038148243603015,0.0010213637775496,0.001501295669417,0.0001441738120015,0.0002914486953148
Salt_Pond_MetaG_R1_A_D1_MG_DASTool_bins.metabat.45,0.0005845948808188,0.0005474677513305,7.687859798673968e-05,0.0001428389446997,5.9034711302244736e-05,5.41810584022093e-05
Salt_Pond_MetaG_R1_A_D1_MG_DASTool_bins.metabat.47,0.0013461494862162,0.0066706612972102,0.0017121327008136,0.0244183501985708,0.0005845322910455,0.0018075006628783
Salt_Pond_MetaG_R1_A_D1_MG_DASTool_bins.metabat.51,0.0012914846407127,0.0006512496374315,0.000924419968192,0.0012802111786133,6.690410145322048e-06,0.000947706209731
Salt_Pond_MetaG_R1_A_D1_MG_DASTool_bins.metabat.6,0.0009239694747162,0.0065118653927197,0.0016291982004542,0.0027723982843446,0.0002282001375937,0.0006910070784625
Salt_Pond_MetaG_R1_A_D2_MG_DASTool_bins_concoct_out.1,0.0002571346475621,0.0001924527400662,0.000646741971773,0.0001889669299606,2.1924098632693025e-05,0.0002644229035445
Salt_Pond_MetaG_R1_A_D2_MG_DASTool_bins_concoct_out.109,0.0008936214226108,0.0019286900494513,0.0009679976456034,0.0021964956110694,0.0001205984508892,0.0008273444438196
Salt_Pond_MetaG_R1_A_D2_MG_DASTool_bins_concoct_out.21,0.0006222936877749,0.0040531562557754,0.0007734394900762,0.0008318161160644,7.17063775879612e-05,0.0002067292458272
Salt_Pond_MetaG_R1_A_D2_MG_DASTool_bins_concoct_out.25,0.0002913134287912,0.000220753502559,2.597559223325691e-05,0.0004207706488503,3.40922784642912e-06,0.0003291223823002
Salt_Pond_MetaG_R1_A_D2_MG_DASTool_bins_concoct_out.51,0.0004169769998435,0.0016778699715365,0.0005315257642345,0.0007531872268089,2.8354902149036125e-05,0.0001821684396489
Salt_Pond_MetaG_R1_A_D2_MG_DASTool_bins_metabat.15,0.0004286603448682,0.0068536660796952,0.0010100081172093,0.0110191819383046,0.0006216006253612,0.0004054185348565
Salt_Pond_MetaG_R1_A_D2_MG_DASTool_bins_metabat.27,0.0012012088830193,0.009096508938857,0.0013065211894933,0.0175778467405017,0.0002759660642228,0.0007052894257184
Salt_Pond_MetaG_R1_A_D2_MG_DASTool_bins_metabat.31,0.0031034487505099,0.0012309250557404,0.0007504727206726,0.0012209000007026,4.890315915198052e-05,0.0058125676555522
Salt_Pond_MetaG_R1_A_D2_MG_DASTool_bins_metabat.36,0.001431150017949,0.0064075999447492,0.0015437246898232,0.0052988294513398,0.0002819919357122,0.000977494261236
Salt_Pond_MetaG_R1_A_D2_MG_DASTool_bins_metabat.45,0.0004818097638393,0.0043769709366594,0.0005742822786441,0.0109785830059725,0.000298199994729,0.0004330013232783
Salt_Pond_MetaG_R1_A_D2_MG_DASTool_bins_metabat.48,0.0003173667171796,0.0004396390562449,0.0001670210911576,0.0005110151919233,2.151572747650509e-06,9.23871805950952e-05
Salt_Pond_MetaG_R1_A_D2_MG_DASTool_bins_metabat.50,0.0006941570462491,0.0002019921241235,0.0006088251994581,0.0003301930332741,4.276414808523786e-06,0.0010142495867189
Salt_Pond_MetaG_R1_A_D2_MG_DASTool_bins_metabat.84,0.0001386985903918,0.0003915638399273,0.0001397148354074,0.0003814767092187,0.0001105619651632,8.435538693498568e-05
Salt_Pond_MetaG_R1_A_H2O_MG_DASTool_bins_concoct_out.2,2.518837141069344e-05,0.0002438565535464,3.247645093565485e-05,8.780146965099223e-05,4.68779184668041e-06,2.43101556461026e-05
Salt_Pond_MetaG_R1_A_H2O_MG_DASTool_bins_maxbin.022,3.6799149569552975e-06,5.889484495729125e-05,1.086757804457346e-05,4.457846564078558e-05,9.897546372495733e-06,2.617649577067425e-06
Salt_Pond_MetaG_R1_A_H2O_MG_DASTool_bins_metabat.14,1.783023393188704e-06,4.273565637431128e-05,8.578529649784e-06,2.3932544507849112e-05,2.8095298846532666e-05,2.346315569861158e-06
Salt_Pond_MetaG_R1_A_H2O_MG_DASTool_bins_metabat.6,9.759492299113068e-06,9.499000243857774e-05,4.077288547611033e-05,8.478071900033708e-05,8.744122476484126e-06,2.612739235543188e-05
Salt_Pond_MetaG_R1_A_H2O_MG_DASTool_bins_metabat.8,2.958363567395737e-05,0.0036084391094798,0.0002140073461249,0.0080213386763936,0.0421230167122048,4.387534945545541e-05
Salt_Pond_MetaG_R1_B_D1_MG_DASTool_bins_concoct_out.53,0.0011672974426624,0.0138929083653114,0.002407454158535,0.0049600632988893,0.0001617310571056,0.0008154942172185
Salt_Pond_MetaG_R1_B_D1_MG_DASTool_bins_concoct_out.59,0.000378947068802,0.0042788936935781,0.0005395762881896,0.0080979943835211,0.0002646968368914,0.000606820431113
Salt_Pond_MetaG_R1_B_D1_MG_DASTool_bins_concoct_out.89,9.840358960606872e-05,0.0065449150641729,0.0001138052844132,0.0014607671618515,5.840951704967045e-05,0.0010718986153637
Salt_Pond_MetaG_R1_B_D1_MG_DASTool_bins_metabat.13,0.0024232954446209,0.0086694956887723,0.0044726811052454,0.0033431252737047,0.0001582502693813,0.0021282887194745
Salt_Pond_MetaG_R1_B_D1_MG_DASTool_bins_metabat.16,0.0003552980238362,0.0231465958553032,0.002258084147042,0.0075519436889525,0.0005413378827106,0.0007883702903272
Salt_Pond_MetaG_R1_B_D1_MG_DASTool_bins_metabat.20,0.0010540057198546,0.0136891496083002,0.0038197912957724,0.0067950167956235,0.0004314663284892,0.0023602285702377
Salt_Pond_MetaG_R1_B_D1_MG_DASTool_bins_metabat.28,0.0058127959755946,0.0413487414544421,0.0125653348827696,0.0210301377986489,0.0010274470309035,0.0058414939975226
Salt_Pond_MetaG_R1_B_D1_MG_DASTool_bins_metabat.29,0.0019398726467121,0.0347884740954529,0.0083012247225832,0.021489091687129,0.0010995745058385,0.0031999463150459
Salt_Pond_MetaG_R1_B_D1_MG_DASTool_bins_metabat.32,0.0010511577561804,0.010418468708541,0.0026077928502676,0.0080338205761183,0.000555386316893,0.0011447122326761
Salt_Pond_MetaG_R1_B_D1_MG_DASTool_bins_metabat.38,0.0001213210083797,0.0113529278902795,0.0006037896024142,0.0070025428076692,0.0005449675909373,0.0007101599649713
Salt_Pond_MetaG_R1_B_D1_MG_DASTool_bins_metabat.40,0.0006732014160112,0.0086659731958469,0.0019608769512726,0.0040221012262461,0.0001348458808612,0.0013884516345499
Salt_Pond_MetaG_R1_B_D1_MG_DASTool_bins_metabat.41,0.0024385692604773,0.0116932837534295,0.0043541827575548,0.024219811765328,0.0011514853168717,0.0028273807924549
Salt_Pond_MetaG_R1_B_D1_MG_DASTool_bins_metabat.49,0.0002454000516115,0.0047382828596037,0.0006855004648628,0.0075484807293367,0.0004220283735599,0.0003277061131033
Salt_Pond_MetaG_R1_B_D1_MG_DASTool_bins_metabat.58,0.0005292241652483,0.0003315210613245,0.0002026299588403,0.0010566942085021,9.060623086065653e-05,0.000813927838023
Salt_Pond_MetaG_R1_B_D2_MG_DASTool_bins_concoct_out.120,0.0005885395526619,0.0015865133355372,0.0015601627269339,0.0005850402765472,0.0003008727152263,0.0004689332560665
Salt_Pond_MetaG_R1_B_D2_MG_DASTool_bins_concoct_out.37,3.2616007638528374e-05,0.0008099946704878,8.184547987240501e-05,0.0014729052539399,4.954399267760696e-05,0.0004532766457504
Salt_Pond_MetaG_R1_B_D2_MG_DASTool_bins_concoct_out.51,0.0009388957973888,0.0067362406649715,0.0026011249670493,0.0049340662015047,0.0004226258581471,0.0013137809631097
Salt_Pond_MetaG_R1_B_D2_MG_DASTool_bins_concoct_out.73,0.0002704430815767,0.0028631601341371,0.0003584402898875,0.0053814613208541,0.0001847440977455,0.0004742721725752
Salt_Pond_MetaG_R1_B_D2_MG_DASTool_bins_concoct_out.86,1.1634864797834012e-05,0.0004240658150222,2.454379102490232e-05,0.0006685020837295,2.1234608337847738e-05,0.0004999913911113
Salt_Pond_MetaG_R1_B_D2_MG_DASTool_bins_concoct_out.87,0.0010862176820926,0.0035244654034992,0.00130786680445,0.0023203763898294,0.0001080720028531,0.0004831680477012
Salt_Pond_MetaG_R1_B_D2_MG_DASTool_bins_maxbin.014,0.0022894100498191,0.0100178541088835,0.0050708959539596,0.0067325225145253,0.0002782893765947,0.0016213655324513
Salt_Pond_MetaG_R1_B_D2_MG_DASTool_bins_metabat.14,0.0010458993092822,0.0462182922335153,0.0051909266540278,0.0228231496245722,0.0010364032466086,0.0014982120552959
Salt_Pond_MetaG_R1_B_D2_MG_DASTool_bins_metabat.16,0.0004541645980085,0.0049350151513775,0.0012715683779245,0.0049944983182934,0.0003041740880409,0.0012643535339929
Salt_Pond_MetaG_R1_B_D2_MG_DASTool_bins_metabat.18,0.0007235878356333,0.0063959265336429,0.0022260925449924,0.0055528280844106,0.0002245512317239,0.0010520059632723
Salt_Pond_MetaG_R1_B_D2_MG_DASTool_bins_metabat.19,0.0003516534894892,0.0067994729784453,0.00097823467194,0.0114074150232899,0.000661663041476,0.0004854714288259
Salt_Pond_MetaG_R1_B_D2_MG_DASTool_bins_metabat.27,0.0004426741595948,0.0037530904693705,0.001193399167163,0.0051213058024736,0.0002251177692563,0.0007485699559702
Salt_Pond_MetaG_R1_B_D2_MG_DASTool_bins_metabat.28,0.0015764690640331,0.0210596021919878,0.0044153597727434,0.0125225566334797,0.0004565421118436,0.0016339184463388
Salt_Pond_MetaG_R1_B_D2_MG_DASTool_bins_metabat.30,0.000413256907289,0.0048502449611914,0.0013146795379002,0.0040313656166539,0.000242791183048,0.0008288188606456
Salt_Pond_MetaG_R1_B_D2_MG_DASTool_bins_metabat.34,0.0003867010092479,0.0075491175230365,0.0009449307185787,0.004882695730406,0.0003441820769956,0.0008307746238891
Salt_Pond_MetaG_R1_B_D2_MG_DASTool_bins_metabat.37,0.0002421388570383,0.002832453903756,0.0006389142115443,0.0016270007608802,6.951601035727099e-05,0.000419464189841
Salt_Pond_MetaG_R1_B_D2_MG_DASTool_bins_metabat.63,0.0003146569433907,0.0002623672149411,0.000350129031181,0.0003099747646047,1.2240283147419897e-05,0.0009369122685572
Salt_Pond_MetaG_R1_B_D2_MG_DASTool_bins_metabat.78,0.0003792751056827,0.0003267238536347,7.885810611982688e-05,0.0003558492142815,2.000325389134381e-05,0.0004513822246325
Salt_Pond_MetaG_R1_B_H2O_MG_DASTool_bins_concoct_out.13,2.3694871248888534e-07,5.841194234715687e-06,7.81625434052396e-07,8.467197956090792e-06,6.274108503308171e-07,4.360287008501714e-07
Salt_Pond_MetaG_R1_B_H2O_MG_DASTool_bins_concoct_out.19,3.095588771516505e-06,0.0001950291423967,9.185537087375524e-06,0.000687512631586,2.775584822400962e-05,5.34866557632942e-06
Salt_Pond_MetaG_R1_B_H2O_MG_DASTool_bins_concoct_out.22,0.0003924924975274,0.0018558749776915,0.0002927504897323,0.0005984981288806,9.268272515426204e-05,0.0001907945464006
Salt_Pond_MetaG_R1_B_H2O_MG_DASTool_bins_maxbin.028,7.201734718779923e-06,0.0001237899862356,2.0600845207313747e-05,0.0001054763083695,6.257481161192358e-05,8.513071007686838e-06
Salt_Pond_MetaG_R1_B_H2O_MG_DASTool_bins_metabat.11,3.028638462883621e-05,0.0002291915962651,3.0833384177048526e-05,0.0002873466395419,1.0429087573407184e-05,1.6762258869078374e-05
Salt_Pond_MetaG_R1_B_H2O_MG_DASTool_bins_metabat.17,5.83522380034942e-06,0.0002073218821807,2.883067518936645e-05,0.0001203105415012,0.000101860025473,9.376237777412309e-06
Salt_Pond_MetaG_R1_B_H2O_MG_DASTool_bins_metabat.5,2.9641761996650043e-05,0.0003473522180567,4.055976014943115e-05,0.0004245851711598,1.995165565625973e-05,8.559381334321875e-05
Salt_Pond_MetaG_R1_B_H2O_MG_DASTool_bins_metabat.7,1.2482649880463776e-06,5.999128735464094e-05,7.0263679661057565e-06,5.160029724063684e-05,1.4696388770524563e-05,3.136488703345993e-06
Salt_Pond_MetaG_R1_C_D1_MG_DASTool_bins_concoct_out.45,0.0002656623555111,0.0048266274235107,0.0010037199941514,0.0074148415223777,0.0004001291775219,0.000287827690521
Salt_Pond_MetaG_R1_C_D1_MG_DASTool_bins_maxbin.047,0.0007286755942492,0.0006222656196679,0.0008235227720821,0.0012845292689693,1.8194141893983016e-05,0.0006334374933405
Salt_Pond_MetaG_R1_C_D1_MG_DASTool_bins_metabat.19,0.0070990547013906,0.0109262437404879,0.0134644325638043,0.0093258815960662,0.0004886001275604,0.0043769542271864
Salt_Pond_MetaG_R1_C_D1_MG_DASTool_bins_metabat.27,0.0007881378465237,0.0099126236748728,0.00149027462898,0.0061278524362955,0.0001679857814743,0.0007332010693671
Salt_Pond_MetaG_R1_C_D1_MG_DASTool_bins_metabat.31,0.0002224846438989,0.0058166651583209,0.0026629651456793,0.0034496002026922,0.0004348839547073,0.0014695183871114
Salt_Pond_MetaG_R1_C_D2_MG_DASTool_bins_concoct_out.36,0.0002158653962901,0.0132900466264557,0.0023871722370961,0.0183881308545436,0.0006233848649862,0.000369016766075
Salt_Pond_MetaG_R1_C_D2_MG_DASTool_bins_concoct_out.85,0.0048736747145009,0.0077866773909352,0.0021368242993397,0.019403713598425,0.0006915546260883,0.002358342173358
Salt_Pond_MetaG_R1_C_D2_MG_DASTool_bins_metabat.30,0.0024546627260153,0.0185585828880885,0.0052531069047516,0.0154776043051514,0.0009329010049796,0.0019052539554981
Salt_Pond_MetaG_R1_C_D2_MG_DASTool_bins_metabat.40,0.0037193551017596,0.0062358308761372,0.0043473867081417,0.0065661096456209,0.0016844192558958,0.0022030074690537
Salt_Pond_MetaG_R1_C_D2_MG_DASTool_bins_metabat.58,5.671026875664592e-05,0.0017449792966681,0.0004685718710652,0.000975249364222,0.0002558515872962,0.0001319417467445
Salt_Pond_MetaG_R1_C_H2O_MG_DASTool_bins_concoct_out.16,0.0002065592753931,0.003561064277793,0.0003040595592976,0.0018602682923525,0.0009466476675257,0.0002214094736189
Salt_Pond_MetaG_R1_C_H2O_MG_DASTool_bins_concoct_out.67,1.0944070256728233e-05,0.0003960962939579,2.990320457359632e-05,0.0009760172292076,0.0006825005624942,1.489810920310346e-05
Salt_Pond_MetaG_R1_C_H2O_MG_DASTool_bins_concoct_out.79,0.0001658087821808,0.002634033504757,0.0004563227944408,0.0015344799139721,0.0001180450557049,0.0002365718737032
Salt_Pond_MetaG_R1_C_H2O_MG_DASTool_bins_metabat.23,2.9485967582059018e-06,5.6316168221723085e-05,7.10075887468881e-06,6.967997069907243e-05,5.4299713228240726e-05,2.783762974425189e-06
Salt_Pond_MetaG_R1_C_H2O_MG_DASTool_bins_metabat.29,2.9606382897153417e-06,7.282406169879952e-05,1.967419608589162e-05,3.37138479901732e-05,2.215489765115405e-05,4.872692367410773e-06
Salt_Pond_MetaG_R2A_A_D1_MG_DASTool_bins_concoct_out.24,1.6959540103532909e-07,1.4919217379898332e-05,1.395362007659491e-06,9.21710400826186e-06,9.544243153867304e-07,1.058860138442815e-06
Salt_Pond_MetaG_R2A_A_D1_MG_DASTool_bins_concoct_out.42,8.530584649661591e-06,5.51541380473938e-05,1.167566472466872e-05,5.86533294745347e-05,3.8740727973671305e-06,4.384160164466399e-06
Salt_Pond_MetaG_R2A_A_D1_MG_DASTool_bins_concoct_out.46,3.61722155549966e-08,5.542214925932594e-07,1.0550544671423825e-07,8.904465722210937e-07,4.741255399977172e-08,7.507742398069083e-08
Salt_Pond_MetaG_R2A_A_D1_MG_DASTool_bins_concoct_out.50,6.668522036387163e-07,1.1580176756339802e-05,9.62189301388515e-07,2.2342573343505943e-05,1.351966138522742e-06,7.80318743394607e-07
Salt_Pond_MetaG_R2A_A_D1_MG_DASTool_bins_concoct_out.51,9.141220233585252e-07,3.83430947037804e-05,3.433356518484623e-06,2.0572997282969536e-05,2.3142139618363137e-06,1.6607211626792865e-06
Salt_Pond_MetaG_R2A_A_D1_MG_DASTool_bins_concoct_out.6,6.471928499832299e-07,8.906785716683628e-06,1.7772443430626772e-06,1.895394415666516e-05,1.018387605914411e-06,1.4372550701686244e-06
Salt_Pond_MetaG_R2A_A_D1_MG_DASTool_bins_metabat.10,4.046319997281761e-07,7.837667721958454e-06,1.0721358236847788e-06,6.721396677631855e-06,3.919601505354299e-07,9.909226339926938e-07
Salt_Pond_MetaG_R2A_A_D1_MG_DASTool_bins_metabat.14,4.715298979012613e-07,1.0181111355980704e-05,1.3626616470640291e-06,8.073772077976299e-06,1.994473913862059e-06,7.322505568954469e-07
Salt_Pond_MetaG_R2A_A_D1_MG_DASTool_bins_metabat.17,1.8877081540020893e-06,0.0001312831869984,1.5727121723608132e-05,6.856598556475858e-05,4.8218556405373e-06,7.03653758004125e-06
Salt_Pond_MetaG_R2A_A_D2_MG_DASTool_bins_concoct_out.10,2.682040195696436e-06,0.0001471958745113,2.4977102637382e-05,9.771820052894047e-05,6.000445074423966e-06,9.17001400138912e-06
Salt_Pond_MetaG_R2A_A_D2_MG_DASTool_bins_concoct_out.25,1.0183437126319143e-06,2.3277928485817596e-05,1.9199336687582853e-06,9.350838022323774e-05,3.738084775423255e-06,1.6858226171783877e-06
Salt_Pond_MetaG_R2A_A_D2_MG_DASTool_bins_concoct_out.37,3.3989462259502137e-07,2.918989107230975e-05,2.914769312628232e-06,1.0238546576478589e-05,1.6120672180666224e-06,1.1006969625066046e-06
Salt_Pond_MetaG_R2A_A_D2_MG_DASTool_bins_concoct_out.51,5.929345266507345e-07,5.936150115561704e-06,1.9748779916310453e-06,8.662011168126529e-06,5.978860576398345e-07,1.7636201120817038e-06
Salt_Pond_MetaG_R2A_A_D2_MG_DASTool_bins_concoct_out.59,4.771872660045096e-06,6.257872098206564e-05,1.6038992491022826e-05,5.784217326820692e-05,3.2894740436450355e-06,6.750447988361804e-06
Salt_Pond_MetaG_R2A_A_D2_MG_DASTool_bins_metabat.16,5.0061484874578574e-08,3.033914432946532e-07,7.875867386745012e-08,7.474307681813965e-07,1.4215907759286076e-07,4.57331122936801e-07
Salt_Pond_MetaG_R2A_A_D2_MG_DASTool_bins_metabat.7,5.457450415999779e-07,9.957938330386362e-06,1.1241631584523064e-06,3.817137753149183e-05,7.352885988998893e-07,1.3955731835123804e-06
Salt_Pond_MetaG_R2A_A_H2O_MG_DASTool_bins_concoct_out.62,1.0975868288445391e-08,8.286132740607254e-07,3.714915305092056e-08,1.0827845002671484e-06,2.085999566661669e-07,3.9833838491641215e-08
Salt_Pond_MetaG_R2A_A_H2O_MG_DASTool_bins_concoct_out.78,2.9191085634574324e-07,3.761975475014829e-06,3.937933693372505e-07,9.48421962434945e-06,3.094793335761705e-07,2.959263816519955e-07
Salt_Pond_MetaG_R2A_A_H2O_MG_DASTool_bins_metabat.16,1.051403179378724e-06,1.4823944656076131e-05,2.9519223241158696e-06,2.6209042398450865e-05,1.646781851197066e-06,1.6832508167350452e-06
Salt_Pond_MetaG_R2A_A_H2O_MG_DASTool_bins_metabat.20,2.353678083513699e-07,4.2808920024639085e-06,6.776093488845038e-07,1.7262323792298263e-05,1.2256887401317689e-06,2.9357592036229164e-07
Salt_Pond_MetaG_R2A_A_H2O_MG_DASTool_bins_metabat.22,6.22120706338625e-07,1.7204978533242394e-05,2.86198572177738e-06,2.675565005057448e-05,1.4274103814908577e-06,1.314050791436234e-06
Salt_Pond_MetaG_R2A_A_H2O_MG_DASTool_bins_metabat.49,3.5758203481841904e-09,1.223574258836597e-06,2.6746772846788173e-08,4.507035221112548e-07,1.8965021599908719e-07,9.22853392615678e-08
Salt_Pond_MetaG_R2A_B_D1_MG_DASTool_bins_concoct_out.4,1.472084969466413e-06,5.995891713155232e-05,9.319348120343768e-06,3.8794454153285245e-05,2.5370060329655984e-06,3.8127898018153e-06
Salt_Pond_MetaG_R2A_B_D2_MG_DASTool_bins_concoct_out.11,6.535839524288659e-08,4.656469701876158e-06,2.436996787137884e-07,2.5118832046214648e-06,3.491469640555561e-07,1.497852383284613e-07
Salt_Pond_MetaG_R2A_B_D2_MG_DASTool_bins_concoct_out.37,1.0302871252076696e-07,3.1279276739156694e-06,3.856095977057736e-07,1.121146152272093e-06,3.1789222455141974e-07,1.5437549133105278e-07
Salt_Pond_MetaG_R2A_B_D2_MG_DASTool_bins_concoct_out.47,1.8394008363538186e-07,4.231800103102516e-06,5.119198048282777e-07,3.91331589496158e-06,2.842395707792672e-07,1.8424533672094274e-07
Salt_Pond_MetaG_R2A_B_D2_MG_DASTool_bins_concoct_out.54,4.979759396468029e-07,7.989034340575736e-05,2.1851287705394817e-06,2.7130689604718503e-05,4.8043160597017725e-06,7.917833089434028e-07
Salt_Pond_MetaG_R2A_B_D2_MG_DASTool_bins_metabat.6,9.455024670341356e-07,1.2910925393462002e-05,1.832227250302603e-06,1.0123461620463754e-05,2.0580442823574665e-06,1.3417915146900552e-06
Salt_Pond_MetaG_R2A_B_H2O_MG_DASTool_bins_concoct_out.59,2.537851257873927e-07,4.304770577608954e-06,3.960235532200543e-07,1.466770737964488e-05,4.199121652261686e-07,3.2254387558524334e-07
Salt_Pond_MetaG_R2A_B_H2O_MG_DASTool_bins_concoct_out.69,2.0497333539180474e-07,3.3105914924138257e-06,4.145865544353661e-07,1.185361669295255e-05,7.873801946971671e-07,2.0936225820714474e-07
Salt_Pond_MetaG_R2A_B_H2O_MG_DASTool_bins_concoct_out.80,1.7940437725941406e-07,1.8029338094279664e-06,1.315113972245692e-07,2.2754385545590936e-06,2.0537581625922334e-07,1.978534248276207e-07
Salt_Pond_MetaG_R2A_B_H2O_MG_DASTool_bins_maxbin.029,1.033599221792907e-07,3.7911335583301103e-06,1.0282729683651457e-06,4.831163647186204e-06,3.685289189581352e-07,1.3137995848736818e-07
Salt_Pond_MetaG_R2A_B_H2O_MG_DASTool_bins_metabat.10,2.3898502990686976e-07,4.503197654399578e-06,3.098219300575849e-07,4.743479871174901e-06,5.621498272254834e-07,4.589799658631294e-07
Salt_Pond_MetaG_R2A_B_H2O_MG_DASTool_bins_metabat.42,2.6937950286643624e-07,4.189088773276361e-06,5.290088782441069e-07,3.0639710927457875e-06,5.384435502255975e-07,2.774989678955389e-07
Salt_Pond_MetaG_R2A_C_D1_MG_DASTool_bins_concoct_out.10,3.021001016951942e-07,8.048780671601314e-06,1.1278479779510116e-06,3.648940396874347e-06,5.072281029246892e-07,5.207447761304208e-07
Salt_Pond_MetaG_R2A_C_D1_MG_DASTool_bins_concoct_out.15,1.9682806571986569e-07,3.275603370245825e-06,3.090926830312772e-07,4.9823998052269785e-06,4.3992279538038313e-07,3.955441787541451e-07
Salt_Pond_MetaG_R2A_C_D1_MG_DASTool_bins_concoct_out.52,1.4386083807367626e-08,7.867693178932406e-07,2.3775766627526472e-08,1.0960472001412782e-08,9.867792365812308e-08,1.3391522459353336e-07
Salt_Pond_MetaG_R2A_C_D1_MG_DASTool_bins_concoct_out.8,2.5594119571562417e-06,2.6927457963428225e-05,7.21290857181086e-06,1.958443613075705e-05,1.8135116342608088e-06,2.5832481469274825e-06
Salt_Pond_MetaG_R2A_C_D1_MG_DASTool_bins_maxbin.009,1.4224037537171998e-06,4.2111300215893856e-05,6.9945087472013975e-06,2.393537640374317e-05,1.936329139025475e-06,2.581327030088526e-06
Salt_Pond_MetaG_R2A_C_D1_MG_DASTool_bins_metabat.16,9.453031192570848e-07,1.868687236132944e-05,1.982301648742483e-06,1.2141064248978977e-05,7.160638128102175e-07,8.983639542532112e-07
Salt_Pond_MetaG_R2A_C_D1_MG_DASTool_bins_metabat.17,3.132702446670545e-06,8.723986845468007e-05,6.740410546720182e-06,4.5905028865190506e-05,4.179344595584515e-06,2.778596173057857e-06
Salt_Pond_MetaG_R2A_C_D1_MG_DASTool_bins_metabat.18,4.729037960021992e-07,1.150980840280941e-05,2.020944021776467e-06,8.3233876500191e-06,5.716639897622506e-07,1.1631047228847315e-06
Salt_Pond_MetaG_R2A_C_D1_MG_DASTool_bins_metabat.4,1.6244713463373956e-06,2.6670322610812648e-05,4.893355274378278e-06,1.4490577767441292e-05,1.557263370375508e-06,2.279346357324074e-06
Salt_Pond_MetaG_R2A_C_D1_MG_DASTool_bins_metabat.5,9.115654385362553e-06,0.0004339478123152,5.820853641202043e-05,0.0001762445150249,1.469354011421143e-05,2.2250181142023973e-05
Salt_Pond_MetaG_R2A_C_D2_MG_DASTool_bins_concoct_out.10,3.0305998772297774e-07,4.003539252933963e-05,2.186637424269412e-06,1.0439104858525687e-05,1.8199588252035428e-06,9.12948067766468e-07
Salt_Pond_MetaG_R2A_C_D2_MG_DASTool_bins_concoct_out.16,4.1054160420507945e-07,1.764950668184391e-05,1.6516788167133508e-06,9.603990314333013e-06,1.0734272068248877e-06,7.862468979431463e-07
Salt_Pond_MetaG_R2A_C_D2_MG_DASTool_bins_concoct_out.21,3.728742063869937e-06,4.757115408951115e-05,8.96199780765144e-06,4.881272145402247e-05,3.6405867077331054e-06,5.579425459212908e-06
Salt_Pond_MetaG_R2A_C_D2_MG_DASTool_bins_concoct_out.31,6.195385149660124e-07,1.2175457986711766e-05,1.933993859404107e-06,9.340144484267095e-06,7.175580064040087e-07,1.0327671915500335e-06
Salt_Pond_MetaG_R2A_C_D2_MG_DASTool_bins_concoct_out.34,7.724217063247808e-07,2.73603260343243e-05,1.6932729037830134e-06,1.8745257298510688e-05,7.255779753469865e-07,8.31824086166868e-07
Salt_Pond_MetaG_R2A_C_D2_MG_DASTool_bins_concoct_out.36,1.3728881427972497e-07,1.004013307216194e-05,1.0074952170138977e-06,5.797803855395865e-06,4.062308494050042e-07,3.746257667222496e-07
Salt_Pond_MetaG_R2A_C_D2_MG_DASTool_bins_concoct_out.4,4.066566626099178e-06,9.167729197870388e-05,8.808118978174627e-06,9.438239658712689e-05,2.969302871306437e-06,4.288016057974536e-06
Salt_Pond_MetaG_R2A_C_D2_MG_DASTool_bins_concoct_out.41,2.84900434589232e-06,3.427362460488389e-05,7.373481811372776e-06,4.6367660417451925e-05,2.545340339534394e-06,3.894637535693637e-06
Salt_Pond_MetaG_R2A_C_D2_MG_DASTool_bins_concoct_out.42,1.8705328727855243e-06,7.786106387623051e-05,1.1118049302106711e-05,6.562770328812479e-05,4.0715465212930535e-06,4.338694712384785e-06
Salt_Pond_MetaG_R2A_C_D2_MG_DASTool_bins_concoct_out.45,1.446888622199862e-08,2.782533852965438e-07,4.4580527035791336e-08,3.545345580882244e-07,1.26512061739179e-07,1.1666304148192905e-07
Salt_Pond_MetaG_R2A_C_D2_MG_DASTool_bins_concoct_out.49,4.880351015412454e-07,9.498046921738424e-06,1.5417052853600697e-06,3.640720042873286e-06,4.084715948601121e-07,6.940279604276702e-07
Salt_Pond_MetaG_R2A_C_D2_MG_DASTool_bins_concoct_out.51,2.53660922165445e-07,1.8720442579156283e-05,2.205250585162038e-06,7.537065561811429e-06,9.98573436776333e-07,8.110904789514337e-07
Salt_Pond_MetaG_R2A_C_D2_MG_DASTool_bins_concoct_out.69,5.806661748680946e-06,0.0001554155994356,2.6367085966850422e-05,7.055663540306847e-05,6.596483308640958e-06,1.0175175406308083e-05
Salt_Pond_MetaG_R2A_C_D2_MG_DASTool_bins_concoct_out.9,1.5663887954128236e-06,4.046605058845409e-05,5.322781426163077e-06,2.222351587733113e-05,1.9369971064803385e-06,2.7797935376180603e-06
Salt_Pond_MetaG_R2A_C_D2_MG_DASTool_bins_maxbin.022,4.142339699156842e-07,1.888041203914425e-05,1.9666942199995684e-06,8.968374716144767e-06,1.0064755291096275e-06,9.001234667563588e-07
Salt_Pond_MetaG_R2A_C_D2_MG_DASTool_bins_metabat.10,2.1678488608608693e-07,1.087560218022216e-05,7.251647405762747e-07,4.674447253144752e-06,3.747796488847318e-07,5.041134092142894e-07
Salt_Pond_MetaG_R2A_C_D2_MG_DASTool_bins_metabat.18,8.502540715789961e-07,4.7213482283006456e-05,3.422221032817465e-06,2.27033013614036e-05,2.2919625862269903e-06,1.433899782628713e-06
Salt_Pond_MetaG_R2A_C_D2_MG_DASTool_bins_metabat.27,7.644834426894185e-07,2.080974509073333e-05,3.2119432448520163e-06,1.352552656329565e-05,1.557263370375508e-06,1.481886100394681e-06
Salt_Pond_MetaG_R2A_C_D2_MG_DASTool_bins_metabat.38,5.408443826176993e-07,1.2694691357137e-05,1.416892156657346e-06,6.847442105648101e-06,6.277251879566368e-07,7.07894988590449e-07
Salt_Pond_MetaG_R2A_C_H2O_MG_DASTool_bins_concoct_out.67,8.367634978135147e-07,4.188379821105782e-06,2.5262041424500604e-07,4.440213053061403e-06,3.669561409578912e-07,4.336262382361889e-07
Salt_Pond_MetaG_R2A_C_H2O_MG_DASTool_bins_metabat.16,1.1566828736135806e-07,4.12896259311025e-06,3.202281686984338e-07,1.1430670962749187e-06,2.39224931047512e-07,2.6349913624057746e-07
Salt_Pond_MetaG_R2A_C_H2O_MG_DASTool_bins_metabat.4,2.89377724439973e-07,1.311652514722833e-05,6.709149387993753e-07,2.374082802571809e-06,2.3086279297511164e-06,3.793781305896397e-06
Salt_Pond_MetaG_R2A_C_H2O_MG_DASTool_bins_metabat.5,1.4618431232083884e-05,0.000150025638651,3.135864650080645e-05,7.828551972457483e-05,4.260489477634055e-06,1.0652751057191756e-05
Salt_Pond_MetaG_R2_A_D1_MG_DASTool_bins_concoct_out.119,0.0003309375655472,0.0043626502284279,0.0006408605987522,0.0481625149835667,0.0004477681120344,0.0005392140496617
Salt_Pond_MetaG_R2_A_D1_MG_DASTool_bins_concoct_out.29,9.57350512989048e-06,0.0008662116391443,0.0001076833678926,0.008643759841442,0.0005555672107479,4.749323551465943e-05
Salt_Pond_MetaG_R2_A_D1_MG_DASTool_bins_concoct_out.35,1.400132940155948e-05,0.0014608362676714,0.0001523421481446,0.0026239614248119,0.00066468847851,6.523751411488445e-05
Salt_Pond_MetaG_R2_A_D1_MG_DASTool_bins_concoct_out.49,0.0012950113699655,0.0087422086729334,0.003264551249281,0.0095497511780841,0.0009798094815975,0.0023427808839344
Salt_Pond_MetaG_R2_A_D1_MG_DASTool_bins_concoct_out.52,3.5980527965125945e-06,0.0001714639462789,5.8224394639158175e-05,2.4605462421999627e-05,0.000295129440039,8.612241860220567e-06
Salt_Pond_MetaG_R2_A_D1_MG_DASTool_bins_concoct_out.66,1.2507382923160976e-06,0.0006610380150768,3.252627509060277e-05,0.0001360849707197,0.0006087384201598,2.3960459331431736e-06
Salt_Pond_MetaG_R2_A_D1_MG_DASTool_bins_concoct_out.84,0.0001612122366831,0.0128399243902104,0.0008406184627816,0.0078348353672266,0.0010314484611419,0.0001632961244201
Salt_Pond_MetaG_R2_A_D1_MG_DASTool_bins_concoct_out.93,1.9073445328789944e-06,0.0023966763722461,2.9775821716092853e-05,0.0002039614141065,0.0001486232660055,3.063863610172978e-06
Salt_Pond_MetaG_R2_A_D1_MG_DASTool_bins_concoct_out.98,0.0016725986761422,0.0044455196500604,0.0018543110752193,0.0076027824076566,0.000433524831721,0.0013810298843359
Salt_Pond_MetaG_R2_A_D1_MG_DASTool_bins_maxbin.001,1.0480343650671163e-06,0.0005397486396044,2.3680096365845263e-05,0.004021156654516,0.00028289853591,8.293175941506754e-06
Salt_Pond_MetaG_R2_A_D1_MG_DASTool_bins_metabat.10,0.0030009894374546,0.0212728786821921,0.0053756860489791,0.0115446085451332,0.0007885927572538,0.0018110317507692
Salt_Pond_MetaG_R2_A_D1_MG_DASTool_bins_metabat.12,0.007133561552731,0.0735052984225862,0.0213092684088268,0.0500819273577296,0.0023728732658672,0.0091464618116719
Salt_Pond_MetaG_R2_A_D1_MG_DASTool_bins_metabat.24,5.095725772521516e-05,0.0042711345494084,0.000117661129582,0.0047851049508427,0.0012573823698611,0.0001621752821453
Salt_Pond_MetaG_R2_A_D1_MG_DASTool_bins_metabat.32,2.289034972881407e-05,0.0020280601146814,5.740092431962814e-05,0.0026695917862128,0.000382782458555,4.737370732789558e-05
Salt_Pond_MetaG_R2_A_D1_MG_DASTool_bins_metabat.50,0.0024736928298178,0.0156002688014727,0.0045154887209427,0.0106402534037569,0.0006811477607383,0.0036293135900268
Salt_Pond_MetaG_R2_A_D1_MG_DASTool_bins_metabat.61,2.1132777542985848e-06,0.0008819562088248,0.0001441440577699,0.0007172592868807,0.0008025293172265,4.814399114623186e-06
Salt_Pond_MetaG_R2_A_D1_MG_DASTool_bins_metabat.7,0.0002581439450548,0.0055256688533136,0.0006364011569741,0.0210057752737124,0.0016060237162256,0.0003803084170184
Salt_Pond_MetaG_R2_A_D1_MG_DASTool_bins_metabat.9,0.0004536503358448,0.0092379302860227,0.0011627778896232,0.0153245794913709,0.0009128654664971,0.0005341848214758
Salt_Pond_MetaG_R2_A_D2_MG_DASTool_bins_concoct_out.19,1.3528713509509624e-05,0.0015788946003443,0.0001708996973391,0.001508020605399,0.0054242069893017,3.005935059743162e-05
Salt_Pond_MetaG_R2_A_D2_MG_DASTool_bins_concoct_out.67,1.9415478470026616e-05,0.0007182583327068,0.0001190454255558,0.0003236638434671,0.0041719481089314,2.8564191884894536e-05
Salt_Pond_MetaG_R2_A_D2_MG_DASTool_bins_concoct_out.9,3.829308314224076e-05,0.0014566295433579,0.0001898577806092,0.0007525744363377,0.0069573871167469,4.603907653254819e-05
Salt_Pond_MetaG_R2_A_D2_MG_DASTool_bins_metabat.14,0.0002132081511023,0.0053124231070954,0.0009075233079474,0.0055961092438106,0.0027859229601405,0.0002422880568633
Salt_Pond_MetaG_R2_A_D2_MG_DASTool_bins_metabat.16,6.45046591948366e-06,0.0004605372470012,2.9066256689872973e-05,0.0004422742374172,0.0034027175021259,4.526059597070194e-06
Salt_Pond_MetaG_R2_A_H2O_MG_DASTool_bins_concoct_out.11,7.029944696158569e-05,0.0048873697641284,0.0012018475049437,0.0016398583566579,0.0028108367875057,0.0001772371142686
Salt_Pond_MetaG_R2_A_H2O_MG_DASTool_bins_concoct_out.29,0.0001208900615413,0.0037821535635458,0.0005138993245366,0.001818954243686,0.003388480091211,0.0001658461639784
Salt_Pond_MetaG_R2_A_H2O_MG_DASTool_bins_concoct_out.45,2.4086711480964645e-05,0.0016042844540583,0.0002669817875671,0.00100768161321,0.0015359235852715,5.146437717192563e-05
Salt_Pond_MetaG_R2_A_H2O_MG_DASTool_bins_maxbin.035,7.665764778337731e-07,7.539848472134414e-05,2.996491275841511e-06,0.0002647512201199,0.0002499118202156,1.0159366193956286e-06
Salt_Pond_MetaG_R2_A_H2O_MG_DASTool_bins_metabat.14,4.385609015522817e-05,0.009521782594093,0.0012499012384995,0.008390734250444,0.0047196176640856,0.0002479643858951
Salt_Pond_MetaG_R2_B_D1_MG_DASTool_bins_concoct_out.110,0.0002583197211691,0.0227794660348014,0.0012552462023147,0.0033595040737615,0.0001734235561708,0.0006105391200236
Salt_Pond_MetaG_R2_B_D1_MG_DASTool_bins_concoct_out.40,0.0002338721755454,0.0239864777696958,0.0010471622438821,0.0340421593130808,0.0003483717838341,0.0003315393023454
Salt_Pond_MetaG_R2_B_D1_MG_DASTool_bins_metabat.10,0.0060433300886446,0.0479258390692815,0.0100835913818606,0.0184867916931128,0.0010442681857282,0.0053560752200487
Salt_Pond_MetaG_R2_B_D1_MG_DASTool_bins_metabat.13,0.0029784910612985,0.0515771243059457,0.0104486563747213,0.0627203541890046,0.0039842273571137,0.0069768095135059
Salt_Pond_MetaG_R2_B_D1_MG_DASTool_bins_metabat.22,0.0019952436467375,0.0173954295277653,0.0048926730580882,0.0134026924274988,0.0006195050130222,0.0024200494949019
Salt_Pond_MetaG_R2_B_D2_MG_DASTool_bins_concoct_out.124,1.1627625573343816e-05,0.0015548666955676,0.0001888320156123,0.0074688959313175,0.0003729748688953,0.0001304833537888
Salt_Pond_MetaG_R2_B_D2_MG_DASTool_bins_concoct_out.143,5.335189427542994e-05,0.0041321242375029,0.0004561433842087,0.0149940914571851,0.0004972397718313,0.0005097324634567
Salt_Pond_MetaG_R2_B_D2_MG_DASTool_bins_concoct_out.32,6.755415139434663e-05,0.0041750072979249,0.0004872338414534,0.0052351003639925,0.0002911371846055,0.0006254159865896
Salt_Pond_MetaG_R2_B_D2_MG_DASTool_bins_concoct_out.39,0.0003765651813725,0.0068153040047031,0.0014615841696769,0.0247069396538878,0.0009817786854027,0.0011992248709886
Salt_Pond_MetaG_R2_B_D2_MG_DASTool_bins_concoct_out.4,1.982532126811703e-05,0.0037595562873656,0.0003531307814936,0.0090825277505946,0.0003623140915476,7.367447460298754e-05
Salt_Pond_MetaG_R2_B_D2_MG_DASTool_bins_concoct_out.80,0.0001334765604599,0.0025082806512915,0.0005236536973929,0.0088963104465979,0.0003671368200513,0.00021274556667
Salt_Pond_MetaG_R2_B_D2_MG_DASTool_bins_metabat.10,0.0005820677656673,0.0113266086047679,0.0028032251374306,0.015108688706414,0.0006805178025477,0.0010726929111455
Salt_Pond_MetaG_R2_B_D2_MG_DASTool_bins_metabat.16,0.0009961982989171,0.0175780460134338,0.00348430985754,0.0176777477074691,0.0010730497617984,0.0016348045091761
Salt_Pond_MetaG_R2_B_D2_MG_DASTool_bins_metabat.19,0.0002264787739532,0.0120985551193855,0.0010963552270442,0.0507033469775447,0.0018814327400188,0.0011395818421346
Salt_Pond_MetaG_R2_B_D2_MG_DASTool_bins_metabat.20,0.0003414126128727,0.0098050040385846,0.0010976586461544,0.0187215581210375,0.000331559857171,0.000394198184988
Salt_Pond_MetaG_R2_B_D2_MG_DASTool_bins_metabat.38,0.0010467891986764,0.0175686158158852,0.0032384312468245,0.0073804588288379,0.0008081731330253,0.0014173765299974
Salt_Pond_MetaG_R2_B_D2_MG_DASTool_bins_metabat.43,7.295981325558111e-05,0.0042505705064537,0.0006872492762688,0.0019958007769503,0.0002350339443789,0.0002264112986764
Salt_Pond_MetaG_R2_B_D2_MG_DASTool_bins_metabat.44,0.000705830765598,0.0106395126542217,0.0027867819761718,0.0104819561216283,0.0022169776265922,0.0017165888987674
Salt_Pond_MetaG_R2_B_D2_MG_DASTool_bins_metabat.45,6.986708688086725e-05,0.004718198680475,0.0003010525035723,0.0073255774609064,0.0009302970464533,0.0001343835578668
Salt_Pond_MetaG_R2_B_D2_MG_DASTool_bins_metabat.50,0.0001081809074796,0.0030970254030272,0.0003654914367989,0.0289796043780142,0.0006147115634649,0.0004080046742849
Salt_Pond_MetaG_R2_B_D2_MG_DASTool_bins_metabat.52,0.0002036931248483,0.014512647706748,0.0004978476338881,0.0186998114690168,0.0026726380795565,0.0003000335919337
Salt_Pond_MetaG_R2_B_D2_MG_DASTool_bins_metabat.55,0.001098744524918,0.0113937731985194,0.0027547273966285,0.0117627928746545,0.0006215093914998,0.0013859760082093
Salt_Pond_MetaG_R2_B_D2_MG_DASTool_bins_metabat.62,6.635809916301743e-05,0.0028786176065573,0.0002090266779876,0.0043282123413885,0.0003686066180011,0.0001140545156046
Salt_Pond_MetaG_R2_B_H2O_MG_DASTool_bins_metabat.16,2.3367267770449577e-05,0.0031770443460803,0.0003410141230114,0.0026402907372539,0.0142837216480789,5.637004133256117e-05
Salt_Pond_MetaG_R2_B_H2O_MG_DASTool_bins_metabat.17,3.1520165920475015e-05,0.002664808240598,0.0002067366379721,0.0023366845023318,0.0150314261040185,4.719203779033683e-05
Salt_Pond_MetaG_R2_B_H2O_MG_DASTool_bins_metabat.29,7.423211819371541e-06,0.0005627514368628,1.4335772505055136e-05,0.0008585286316355,0.0009858182939861,2.565204743225757e-06
Salt_Pond_MetaG_R2_C_D1_MG_DASTool_bins_concoct_out.118,0.0001167441669713,0.0033424737343492,0.0001613678837021,0.0016999209731958,4.150299271075227e-05,0.0001744703426895
Salt_Pond_MetaG_R2_C_D1_MG_DASTool_bins_concoct_out.37,0.000293312365709,0.0024661030340852,0.000422456055389,0.0035865970784849,5.7103375372119305e-05,0.0002368704822945
Salt_Pond_MetaG_R2_C_D1_MG_DASTool_bins_concoct_out.65,0.0032190022308814,0.0241901753822134,0.0076261391626513,0.0070588456070417,0.0003564431293136,0.0021283774807019
Salt_Pond_MetaG_R2_C_D1_MG_DASTool_bins_concoct_out.7,3.580964620950373e-05,0.0096301205225927,0.0001103642920211,0.0017869531069917,5.126599942346291e-05,0.0003801689384297
Salt_Pond_MetaG_R2_C_D1_MG_DASTool_bins_concoct_out.71,2.804861414323101e-05,0.0185994010942889,0.0001836438092269,0.0024777396362435,0.0001030240579796,0.000346445383746
Salt_Pond_MetaG_R2_C_D1_MG_DASTool_bins_concoct_out.88,2.002861748493088e-05,0.004961210882422,9.03907612710349e-05,0.0009571550221576,3.041664207823852e-05,0.0002582565640958
Salt_Pond_MetaG_R2_C_D1_MG_DASTool_bins_concoct_out.95,2.9763469612838586e-05,0.0077516891476362,8.849248507719184e-05,0.0070430840143442,0.0002988592971916,7.607849994281448e-05
Salt_Pond_MetaG_R2_C_D1_MG_DASTool_bins_concoct_out.98,0.0001344342685846,0.0057387112372701,0.0002369513737756,0.0049111727469813,0.0001087086692254,0.0001315776783096
Salt_Pond_MetaG_R2_C_D1_MG_DASTool_bins_maxbin.062,2.5609401165400583e-05,0.006531891403871,6.497868017156443e-05,0.0029847056910313,3.0410552876613125e-05,3.711824956026046e-05
Salt_Pond_MetaG_R2_C_D1_MG_DASTool_bins_metabat.17,0.0017532619986163,0.0313701765743931,0.0053437000916308,0.0207580603688152,0.0017588093191402,0.0031544469061353
Salt_Pond_MetaG_R2_C_D1_MG_DASTool_bins_metabat.25,0.0021684563542915,0.0172371865609919,0.0052124143521542,0.0219184298426508,0.0008463678312387,0.0043495085499871
Salt_Pond_MetaG_R2_C_D1_MG_DASTool_bins_metabat.7,4.4259378150543306e-05,0.0217907872800684,0.0015798650243078,0.0054807613121456,0.0004461579116792,0.0004840442361082
Salt_Pond_MetaG_R2_C_D2_MG_DASTool_bins_concoct_out.100,2.943461570058613e-06,0.0017456517963517,5.40341800665135e-05,0.0908228016355635,0.0004974665126836,9.372638217774652e-06
Salt_Pond_MetaG_R2_C_D2_MG_DASTool_bins_concoct_out.104,1.7454161106947e-05,0.0016921102332083,8.325481719506609e-05,0.0173674612173769,0.0001950821551497,4.547334631601234e-05
Salt_Pond_MetaG_R2_C_D2_MG_DASTool_bins_concoct_out.18,2.11644370269386e-05,0.0010252602747417,7.557670306096909e-05,0.0313799151036277,0.0001636066581069,4.441847855089618e-05
Salt_Pond_MetaG_R2_C_D2_MG_DASTool_bins_concoct_out.21,8.325896341341797e-07,8.48974742829594e-05,1.879007093727468e-06,0.0242486322195746,1.4979524890000022e-05,8.208176659124462e-07
Salt_Pond_MetaG_R2_C_D2_MG_DASTool_bins_concoct_out.45,0.0012444955879399,0.0199828875748077,0.0038879630627898,0.0202340272115887,0.0013639741866389,0.0022068322700376
Salt_Pond_MetaG_R2_C_D2_MG_DASTool_bins_concoct_out.47,4.48289305578247e-05,0.0032071609348847,0.0003074193120062,0.0233803400049936,0.0005501798621066,0.0002988035164002
Salt_Pond_MetaG_R2_C_H2O_MG_DASTool_bins_concoct_out.35,7.11178089245456e-05,0.0023177636988317,0.0004078525025898,0.0021517104539657,0.0032718514669011,9.684082309713518e-05
Salt_Pond_MetaG_R2_C_H2O_MG_DASTool_bins_concoct_out.60,6.975140953706705e-05,0.0070676753029928,0.0013422363767653,0.0040117130100896,0.008882942701033,0.0002023008535601
Salt_Pond_MetaG_R2_C_H2O_MG_DASTool_bins_metabat.20,1.0637800606674184e-05,0.0003620840426407,5.9002929452962005e-05,0.0002505354801535,0.001674563446787,1.6527953293475544e-05
Salt_Pond_MetaG_R2_C_H2O_MG_DASTool_bins_metabat.29,5.348933769334781e-07,9.92051045325625e-05,3.031387094389329e-06,8.711093891556248e-05,0.0005679816764967,4.588836967081245e-07
Salt_Pond_MetaG_R2_restored_C_black_MG_DASTool_bins_concoct_out.12,1.0893887678141376e-05,0.0022386089415904,2.932642423120432e-05,0.0005107080245045,8.826648035002385e-06,1.3287859756102603e-05
Salt_Pond_MetaG_R2_restored_C_black_MG_DASTool_bins_concoct_out.17,1.8472739581773257e-05,0.0049207718199909,0.0001085145898438,0.0032506292205047,0.0004398203369135,5.284626839961876e-05
Salt_Pond_MetaG_R2_restored_C_black_MG_DASTool_bins_concoct_out.25,4.387384621850813e-06,0.0034375866895621,1.6544094415791066e-05,0.0004215701608948,7.358152234102501e-06,7.553410255084838e-06
Salt_Pond_MetaG_R2_restored_C_black_MG_DASTool_bins_concoct_out.26,3.245245732007662e-05,0.0025466339932774,0.0001445369251368,0.0006693369995339,2.703281661277645e-05,2.744316639258046e-05
Salt_Pond_MetaG_R2_restored_C_black_MG_DASTool_bins_concoct_out.43,4.6007684357217815e-05,0.0085173173879659,0.0003811176253755,0.0022854481752458,6.394731862641006e-05,0.0002691749418062
Salt_Pond_MetaG_R2_restored_C_black_MG_DASTool_bins_concoct_out.51,0.0002880318382819,0.0024609791111722,0.0021350851033619,0.001727657773354,0.0002475740736172,0.0003823880421623
Salt_Pond_MetaG_R2_restored_C_black_MG_DASTool_bins_concoct_out.57,4.187704491082846e-05,0.0025003223958078,0.0001277208370288,0.0007476125185641,2.0201626976469063e-05,6.199554745968261e-05
Salt_Pond_MetaG_R2_restored_C_black_MG_DASTool_bins_metabat.13,0.001298454175838,0.0149494272816948,0.0026423114050536,0.0129642843912871,0.0006867452436847,0.0013482939415376
Salt_Pond_MetaG_R2_restored_C_black_MG_DASTool_bins_metabat.2,7.942152805657813e-05,0.0112531176668099,0.0002104657909708,0.0021049656530635,6.601662560277649e-05,0.0006581068028216
Salt_Pond_MetaG_R2_restored_C_black_MG_DASTool_bins_metabat.22,0.0001211122531501,0.005244600299963,0.000491965126472,0.0131316405348086,0.0001862488102864,0.0002384012731327
Salt_Pond_MetaG_R2_restored_C_black_MG_DASTool_bins_metabat.8,0.0002052193978503,0.0089823051010893,0.0020850679243625,0.0033812325465984,0.0002216610362736,0.0003352579763742
Salt_Pond_MetaG_R2_restored_DShore_MG_DASTool_bins_concoct_out.12,4.1577347284588284e-08,2.4601512335015813e-06,1.0550544671423825e-07,1.2238557383055328e-05,6.514314649565222e-08,5.095092832288117e-08
Salt_Pond_MetaG_R2_restored_DShore_MG_DASTool_bins_concoct_out.17,2.5493469154287456e-06,2.5604907798428457e-05,6.670534024016772e-06,4.606023753339117e-05,1.3416268397182018e-06,2.499618766630633e-06
Salt_Pond_MetaG_R2_restored_DShore_MG_DASTool_bins_concoct_out.2,2.776468225264809e-06,9.449921819929712e-05,1.4540960997583303e-05,6.019797202437248e-05,3.0630267077444515e-06,5.7546540273950514e-06
Salt_Pond_MetaG_R2_restored_DShore_MG_DASTool_bins_concoct_out.20,1.5502224596908907e-06,3.373840217751144e-05,5.127343235547082e-06,3.379631636419424e-05,1.5049764034332494e-06,2.2161031085250983e-06
Salt_Pond_MetaG_R2_restored_DShore_MG_DASTool_bins_concoct_out.21,2.851271651032978e-05,0.000980765898854,0.0002558016828209,0.0001187844085523,5.071445636821427e-05,4.731374549892732e-05
Salt_Pond_MetaG_R2_restored_DShore_MG_DASTool_bins_concoct_out.37,1.4482787464898218e-05,0.0004345270134442,9.989657668180513e-05,0.0001368057240313,3.178220882528676e-05,2.0809631585690367e-05
Salt_Pond_MetaG_R2_restored_DShore_MG_DASTool_bins_concoct_out.38,2.410533914737857e-06,5.192062021007348e-05,9.046598174602796e-06,5.600904482564117e-05,1.8815252913343608e-06,3.273529076266963e-06
Salt_Pond_MetaG_R2_restored_DShore_MG_DASTool_bins_concoct_out.40,3.823431951254123e-05,0.0025900007081278,0.0004991184181217,0.0004402358466783,8.68511863059592e-05,8.578659890402809e-05
Salt_Pond_MetaG_R2_restored_DShore_MG_DASTool_bins_concoct_out.46,1.1493089103615798e-06,0.0002686802962671,8.418002711462646e-06,4.410848951477796e-05,1.2996791715804818e-06,2.185309239052907e-06
Salt_Pond_MetaG_R2_restored_DShore_MG_DASTool_bins_concoct_out.68,4.742550070125887e-06,8.417924752695795e-05,1.2726621519583729e-05,8.085704307994832e-05,2.555090255290524e-06,5.887652961399828e-06
Salt_Pond_MetaG_R2_restored_DShore_MG_DASTool_bins_concoct_out.7,4.370842565353365e-06,0.0001227086497434,1.6324228380255565e-05,0.0001852197937056,4.823308362185561e-06,6.86394721404854e-06
Salt_Pond_MetaG_R2_restored_DShore_MG_DASTool_bins_concoct_out.89,2.6350272274870283e-05,0.0004204750490437,9.39121637504259e-05,0.0001218469951961,1.8888131174519264e-05,3.020859742336149e-05
Salt_Pond_MetaG_R2_restored_DShore_MG_DASTool_bins_maxbin.037,2.364932992084154e-07,1.455877714187786e-05,1.0966562710854803e-06,3.5777319400885616e-05,2.2900743807297715e-06,3.979909091988538e-07
Salt_Pond_MetaG_R2_restored_DShore_MG_DASTool_bins_metabat.11,5.969018158255425e-06,7.02546923857706e-05,1.2410988763935984e-05,4.200099266027269e-05,2.4830284114134114e-06,5.01313336226767e-06
Salt_Pond_MetaG_R2_restored_DShore_MG_DASTool_bins_metabat.13,1.0464458026700757e-06,7.743743585070692e-05,3.738046710301037e-06,5.291094942506085e-05,1.3117484171981738e-06,1.2881869171906397e-06
Salt_Pond_MetaG_R2_restored_DShore_MG_DASTool_bins_metabat.15,5.598413169561368e-07,3.817769520318565e-05,1.9882282274341407e-06,5.5471268473763225e-05,1.1232780571670586e-06,5.594476518079367e-07
Salt_Pond_MetaG_R2_restored_DShore_MG_DASTool_bins_metabat.18,4.217281638158499e-06,0.0002349768585446,4.179764725215963e-05,5.227039375856369e-05,1.842434820293956e-05,2.045259667774004e-05
Salt_Pond_MetaG_R2_restored_DShore_MG_DASTool_bins_metabat.23,1.2528907002615186e-05,0.0002107613245038,4.575466097975432e-05,0.0001090643552241,9.61103221341391e-06,1.4730585902090671e-05
Salt_Pond_MetaG_R2_restored_DShore_MG_DASTool_bins_metabat.25,1.5074629038228885e-06,4.974218396745136e-05,7.573310917893476e-06,4.998849691018443e-05,3.588417617400529e-06,3.3971184316193747e-06
Salt_Pond_MetaG_R2_restored_DShore_MG_DASTool_bins_metabat.27,2.5374372458007696e-07,1.1093729385352596e-05,4.324318839345193e-07,7.978008492791573e-05,2.3699166200972918e-05,2.967098687485648e-07
Salt_Pond_MetaG_R2_restored_DShore_MG_DASTool_bins_metabat.8,2.5232734845490328e-06,0.0002078784721066,1.1790098623787624e-05,7.73618141251043e-05,2.535905851275238e-06,4.4665324453852105e-06
Salt_Pond_MetaG_R2_restored_H2O_MG_DASTool_bins_concoct_out.34,1.103045568390818e-07,4.598387222951926e-06,6.463944913986747e-07,2.6895569124709453e-05,1.480760417662566e-06,2.015196537479108e-07
Salt_Pond_MetaG_R2_restored_H2O_MG_DASTool_bins_concoct_out.44,1.996096048695285e-07,0.0001259009069924,3.3554775706754245e-06,0.0025504136134508,5.49092219215912e-05,4.72351247829069e-07
Salt_Pond_MetaG_R2_restored_H2O_MG_DASTool_bins_maxbin.002,5.278582815995304e-07,0.0005285459635696,1.3253955828832207e-05,0.0087174944315591,0.0002540135311703,2.5195910206648574e-06
Salt_Pond_MetaG_R2_restored_H2O_MG_DASTool_bins_maxbin.005,5.927330485427783e-06,0.0002744063634929,2.2155071162095992e-05,0.0004258882637157,6.790418881493329e-05,2.0973246518824357e-05
Salt_Pond_MetaG_R2_restored_H2O_MG_DASTool_bins_maxbin.017,8.915693705965598e-06,0.0002077994185031,3.752668305478623e-05,0.0005524832985209,3.24183512068525e-05,1.1918532323759982e-05
unbinned_reads,0.0918389695471158,2.0262983617036183,0.2711032157527382,1.8805600190441096,0.2523751622115028,0.1192224459160874
