MAG,R1_A,R2A_A,SF2_B,SF2_A,R2_B,SF2_C,R1_C,R2A_C,R2A_B,R2_C,R2_A,R1_B
Salt_Pond_MetaGSF2_A_D1_MG_DASTool_bins_concoct_out.23,2.2812453698959944e-07,0.0003038462157770258,0.004648192901256231,0.006325956156430077,1.7586200323158273e-06,0.006482135553848918,1.2869427512376678e-06,4.260278804244972e-05,0.00015478803217738643,2.0250770752986217e-06,5.329121076392495e-07,5.217231557475829e-07
Salt_Pond_MetaGSF2_A_D2_MG_DASTool_bins_concoct_out.11,1.7533708079531203e-07,3.245772839339036e-05,0.0008958220293416223,0.0006232282612834608,8.034563608174264e-07,0.0023913956169372367,1.1870379448137842e-06,3.1426289744542545e-06,6.382860571727658e-06,5.35240033092999e-07,9.825510636410133e-07,2.7783803675149115e-07
Salt_Pond_MetaGSF2_A_D2_MG_DASTool_bins_concoct_out.13,2.1333756488066607e-07,4.53542345650754e-06,0.002109006416995503,0.0029547126530299565,2.0652168429387565e-06,0.01261441568566089,6.725686626434131e-07,0.00022833201912139122,4.8992886932945024e-05,1.4357313369833083e-06,1.249110050600348e-06,3.827569633815677e-07
Salt_Pond_MetaGSF2_A_D2_MG_DASTool_bins_concoct_out.28,2.6606420483621315e-07,4.7268073345863544e-05,0.017739292252888925,0.006193793005049188,2.2558673506368394e-06,0.022205261831021207,1.234089087790653e-06,0.00010050847249076466,0.0002652380099324716,1.8261949679246957e-06,1.5649341986402076e-06,4.4074677953943827e-07
Salt_Pond_MetaGSF2_A_D2_MG_DASTool_bins_concoct_out.33,3.900362716272976e-06,1.808327110000209e-05,6.978367070314141e-05,0.001524612864701949,2.5477055194553433e-05,0.0016848877807353522,1.4830493125209468e-05,0.00024216974062932692,0.0002068491060991378,1.527825872291643e-05,3.7352198831997063e-06,6.442742197746942e-06
Salt_Pond_MetaGSF2_A_D2_MG_DASTool_bins_concoct_out.40,7.901377518578846e-07,9.294153151556602e-07,0.0010586972698653895,0.003325832960197428,2.204734339049461e-05,0.006214637533012093,2.6998304793008234e-06,0.00013620488630853366,3.3364694722608768e-06,5.191963366373553e-06,1.8614312253757787e-06,1.2186690579922237e-06
Salt_Pond_MetaGSF2_A_D2_MG_DASTool_bins_concoct_out.55,3.0962978439238993e-06,7.886505796258728e-05,0.0024028756308875497,0.002459516535734043,1.2271467837567656e-05,0.0027531099700750096,1.0585238990577824e-05,4.208253059942993e-05,9.8246981462345e-05,1.4108015507783488e-05,3.346474183666867e-06,4.548593472449371e-06
Salt_Pond_MetaGSF2_A_D2_MG_DASTool_bins_concoct_out.8,5.119844732612425e-07,0.00026328209482545504,0.006271196885926895,0.007375731362373937,4.008184576929827e-06,0.009167509738204889,2.4082007801100643e-06,3.708988115723866e-05,0.0001592172181576805,4.642183551729473e-06,2.02566016908654e-06,1.0728880576237361e-06
Salt_Pond_MetaGSF2_A_H2O_MG_DASTool_bins_concoct_out.23,7.273965700433363e-07,0.0007111595850526415,0.007152675991198821,0.005056444271897658,4.857271630288765e-06,0.007094214742900084,3.6893485645417203e-06,7.922577264823557e-05,0.0004745957890351526,3.558912117366685e-06,2.4149645597267386e-06,1.4845687298128553e-06
Salt_Pond_MetaGSF2_A_H2O_MG_DASTool_bins_concoct_out.33,1.6268545682654573e-08,1.7320906086816147e-07,2.342688815650012e-06,1.9972723977364313e-06,8.686971206815419e-08,4.986280739514693e-06,1.1807813681397761e-08,3.7603582928226725e-07,3.02199777501254e-07,6.55024782348847e-08,4.831234757784093e-08,4.7507708921700077e-08
Salt_Pond_MetaGSF2_A_H2O_MG_DASTool_bins_metabat.14,2.6958213571304147e-06,0.0003281109307885491,0.012769225107466748,0.006999240834180787,1.672355677849607e-05,0.010867285301071367,1.0374567444777052e-05,8.356156614231454e-05,0.0003567458631167275,8.597730137377756e-06,7.707654625016918e-06,4.813960843238822e-06
Salt_Pond_MetaGSF2_A_H2O_MG_DASTool_bins_metabat.23,3.810691250314705e-08,8.838877597729169e-07,6.5859957459257895e-06,5.5767745336070824e-06,2.2130280006048379e-07,1.0333501172508563e-05,7.609395998410411e-08,1.553898650445143e-06,1.702794932183494e-06,1.940886205857189e-07,1.5884727735908645e-07,2.0338091403794437e-07
Salt_Pond_MetaGSF2_A_H2O_MG_DASTool_bins_metabat.28,2.3351190941121948e-07,2.3819956737789943e-06,1.271222535964677e-05,8.585299174391583e-06,9.6383310840476e-07,2.059426636643796e-05,3.3267554895637493e-07,1.5109751676041545e-06,2.3499311848152097e-06,9.8887561104966e-07,2.365328963654744e-07,2.4645402931536783e-07
Salt_Pond_MetaGSF2_A_H2O_MG_DASTool_bins_metabat.34,1.3727882128315638e-06,3.915101391970817e-06,1.4904122586936167e-05,1.291637725211872e-05,2.17174588032881e-06,2.4926754054204055e-05,2.0607223245307925e-06,4.566088549117195e-06,4.492787348023595e-06,1.8239527196044088e-06,5.759721372504145e-07,7.652308828215133e-07
Salt_Pond_MetaGSF2_B_D1_MG_DASTool_bins_concoct_out.44,7.349192906051231e-07,5.9872232727007274e-05,0.004075114352201484,0.0005354476948525126,7.051880575575139e-06,0.001465897978875425,1.5274940547393761e-06,5.027065937889676e-05,6.584360907553492e-05,1.4256739116792818e-05,3.924275430028213e-06,8.713710737668805e-07
Salt_Pond_MetaGSF2_B_D1_MG_DASTool_bins_metabat.9,1.2495864581551867e-07,3.2824600280474027e-06,0.003482793158860042,0.0013221459221841184,1.2295386455031326e-06,0.009966809265357488,4.913303720038371e-07,6.575190269742733e-05,3.028919902619404e-05,8.588769423096316e-07,8.223568503839276e-07,2.2830973539577183e-07
Salt_Pond_MetaGSF2_B_D2_MG_DASTool_bins_concoct_out.42,2.6526243736150387e-06,1.0650483863809659e-05,0.0043884784157094065,0.000890964235017236,3.0153044324679568e-05,0.0034310753969212203,1.2752317917283464e-05,5.542282880960494e-05,8.753275243979083e-05,3.2460195842688716e-05,1.561238204883656e-05,5.953467651497847e-06
Salt_Pond_MetaGSF2_B_D2_MG_DASTool_bins_concoct_out.55,8.519447062473657e-07,0.00019526217586038482,0.004072777939666687,0.0043795312943258734,3.4182079238935463e-06,0.004884373906326864,3.201099564521671e-06,4.4213074707108696e-05,0.00016792842904639915,4.111260415090882e-06,1.225889080150585e-06,1.778028447582981e-06
Salt_Pond_MetaGSF2_B_D2_MG_DASTool_bins_metabat.4,1.515873340423219e-05,1.0273372493462127e-06,0.003677681207779494,5.662261668974053e-05,0.00010881499772264495,0.0015821525953740678,4.4477872456999076e-05,3.5578253868867232e-06,3.706758619942657e-06,2.4889141582045335e-05,5.405213217211537e-06,1.4841911625763018e-05
Salt_Pond_MetaGSF2_B_H2O_MG_DASTool_bins_concoct_out.14,0.0,1.9531237458868597e-07,4.051617798682846e-07,8.589439335502687e-07,3.577024363099951e-08,7.278462188052142e-07,5.9039068406988805e-09,4.0128593546608574e-07,2.9813302886173554e-07,4.192335172831273e-08,3.26258343319111e-08,3.243434578832193e-08
Salt_Pond_MetaGSF2_B_H2O_MG_DASTool_bins_concoct_out.91,7.061359574908661e-08,4.792211504480683e-06,2.114604768242524e-06,2.8870508823470978e-06,1.5723150182582693e-07,3.7874953629326854e-06,1.6399573364960658e-07,3.8547227129539945e-06,8.778027167774703e-06,1.1006535133044432e-07,7.508587526833738e-08,6.09984326716991e-08
Salt_Pond_MetaGSF2_B_H2O_MG_DASTool_bins_metabat.11,5.774911494473311e-08,5.929386022290374e-07,4.924646375563589e-06,3.5689132112164872e-06,2.503917054169967e-07,5.597699486428552e-06,5.8663737581285195e-08,8.024654596390913e-07,1.2734017489544894e-06,2.7784704114301974e-07,9.097825479368831e-08,5.208294796483153e-08
Salt_Pond_MetaGSF2_B_H2O_MG_DASTool_bins_metabat.19,1.917728711344991e-07,1.8659195033464948e-06,6.358597038973517e-06,3.832919768214828e-06,1.3474822829347192e-06,7.95034052519965e-06,6.07531854689299e-07,1.079701547910718e-06,2.313280275379574e-06,1.004359607655843e-06,6.685384145485721e-07,3.814716316499737e-07
Salt_Pond_MetaGSF2_B_H2O_MG_DASTool_bins_metabat.25,6.159409755389324e-08,3.737255591907879e-07,1.4973170637798726e-06,6.89345680936806e-07,4.7247619898042336e-07,4.997318906779462e-06,1.411307679382179e-07,1.2259495272197216e-06,1.480985114141259e-06,2.121679971094858e-07,5.331355840821944e-07,1.388255469671609e-07
Salt_Pond_MetaGSF2_B_H2O_MG_DASTool_bins_metabat.28,1.9911314298006935e-07,1.6113878422212233e-06,4.593155060122863e-06,3.3661096448878863e-06,8.30966486043274e-07,6.9655477616676555e-06,6.148432521263842e-07,1.227528719900898e-06,1.2586454503705333e-06,7.444153772379396e-07,1.0052837836375122e-06,2.6105740568995444e-07
Salt_Pond_MetaGSF2_B_H2O_MG_DASTool_bins_metabat.39,1.4467686855552863e-08,1.353605024977111e-07,1.1321721943454472e-06,3.71911945654051e-07,1.0770157764447006e-07,2.83202347055615e-06,1.1620148268545992e-08,8.649607456976678e-07,5.219833886065802e-07,1.5748845304156208e-08,6.024043730361671e-08,6.834729484926275e-08
Salt_Pond_MetaGSF2_B_H2O_MG_DASTool_bins_metabat.8,6.297244797086697e-07,1.414843715852848e-06,4.558816165673945e-06,1.7910707985031749e-06,2.144641994979216e-06,6.298200616794451e-06,1.8824791268327148e-06,9.380847353521699e-07,2.2100148548232604e-06,1.1691927859535337e-06,6.577337842778492e-07,9.17296143305202e-07
Salt_Pond_MetaGSF2_C_D1_MG_DASTool_bins_concoct_out.13,8.773847907220613e-07,6.183183740605824e-05,0.001320464425221164,0.0008446168687669729,3.4465305288718952e-06,0.004527168438464041,3.3263801587380476e-06,4.8693920804872315e-06,1.138190849429396e-05,2.3941686522165513e-06,2.1780375409659487e-06,1.1719446603351756e-06
Salt_Pond_MetaGSF2_C_D2_MG_DASTool_bins_concoct_out.13,6.590163265768215e-07,1.930898037642301e-05,0.0004280056524618146,0.00024298793087188222,9.640192959056283e-06,0.005447211485811162,5.88499359105835e-06,0.0003611441171584936,0.0001376325404105284,5.8837117750030605e-06,5.451325399129528e-06,1.575856287294078e-06
Salt_Pond_MetaGSF2_C_D2_MG_DASTool_bins_concoct_out.15,4.893397777481358e-06,3.764661793653519e-07,0.00011502693047539199,1.1719154399694758e-05,7.207447095771532e-06,0.007117859340686061,9.161905617444834e-06,2.192353319540008e-06,2.0141377267408093e-06,3.5224443741715167e-06,1.2728192715033771e-06,3.5330988625360177e-06
Salt_Pond_MetaGSF2_C_D2_MG_DASTool_bins_concoct_out.17,3.435491094141493e-06,1.309020735039889e-06,0.001475925105110698,0.0011244617411562197,0.00010170243108874654,0.008564381802113732,6.122853960730258e-06,2.319335480509264e-05,0.0006529749410621703,1.6684196641216068e-05,3.95653690660898e-06,4.2242660314202135e-06
Salt_Pond_MetaGSF2_C_D2_MG_DASTool_bins_concoct_out.24,4.2685757847754865e-07,8.802588731398938e-06,0.0011054760805392658,0.002142082800273446,5.012398716906559e-05,0.012090028230024663,2.1337198052028413e-06,1.1676039492206458e-05,5.518561267101728e-06,8.456326416625481e-06,3.3217240984435317e-06,1.2170401211905298e-06
Salt_Pond_MetaGSF2_C_D2_MG_DASTool_bins_concoct_out.25,3.4581409653111495e-05,3.731696545115711e-06,0.000907129617851378,0.0001373728530754764,0.00037400776077196575,0.005000413863843203,0.00036583562998718575,1.7016339027148492e-05,1.808077958817289e-05,9.368900895049989e-05,8.271227535002324e-05,8.506452544938619e-05
Salt_Pond_MetaGSF2_C_D2_MG_DASTool_bins_concoct_out.26,3.0397110172995057e-06,1.598495133345823e-07,0.0003168606476350363,0.0006019649586275312,2.1451107032184868e-05,0.030852379902603384,7.611655537028769e-06,1.3252813246957572e-06,8.903180031799785e-07,5.04484746738984e-06,1.3939001347853492e-06,2.6647844558451863e-06
Salt_Pond_MetaGSF2_C_D2_MG_DASTool_bins_concoct_out.3,2.6188709574749433e-06,1.0220524427304939e-05,0.0007381349171641501,0.0007639588317396316,3.629357006841362e-05,0.009202430185318862,9.519446833604104e-06,7.645532139045705e-05,7.047040723110547e-05,9.876228904404986e-06,2.7375233872565886e-06,3.715957021440087e-06
Salt_Pond_MetaGSF2_C_D2_MG_DASTool_bins_concoct_out.32,1.3342640109326315e-06,1.0202465947212253e-06,0.0006221380282016506,0.00011358425984764458,9.703097874286431e-06,0.005264370281315601,3.1129238464010254e-06,2.8588699608280933e-05,0.0003367166515376037,7.811841788520622e-06,3.1852919365800513e-06,1.673157571515131e-06
Salt_Pond_MetaGSF2_C_D2_MG_DASTool_bins_concoct_out.39,5.695359354300726e-07,3.313506146053796e-05,0.00047569514760827217,0.0004963339600395052,0.00012478371817769242,0.005356402658462416,1.928967273571031e-06,0.00018706869818995453,0.00026807997632018416,5.6705816316134945e-06,4.54117241620117e-06,1.009240630362385e-06
Salt_Pond_MetaGSF2_C_D2_MG_DASTool_bins_concoct_out.42,5.609343844271028e-06,5.339555265930736e-05,0.001039253021178261,7.280634858301661e-05,4.3288626735166636e-05,0.004722171234431139,3.377468374190472e-05,0.00021926728474431088,0.00015322979425509326,1.9714242338853308e-05,6.422184003968342e-06,1.2440199670051199e-05
Salt_Pond_MetaGSF2_C_D2_MG_DASTool_bins_concoct_out.8,3.431166361406712e-06,2.857513830365169e-05,0.0005490376873788905,0.0009255033473903807,5.1450468400644216e-05,0.01483344420053832,1.3498375885123483e-05,8.12870380949133e-05,0.00014275392765925258,1.2470674259159693e-05,3.3513736768055885e-06,5.513710649182132e-06
Salt_Pond_MetaGSF2_C_D2_MG_DASTool_bins_metabat.11,2.74484827528935e-06,8.827280641481402e-05,0.0004381149412056385,0.0010692267030259792,4.853464421810444e-05,0.011049972692468267,1.1268410749047338e-05,0.001445516107452524,0.0004963788753392746,1.2706651055636537e-05,3.1626296572376443e-06,4.18653544959651e-06
Salt_Pond_MetaGSF2_C_D2_MG_DASTool_bins_metabat.16,4.2443740089195535e-06,1.0955561045188261e-05,0.0010009780943506642,0.001804226746565162,6.877815222087101e-05,0.00567442891265608,1.718528043437082e-05,0.002585188681666226,0.00028418409279948564,1.5144147306970906e-05,6.104395321192234e-06,7.783719692444511e-06
Salt_Pond_MetaGSF2_C_D2_MG_DASTool_bins_metabat.19,1.1391022789795163e-06,7.027174348947275e-06,0.000815972044087224,0.0029326013627249295,8.15138704197383e-05,0.022963962835814256,4.651583993205074e-06,4.776413492308374e-05,2.894069806708005e-05,8.6269945452783e-06,3.2537372604163285e-06,1.675053535404372e-06
Salt_Pond_MetaGSF2_C_H2O_MG_DASTool_bins_metabat.13,7.577079313379089e-06,5.443412976491988e-06,1.4105473772167642e-05,5.7391581326340814e-06,2.685638693910459e-05,1.6926412479193546e-05,2.4074140961089105e-05,4.745252798714719e-06,7.366212617419513e-06,1.98777781704986e-05,7.400500548116578e-06,1.1177823835194193e-05
Salt_Pond_MetaGSF2_C_H2O_MG_DASTool_bins_metabat.16,1.3220769330297983e-07,6.315861828779301e-07,3.6220785181956555e-06,5.40431564505088e-06,3.7303166111615007e-07,7.9326769318493e-06,2.1731856062874793e-07,6.012989237981599e-07,9.951156218589675e-07,2.776263338947084e-07,1.2465103068622986e-07,8.191634972572698e-08
Salt_Pond_MetaGSF2_C_H2O_MG_DASTool_bins_metabat.29,6.025595567052956e-07,4.38828049318499e-06,1.0113795671578627e-05,5.67123036166588e-06,2.285365574494562e-06,1.270701980842688e-05,1.2323062663685645e-06,7.222878534655364e-06,4.935912975293822e-06,3.0347246913014512e-06,6.219847354275722e-07,7.428086575105715e-07
Salt_Pond_MetaGSF2_C_H2O_MG_DASTool_bins_metabat.49,1.2651623968766354e-08,5.53425562577653e-07,2.7231304246717904e-06,2.6749305982582665e-06,2.0086485986059565e-07,4.041847014402945e-06,1.7617887815670755e-08,4.2664245294298395e-07,4.7263105705529996e-07,1.9677228340262793e-07,9.662469515568206e-08,3.8592224214832534e-08
Salt_Pond_MetaG_R1_A_D1_MG_DASTool_bins.concoct_out.44,0.00020446339022725846,4.723159161554721e-06,0.0005063251574518109,1.801625905459524e-05,0.0002128622313542111,0.00011375680241148327,0.00029485048433448965,1.938616189030589e-05,1.4867802309525723e-05,9.495003598245431e-05,4.954703062181525e-05,0.00016843631053452824
Salt_Pond_MetaG_R1_A_D1_MG_DASTool_bins.concoct_out.5,0.0006333526411316278,1.4511283388233487e-06,0.00034888968255216573,1.451310938995039e-05,0.0005065461421451266,0.0004174494004693354,0.0013497371754411793,3.444476701151218e-06,5.512768801002482e-06,0.00029052594927770324,0.00046676756536235213,0.00038320613301235816
Salt_Pond_MetaG_R1_A_D1_MG_DASTool_bins.concoct_out.54,0.0002529526903685638,4.598518132297017e-06,0.00033283106992610745,1.1202148798129397e-05,7.705965428758288e-05,8.121508080134382e-05,0.0002682941324251141,1.8780214823042266e-05,1.3244330477961424e-05,2.9211148502244015e-05,0.0001592557072173025,0.00012447381310608946
Salt_Pond_MetaG_R1_A_D1_MG_DASTool_bins.concoct_out.9,0.0005090560080687624,3.139143411922198e-06,1.6549860139220576e-06,1.6754371211360448e-07,0.0006877925592469302,2.666872653633029e-06,0.0004974495236760975,4.2053850480443344e-07,1.292217628795117e-06,0.00047976626222046405,0.0002096450419660028,0.0003682180010739275
Salt_Pond_MetaG_R1_A_D1_MG_DASTool_bins.metabat.15,0.0005244824290137145,7.94897532222487e-07,0.00010747768441928995,4.7415930685525e-06,0.0003425911518909499,0.00020951139352634623,0.0007110600462516537,1.969610142627989e-06,4.090830383345636e-06,0.00024601600666585265,6.579367472962047e-05,0.00031170224682815266
Salt_Pond_MetaG_R1_A_D1_MG_DASTool_bins.metabat.18,0.0015355630271613983,5.035004402067217e-06,0.00023792638729059362,6.5848188384461415e-06,0.0013922697263920377,0.00036552075016133906,0.003410132498871027,8.651752659553322e-06,2.906241383095148e-05,0.0011469089473478422,0.0002598221631092748,0.001229024253718611
Salt_Pond_MetaG_R1_A_D1_MG_DASTool_bins.metabat.26,0.0007526731035432233,5.677752333692476e-05,9.732847971285847e-05,0.0001690047003808236,0.0006000810601577317,0.0005773633324496999,0.0010146848260483413,4.2205163146384294e-05,4.8039124703832295e-05,0.00046466698140277976,0.0001358723587556644,0.0002894870822521816
Salt_Pond_MetaG_R1_A_D1_MG_DASTool_bins.metabat.45,0.0005883491995758235,1.3589378305895268e-05,6.413490992182137e-05,2.7954235168894768e-05,8.143525705437065e-05,6.894837631749209e-05,7.688897159876489e-05,4.48724708732224e-05,3.135391417360506e-05,4.1314345800271404e-05,4.3223402353766884e-05,5.182391887981289e-05
Salt_Pond_MetaG_R1_A_D1_MG_DASTool_bins.metabat.47,0.0013517578087360223,3.5999971888001416e-07,3.637841348665531e-06,9.222727502307495e-07,0.0013098411864026689,7.583670902063817e-06,0.0016227077598790999,1.3930292685482486e-06,3.0504506807234645e-06,0.0023396057874944215,0.0007307103489552307,0.0018535903634948946
Salt_Pond_MetaG_R1_A_D1_MG_DASTool_bins.metabat.51,0.0012884957402331159,2.538882517328902e-07,7.141363237124964e-07,2.8425218340457893e-07,0.000885732612271011,3.0447778625254704e-06,0.0009181652715477225,1.9854020694397678e-07,3.4442096416767087e-07,0.00011900373004011634,7.905021962474135e-06,0.0008934585705235127
Salt_Pond_MetaG_R1_A_D1_MG_DASTool_bins.metabat.6,0.000924090293241187,3.0867490331144e-06,0.00013776709592640322,5.849529331292348e-06,0.000998272745337092,0.00012456253307515687,0.0016101512988126456,3.111806976597284e-06,8.608025390589184e-06,0.0006642799188469961,0.00023808989342102168,0.0006718901526667846
Salt_Pond_MetaG_R1_A_D2_MG_DASTool_bins_concoct_out.1,0.00025665623951506465,2.3178493801236564e-07,1.4945757019590237e-06,6.323230567776461e-07,0.0001507698879871011,4.1277943614548456e-06,0.0006316739199705459,6.565367142093297e-08,4.5889144563121907e-07,2.454309115523832e-05,2.6220850210469715e-05,0.00025265063629514216
Salt_Pond_MetaG_R1_A_D2_MG_DASTool_bins_concoct_out.109,0.0008925601590719309,1.8543634197374157e-05,6.733205125037303e-05,2.48054461265818e-05,0.000373989671129529,0.00014601724897376177,0.0009475033403541258,6.828917214223762e-05,3.537797290400982e-05,0.0003335505911174576,0.00014563855290186962,0.000780126399440068
Salt_Pond_MetaG_R1_A_D2_MG_DASTool_bins_concoct_out.21,0.000622221790884172,2.07662219952689e-07,6.132716390816032e-06,8.072048033285223e-06,0.0005695454001061876,1.7150205038427646e-05,0.000754898770276516,3.255356169146302e-07,9.940917673162368e-07,0.0003340732943715239,8.412429869288924e-05,0.00020431570247207714
Salt_Pond_MetaG_R1_A_D2_MG_DASTool_bins_concoct_out.25,0.00029005086831859506,2.1603969336244e-07,5.138804364294149e-07,1.701356495753841e-07,5.271428457255365e-05,1.4960514760306822e-06,2.509626431744458e-05,1.969610142627989e-07,4.0496402186048036e-07,4.444427325964303e-05,4.026335243583586e-06,0.00031670593282757834
Salt_Pond_MetaG_R1_A_D2_MG_DASTool_bins_concoct_out.51,0.00041691727638979505,4.6898467964980587e-07,2.253795300577286e-05,4.478471210782336e-06,0.00021361851182998185,1.9765219310628693e-05,0.000515099835997902,1.3734744420456812e-06,2.10674943426695e-06,0.0003254266665333645,2.9884000528809466e-05,0.00017555014402013792
Salt_Pond_MetaG_R1_A_D2_MG_DASTool_bins_metabat.15,0.000427988789303948,8.880043748942493e-07,2.1337031150841298e-05,3.1921336127937498e-06,0.0018102786323497613,2.186029469413274e-05,0.0009978463361895846,4.854395962872096e-06,7.551385860791819e-06,0.0016135993239743505,0.0007438971122252758,0.00039072382592448385
Salt_Pond_MetaG_R1_A_D2_MG_DASTool_bins_metabat.27,0.0011982691399515064,0.0001593801924212752,2.9585818819728e-06,4.652865830653607e-06,0.0015008082293542948,9.949128472324017e-06,0.0013267102102797609,1.4692052322720233e-06,2.9130689012483613e-06,0.0020374468222650478,0.00034537826343177864,0.0007166432501603074
Salt_Pond_MetaG_R1_A_D2_MG_DASTool_bins_metabat.31,0.0030892616003362137,5.870187693601947e-06,2.7752237014550362e-05,1.7903904600947996e-05,0.0006625522671815256,7.295940048240381e-05,0.0007762402945126182,1.1685284848992344e-05,1.1069011999465427e-05,0.0001738475561453534,6.136443528327046e-05,0.0055754268182756535
Salt_Pond_MetaG_R1_A_D2_MG_DASTool_bins_metabat.36,0.0014332227128920551,1.618011658188031e-06,1.5679939551617697e-05,4.935569790408867e-06,0.0012558027842894113,3.5518346798692005e-05,0.001539642606578239,2.2674821470480048e-06,3.6212637225356783e-06,0.0007412593531368919,0.0003489777737913664,0.0009470889345406624
Salt_Pond_MetaG_R1_A_D2_MG_DASTool_bins_metabat.45,0.00048151155524301216,8.157690941633237e-07,4.012262271474765e-06,1.3193692605705918e-06,0.0008398370260595927,6.994987083918232e-06,0.0005727310675161259,1.0087952186958734e-06,2.4572418518624877e-06,0.0020289731562475252,0.0003716245754543789,0.0004315703566295262
Salt_Pond_MetaG_R1_A_D2_MG_DASTool_bins_metabat.48,0.0003157711442531048,1.404868197886213e-07,2.2722737183847098e-07,1.7947612917257542e-07,0.0007838741949987604,1.0940546661941585e-06,0.00017736962860938555,8.353987066426378e-08,2.523391023700338e-07,4.693594625449093e-05,2.1682446319288056e-06,8.72308801706836e-05
Salt_Pond_MetaG_R1_A_D2_MG_DASTool_bins_metabat.50,0.0006923250123553595,1.2957940609544139e-07,5.26069186738867e-07,2.2615476532157375e-07,0.00016741549385906865,2.232380452542528e-06,0.0005974859647623665,1.566638603187644e-07,1.348185594268468e-07,3.394945145366153e-05,4.971419887484856e-06,0.0009285004551109879
Salt_Pond_MetaG_R1_A_D2_MG_DASTool_bins_metabat.84,0.0001386334092573584,1.3225358954595303e-07,2.772056761023397e-07,1.7091798318130972e-07,0.0001424147151632548,7.636345812527925e-07,0.000144734420712362,2.6577307104608733e-07,6.644271017325234e-07,3.935939155725988e-05,0.0001464615371576835,7.880403706415746e-05
Salt_Pond_MetaG_R1_A_H2O_MG_DASTool_bins_concoct_out.2,2.516692632018687e-05,1.3591527020502909e-06,1.5832002357463237e-06,8.462767065592873e-07,3.1387654603459006e-05,2.7267131333263154e-06,3.057183593554475e-05,5.610017698541254e-07,6.237309458059269e-07,2.200666975588781e-05,4.453864534110005e-06,2.5721297375407705e-05
Salt_Pond_MetaG_R1_A_H2O_MG_DASTool_bins_maxbin.022,3.6788503007551754e-06,2.6010207763640674e-07,5.348312347722588e-07,4.4893525957544216e-07,9.78051645594529e-06,1.0771286344792662e-06,1.0207888330961749e-05,2.6419387836490986e-07,4.517674681292085e-07,9.255297192582066e-06,7.445788643359455e-06,2.6156335464116325e-06
Salt_Pond_MetaG_R1_A_H2O_MG_DASTool_bins_metabat.14,1.7864772293110644e-06,4.993990300560291e-07,6.8737762846250325e-06,4.969336262922863e-07,7.865471244306213e-06,9.159821344394663e-06,8.270836337309832e-06,2.983870841703934e-07,2.8082784499522297e-07,4.083726489339685e-06,1.7090939839380095e-05,2.3767170752349032e-06
Salt_Pond_MetaG_R1_A_H2O_MG_DASTool_bins_metabat.6,9.749384538402962e-06,8.593537365190684e-06,5.035763723717958e-06,4.918800800692599e-06,1.9118913595894715e-05,1.4573112846183723e-05,3.714202145880423e-05,5.735753149709972e-06,1.3670287101639329e-05,2.0239338804136463e-05,8.062951025100153e-06,2.8074774888648818e-05
Salt_Pond_MetaG_R1_A_H2O_MG_DASTool_bins_metabat.8,2.9606237692789212e-05,1.6396612845591655e-06,5.300588479792095e-05,4.74648448315814e-06,0.0005746697259885419,8.503674409729318e-05,0.0002092910266182291,1.4043965156100153e-05,5.198891455928329e-06,0.0008941624609028179,0.023807635210998806,4.596551302681917e-05
Salt_Pond_MetaG_R1_B_D1_MG_DASTool_bins_concoct_out.53,0.001167888293345379,5.020328212072544e-05,6.313539538551054e-06,4.793384294114182e-06,0.0018838656142564256,2.5526870876598147e-05,0.0023223626032394537,3.5125778323129923e-06,6.509932131946909e-06,0.0016117844068368609,0.00018109165789070638,0.0008342286195222775
Salt_Pond_MetaG_R1_B_D1_MG_DASTool_bins_concoct_out.59,0.0003788963913416781,5.870132626596853e-07,3.61466319384325e-06,9.378481368383857e-07,0.0007756892597067097,4.140808311435784e-06,0.00053414691307935,6.444352292253088e-07,1.969353320026137e-06,0.0016780010868214735,0.0003322850336165577,0.0006087026248695594
Salt_Pond_MetaG_R1_B_D1_MG_DASTool_bins_concoct_out.89,9.801623933098245e-05,4.207094360841208e-06,5.792658319685162e-06,2.0602849922620353e-06,0.0007301096406699898,9.76720955847946e-06,0.00010679908486092199,2.1347914573960977e-06,3.0219762728639837e-06,0.00195605213927447,6.488177102015329e-05,0.0011752784943935934
Salt_Pond_MetaG_R1_B_D1_MG_DASTool_bins_metabat.13,0.0024232586090290375,9.594292636277554e-07,1.0601612847988277e-05,4.6553791643300884e-07,0.0013339000498075538,9.13762655877e-06,0.004270738522230567,1.7856913382719107e-06,4.0419863953742966e-06,0.0011737760657448203,0.00019365058080437738,0.0020375212010493855
Salt_Pond_MetaG_R1_B_D1_MG_DASTool_bins_metabat.16,0.00035606838420350865,0.00031658680347512226,0.0004262478202812586,0.00044495996764976645,0.005119374137595208,0.0006242645106263307,0.0022399079906606587,0.00011779998641805148,0.00022313875487109936,0.001605769594071517,0.0005103694788729644,0.0008302553914639689
Salt_Pond_MetaG_R1_B_D1_MG_DASTool_bins_metabat.20,0.0010544311054557112,0.0001794204465254466,6.687222630018616e-05,3.934926213311973e-05,0.0027443828341905327,0.00010726173422964329,0.0037439601669106543,0.00015596809179078527,0.00018217481993918036,0.002139440982120098,0.0004531979955089946,0.002327213043545976
Salt_Pond_MetaG_R1_B_D1_MG_DASTool_bins_metabat.28,0.005807695529745949,2.1649690176849347e-06,1.1377744891160306e-05,1.0454610651761751e-06,0.006915844148216506,1.983571574923668e-05,0.01251372365146014,8.696630050102745e-06,2.7628897648479057e-05,0.006853361522496254,0.0012417862506807294,0.005781804002518626
Salt_Pond_MetaG_R1_B_D1_MG_DASTool_bins_metabat.29,0.0019413709551998107,1.1305059777258765e-05,2.639354674605111e-05,1.576444670691685e-05,0.0074926888646723675,4.5552171768353644e-05,0.008339506421962193,3.229841855130953e-05,4.521280337018233e-05,0.004402614225703517,0.0011689164821910224,0.0031095574424637156
Salt_Pond_MetaG_R1_B_D1_MG_DASTool_bins_metabat.32,0.0010522569754519168,8.390485403654789e-05,7.756953270157885e-05,3.572450345729021e-05,0.002693557773009426,0.00010265114601411473,0.002613671092557896,6.163573040290504e-05,0.00010264598936004353,0.0015654885805016022,0.0006072999929110258,0.001153987686119989
Salt_Pond_MetaG_R1_B_D1_MG_DASTool_bins_metabat.38,0.00012130790017417853,1.7392387824144553e-05,2.823975580068357e-05,2.4429898529653533e-05,0.002079267535242757,4.388732115092101e-05,0.0006126751586562655,3.748942145657957e-05,3.967069398920035e-05,0.0024909106039054008,0.0006939767833335644,0.000712126443180451
Salt_Pond_MetaG_R1_B_D1_MG_DASTool_bins_metabat.40,0.0006732106383624029,6.03093773390692e-05,4.387453475394561e-05,2.1355840642392507e-05,0.0012988096098526876,6.464004656943337e-05,0.0018866677255378321,4.890390250132387e-05,7.10883369216119e-05,0.0023834952797658245,0.00014666300642010048,0.001430246572654781
Salt_Pond_MetaG_R1_B_D1_MG_DASTool_bins_metabat.41,0.002440095316533297,9.39415736363073e-06,7.62697889812432e-05,1.806239297550786e-05,0.003996669370448175,0.00016035672823299374,0.004263922249717703,2.2524483482891868e-05,2.7854967734497874e-05,0.0030044723361858016,0.001078855993701357,0.0027132244107320614
Salt_Pond_MetaG_R1_B_D1_MG_DASTool_bins_metabat.49,0.0002452695389463673,3.6779908264953806e-06,2.0935515322821733e-05,5.694874020976778e-06,0.0012459992904144783,2.8074062570844443e-05,0.0006769877493419859,6.8996500127584576e-06,1.056677516926515e-05,0.001106697476393622,0.0005050224119351856,0.0003235498044299049
Salt_Pond_MetaG_R1_B_D1_MG_DASTool_bins_metabat.58,0.0005292230576181066,2.551200035125786e-07,2.60613976818923e-06,4.030389570323693e-07,0.0002046260660954573,2.776793150533905e-06,0.0002045818075186338,5.414299666365369e-07,1.0571765429087434e-06,0.0001211798833461989,0.00011157463915867735,0.0007863782039941588
Salt_Pond_MetaG_R1_B_D2_MG_DASTool_bins_concoct_out.120,0.0005885677372062105,5.373367645884871e-07,9.813539837735353e-05,2.4488708802845283e-06,0.0006372331228945855,5.566384193791301e-05,0.0016404449131670086,1.612098980347536e-06,4.145344991907695e-06,6.360274288555067e-05,0.00030947247831420344,0.00044417691191143104
Salt_Pond_MetaG_R1_B_D2_MG_DASTool_bins_concoct_out.37,3.250490131372505e-05,2.1884641338178256e-05,4.029342565067061e-05,1.4973114322179944e-05,0.00023330861525202432,3.446156984464775e-05,8.59347974284943e-05,1.006643102703569e-05,1.963967028293632e-05,0.00021825001848656234,5.658230470884825e-05,0.0004345102211828983
Salt_Pond_MetaG_R1_B_D2_MG_DASTool_bins_concoct_out.51,0.0009376240339317974,8.544931304925008e-05,4.899287836800892e-05,2.5014760616676276e-05,0.001905811022662557,7.5812209954077e-05,0.002564135332961665,7.513969986931959e-05,0.00010297662770847577,0.001099128894212751,0.00047557585908661456,0.0012764311432405602
Salt_Pond_MetaG_R1_B_D2_MG_DASTool_bins_concoct_out.73,0.00027041055301902544,3.681551426796531e-07,2.3684369971793384e-06,5.615108880297432e-07,0.0005269767467844399,3.911206855148321e-06,0.00035475102945985105,5.146006677715408e-07,1.052085939726494e-06,0.001143831417083137,0.0002329814319914201,0.0004647651459311972
Salt_Pond_MetaG_R1_B_D2_MG_DASTool_bins_concoct_out.86,1.158579559234093e-05,8.946395605800347e-07,1.6924328976488659e-06,5.148084900437871e-07,8.412610100481408e-05,2.0723404547356837e-06,2.564168210921679e-05,7.278686885964943e-07,1.1935201330754113e-06,0.0001083874213123994,2.490945259269563e-05,0.0004675353941862375
Salt_Pond_MetaG_R1_B_D2_MG_DASTool_bins_concoct_out.87,0.0010843857996630252,2.2980816687379657e-05,1.1777886403761718e-05,6.566706356325069e-06,0.0006799198540656947,3.299840859685467e-05,0.0013788424082915676,5.801496255708955e-06,9.814755289360202e-06,0.0002984487702630448,0.0001311488232081233,0.0004679905417154052
Salt_Pond_MetaG_R1_B_D2_MG_DASTool_bins_maxbin.014,0.0022916655885526866,1.4157748309254592e-05,3.257464787614016e-05,3.5565185225450425e-05,0.001972759271195398,4.78606080257338e-05,0.004945227668389714,1.7175871441377525e-05,2.852949003400064e-05,0.0016590733688223026,0.00033292828196971306,0.0015580190840282283
Salt_Pond_MetaG_R1_B_D2_MG_DASTool_bins_metabat.14,0.0010474560447811998,1.6056067458189525e-06,4.4395741954825135e-06,4.528469276050713e-07,0.00784486048763463,1.0982341339934383e-05,0.004975514010057203,6.259475786259287e-06,1.6608493653953447e-05,0.004579328496550741,0.00114601674856341,0.0015124030380185484
Salt_Pond_MetaG_R1_B_D2_MG_DASTool_bins_metabat.16,0.00045371569660037655,5.0153838783030004e-05,0.00018677209695772617,0.00010796760653815032,0.0012293999211697053,0.0002133657796826106,0.0012452558027049503,0.00010057806706192575,0.00010784889076614856,0.0009882927232861406,0.0003467355167442572,0.0012043986321399504
Salt_Pond_MetaG_R1_B_D2_MG_DASTool_bins_metabat.18,0.0007231875990461241,2.8375566431149654e-05,2.8158032585907284e-05,1.3220211537508403e-05,0.0015277976012606673,3.6419616545001676e-05,0.002240545767514699,1.8789605095554204e-05,3.4323136851678315e-05,0.0009510598092667577,0.0002570214552796248,0.001017315374628147
Salt_Pond_MetaG_R1_B_D2_MG_DASTool_bins_metabat.19,0.0003514596469600751,1.0032809680105873e-06,2.1267472729144975e-05,3.449929024618607e-06,0.0018174656816660481,2.355151593617906e-05,0.0009662390430871596,4.275933638946955e-06,7.0991028816998035e-06,0.00164312547006038,0.0008002089028424072,0.00046175548847718855
Salt_Pond_MetaG_R1_B_D2_MG_DASTool_bins_metabat.27,0.0004425136343043807,0.00012467524466089488,4.693028396816641e-05,5.858568396962921e-05,0.0007974772906165554,9.731344914141633e-05,0.0011311204824717579,0.0001698823524208734,0.0002200131492629657,0.0008724622985858451,0.0002445655103942614,0.000720231639530185
Salt_Pond_MetaG_R1_B_D2_MG_DASTool_bins_metabat.28,0.001577217879400878,4.44305332294042e-05,5.216678999277173e-05,2.2606404751041148e-05,0.004159265016287361,5.963788060079259e-05,0.004454306819822488,2.7544116241680086e-05,5.3579701886667585e-05,0.003202796390703184,0.0005491541061885634,0.001617346912221753
Salt_Pond_MetaG_R1_B_D2_MG_DASTool_bins_metabat.30,0.00041322710419986164,3.08123212229873e-05,0.0001487757464871524,7.760045494774362e-05,0.0009713310299390548,0.00018572331117874566,0.0012806982444540282,8.643909779062475e-05,5.1905797070573056e-05,0.0007955469741595584,0.00024224935715942299,0.0007962158961155229
Salt_Pond_MetaG_R1_B_D2_MG_DASTool_bins_metabat.34,0.00038637593851835217,6.226477774947338e-05,4.071564907023088e-05,2.0846025932576643e-05,0.0017807723624331238,0.00018628819560609448,0.0009564995964819905,1.8402817174667907e-05,8.91541236875697e-05,0.0009703990347752659,0.00038034550590780526,0.0008106832775490246
Salt_Pond_MetaG_R1_B_D2_MG_DASTool_bins_metabat.37,0.00024203968044964966,2.063617575051526e-06,3.961084621414276e-06,2.3893824461228007e-06,0.0005256120887948079,8.037565577030616e-06,0.0006166862887927792,2.068303472345549e-06,3.2717664899514633e-06,0.00035553863390782887,8.390476464689729e-05,0.0003984373653049188
Salt_Pond_MetaG_R1_B_D2_MG_DASTool_bins_metabat.63,0.00031401164115588825,1.2614965147559468e-06,2.6937362912937148e-06,1.8069148835917718e-06,0.00013917154864465466,1.0540604602217958e-05,0.0003503780042175139,1.9910803724059975e-06,1.605106956240816e-06,3.776246319886598e-05,1.4487900584633484e-05,0.0009230333230935459
Salt_Pond_MetaG_R1_B_D2_MG_DASTool_bins_metabat.78,0.00037802935203916187,4.4920062632157655e-07,2.919935652449372e-06,1.279881516171098e-06,6.652294034012853e-05,6.522730737663994e-06,7.722778840687833e-05,6.270810864473782e-07,1.164537381635983e-06,4.789220961324074e-05,2.2990727421328463e-05,0.0004279854737022117
Salt_Pond_MetaG_R1_B_H2O_MG_DASTool_bins_concoct_out.13,2.3691597428952075e-07,2.297655336732135e-07,7.017762382892418e-07,2.163006505994181e-07,8.749845335796019e-07,1.3061109802263807e-06,7.61971759611728e-07,2.9228313603184295e-07,3.042331518210132e-07,1.122343523088027e-06,5.955288122379704e-07,4.5773212341613165e-07
Salt_Pond_MetaG_R1_B_H2O_MG_DASTool_bins_concoct_out.19,3.0946642297533375e-06,6.66931197495591e-06,2.1754011419054225e-06,1.908854063717988e-06,4.229327973526563e-05,5.763627348685509e-06,8.818961346430576e-06,4.092423503048173e-06,3.915881350634952e-06,8.529137273072359e-05,3.20691031298024e-05,5.349566378368736e-06
Salt_Pond_MetaG_R1_B_H2O_MG_DASTool_bins_concoct_out.22,0.00039431111191052257,9.15238553793276e-06,2.192254635305436e-05,2.8093474107186985e-05,0.0002902609630321449,8.369422724187658e-05,0.0002911982681684942,2.5810746533470274e-05,1.9851456577036795e-05,0.00012342511115483697,8.829223568283242e-05,0.00018744772270087406
Salt_Pond_MetaG_R1_B_H2O_MG_DASTool_bins_maxbin.028,7.209244701877601e-06,4.168801703250521e-06,1.0476151264733348e-05,8.683397971999036e-06,2.0971007712929284e-05,2.183953554808054e-05,1.9976864193227897e-05,1.1514233936389784e-05,9.03746157811532e-06,2.1982534721760614e-05,3.718248477050352e-05,8.47913451215582e-06
Salt_Pond_MetaG_R1_B_H2O_MG_DASTool_bins_metabat.11,3.023620154300961e-05,1.7151166668497307e-05,2.8729306650952964e-05,1.504754569863953e-05,4.317874940138592e-05,3.646055521026389e-05,3.0183010659825055e-05,1.2574150858496753e-05,1.3358242444165031e-05,5.2666067835572656e-05,1.1990174189568924e-05,1.6731589978861483e-05
Salt_Pond_MetaG_R1_B_H2O_MG_DASTool_bins_metabat.17,5.850351556926769e-06,2.3498504053677857e-06,8.845128209514265e-06,9.806388667947138e-07,3.467009387060109e-05,1.18436200297426e-05,2.7233516362098223e-05,3.4457536366681773e-07,3.072832133006525e-07,2.2617158561978574e-05,6.345624061178733e-05,9.60105586324399e-06
Salt_Pond_MetaG_R1_B_H2O_MG_DASTool_bins_metabat.5,2.9553206164363562e-05,3.1647103432425177e-06,4.7351846004500905e-06,3.459980552310849e-06,6.016624206208354e-05,9.038546810642061e-06,3.936502669110158e-05,3.790558799636182e-06,4.0104762608008805e-06,9.961615110570141e-05,1.8576280444112905e-05,9.320202237905224e-05
Salt_Pond_MetaG_R1_B_H2O_MG_DASTool_bins_metabat.7,1.2468125395082574e-06,7.567604875178739e-07,1.3724689492918241e-06,8.374498620870594e-07,1.9692585515867633e-05,3.863682247498875e-06,6.599591752516435e-06,8.297204036764061e-07,1.291716452598029e-06,8.417059830876589e-06,1.8668066418533086e-05,3.33344031086965e-06
Salt_Pond_MetaG_R1_C_D1_MG_DASTool_bins_concoct_out.45,0.00026558595586156637,2.9665244750311643e-07,1.4391935178923019e-05,6.074071905728163e-07,0.00118808975211867,7.424869125337693e-06,0.0009721573276600632,1.0710776821682927e-06,3.647196412495467e-06,0.00108888440329477,0.0004641537212726717,0.0002768345612343485
Salt_Pond_MetaG_R1_C_D1_MG_DASTool_bins_maxbin.047,0.0007269497827458547,1.2818575407525056e-06,2.935232392036718e-06,2.2110048727110274e-06,0.0004896684198690386,1.180701513826281e-05,0.0007905349411484162,1.6481906127134332e-06,1.384320992741315e-06,0.00013574115714994653,2.0480455337713837e-05,0.0005927441120790059
Salt_Pond_MetaG_R1_C_D1_MG_DASTool_bins_metabat.19,0.007097116779945847,1.5520907492416057e-06,6.505376048028348e-06,1.5674842088064231e-06,0.0023786702350959608,1.007303738303149e-05,0.013321519270759434,3.551900307904282e-06,9.08924094944064e-06,0.0019066759001571106,0.0005960517637619395,0.004111858607789517
Salt_Pond_MetaG_R1_C_D1_MG_DASTool_bins_metabat.27,0.0007872352072551195,1.5884855062222552e-06,5.4963028962070774e-05,0.00010909538799990403,0.0017404325407803655,0.00017432708044679164,0.0013880456188584578,4.925089469500773e-06,7.496964428206812e-06,0.0014980730721809918,0.00018646490962569119,0.0007728287068506272
Salt_Pond_MetaG_R1_C_D1_MG_DASTool_bins_metabat.31,0.00022370189006598544,2.270382008434604e-06,0.00022970644852351993,1.4052952761411053e-05,0.0013053744774296507,0.0004442551162051155,0.00264660838672471,1.9920041206136676e-06,4.94449030970714e-06,0.0004777994863875862,0.00033227294440889423,0.0016225408038724692
Salt_Pond_MetaG_R1_C_D2_MG_DASTool_bins_concoct_out.36,0.0002161332760427762,1.0343854116750105e-05,2.683295159145055e-05,1.1414837559291522e-05,0.003642374285860159,5.076798762539267e-05,0.0025100300913684886,9.061415684745609e-06,1.5971080435786273e-05,0.0022989948851973264,0.0006374540026374189,0.0003900774285701227
Salt_Pond_MetaG_R1_C_D2_MG_DASTool_bins_concoct_out.85,0.004864552261551196,4.711228894383185e-06,7.635663556121964e-06,1.4889675131840523e-06,0.0030354135976847023,1.4508477416961085e-05,0.0021402025559467386,2.974306251038814e-06,3.3618006426636344e-06,0.002062494110869882,0.0009202047729343837,0.002287904507443364
Salt_Pond_MetaG_R1_C_D2_MG_DASTool_bins_metabat.30,0.002452851612851398,2.83270516849544e-06,7.598754634966001e-06,2.115569298076213e-06,0.0033023575700777043,1.610143543991169e-05,0.005127344516332277,3.486902080956855e-06,1.0038584146956483e-05,0.002718954680845335,0.0010541443138967794,0.0018028618766134199
Salt_Pond_MetaG_R1_C_D2_MG_DASTool_bins_metabat.40,0.003729625911937657,7.478838478828216e-07,3.6871343124741896e-06,5.054917722835521e-07,0.002866196797375157,7.065944698273037e-06,0.004276517106944087,1.814312652404243e-06,6.277432763960262e-06,0.0006617978953471144,0.0020755071459185996,0.002094649846067782
Salt_Pond_MetaG_R1_C_D2_MG_DASTool_bins_metabat.58,5.6737943316550756e-05,6.775237283239657e-08,3.081178682751972e-07,1.0685435656881904e-07,0.0005400421140411806,1.074533741222753e-06,0.0004843788921550228,3.9686759130179284e-07,1.3105323324386563e-06,0.0001082745088177453,0.000321342115001118,0.00012192116232911914
Salt_Pond_MetaG_R1_C_H2O_MG_DASTool_bins_concoct_out.16,0.00020627003970081023,1.9654412636837444e-07,5.85323544377537e-07,6.328129300656522e-08,0.001228074756313003,4.923963817659989e-07,0.0003043885924546182,5.551106443017351e-07,2.310215879134227e-06,0.00019726871619567512,0.0011699502241410145,0.00021616398847728633
Salt_Pond_MetaG_R1_C_H2O_MG_DASTool_bins_concoct_out.67,1.0933903593611828e-05,4.247406422771019e-06,7.808163154968962e-06,6.457844982930311e-06,6.664959329794736e-05,1.2986780249318662e-05,2.9400692310247168e-05,1.1028752685785937e-05,9.354374649903412e-06,0.0001159872751026562,0.0003910527554875852,1.462056260320031e-05
Salt_Pond_MetaG_R1_C_H2O_MG_DASTool_bins_concoct_out.79,0.00016581400207740996,2.2021203046478368e-05,2.8146015170711653e-05,1.2745333141478195e-05,0.0005711862788295509,3.669875787535315e-05,0.0004572554195762302,1.500000399755573e-05,2.7078103525621524e-05,0.0003615100306325591,0.00013496870806743955,0.0002412878969869613
Salt_Pond_MetaG_R1_C_H2O_MG_DASTool_bins_metabat.23,2.9514301023767657e-06,1.1893504101870305e-06,1.7858787718520932e-06,1.480899240480796e-06,1.192009899353008e-05,3.0063551231230045e-06,6.933182967544692e-06,1.6904756277959456e-06,1.6274884085238727e-06,1.1248276528202075e-05,3.170954465514752e-05,2.767291134408919e-06
Salt_Pond_MetaG_R1_C_H2O_MG_DASTool_bins_metabat.29,2.9672949182322267e-06,1.2271875988385008e-06,5.824060559969985e-06,5.08352408226296e-07,1.320816935299823e-05,1.1941185170901248e-05,1.8674022757546774e-05,5.71311239570808e-07,5.128188694019576e-07,6.755733217086785e-06,1.4007820076134341e-05,4.878923882795997e-06
Salt_Pond_MetaG_R2A_A_D1_MG_DASTool_bins_concoct_out.24,1.6984327995589817e-07,0.0014069245700016433,2.047924776458124e-05,1.4557550709178328e-05,4.248020341432141e-06,3.3940010526519716e-05,1.4365971881323772e-06,6.237143047177367e-05,9.513750450610288e-05,1.433974644609308e-06,9.71969909813237e-07,1.086770437006061e-06
Salt_Pond_MetaG_R2A_A_D1_MG_DASTool_bins_concoct_out.42,8.513113547549469e-06,0.0008453616581387555,1.242471561948678e-05,1.758014822958137e-05,1.2177969123849286e-05,2.7258635946922976e-05,1.2292582141425485e-05,5.413646251933987e-05,9.344773298764148e-05,6.9978367094541945e-06,3.7927488385437922e-06,4.326128290974239e-06
Salt_Pond_MetaG_R2A_A_D1_MG_DASTool_bins_concoct_out.46,3.616921713888221e-08,0.002019020527060457,2.9197173447965455e-05,6.869292386378516e-05,1.1281337166315898e-07,4.29050316846153e-05,1.0533199606832097e-07,0.0003422473397832131,0.0011734716592157496,9.968383166010625e-08,3.701946685385351e-08,7.568014017275114e-08
Salt_Pond_MetaG_R2A_A_D1_MG_DASTool_bins_concoct_out.50,6.659849212056607e-07,0.000376297803242963,4.8473634994085e-05,2.779038195000375e-05,3.5451964518581823e-06,5.9942694477820625e-05,9.871571602519867e-07,1.1245677195008589e-05,1.862732115103939e-05,3.128070085435168e-06,1.221813052129539e-06,7.73911374148986e-07
Salt_Pond_MetaG_R2A_A_D1_MG_DASTool_bins_concoct_out.51,9.147010921215981e-07,0.0012605338695121967,8.818734324467464e-05,5.175278126305858e-05,8.561647660480232e-06,0.00011062177188098603,3.3468281350747583e-06,9.247062202489275e-05,0.0007678257375169,4.3916586947018245e-06,2.210198812248442e-06,1.6699299784759842e-06
Salt_Pond_MetaG_R2A_A_D1_MG_DASTool_bins_concoct_out.6,6.473225583681971e-07,0.0012613653192614805,0.00024649228784494076,0.00027304905133604065,2.698106733005986e-06,0.0003067874544934969,1.7676851347436419e-06,0.00014647897531849325,0.0013543406670237506,2.7398487028140676e-06,9.239927768998153e-07,1.3851329820353434e-06
Salt_Pond_MetaG_R2A_A_D1_MG_DASTool_bins_metabat.10,4.0491278323926296e-07,0.0019216545227468405,3.668488260646538e-05,3.665489932217256e-05,1.49408703547187e-06,4.684521668626736e-05,1.048917377145325e-06,0.00011387084370679234,0.0012168600380380494,1.3103144133956693e-06,4.5936142438480647e-07,9.559346649383484e-07
Salt_Pond_MetaG_R2A_A_D1_MG_DASTool_bins_metabat.14,4.718182329163519e-07,0.000715375476886291,0.00014226768062624052,0.00011855774006613867,1.9508431628946655e-06,0.00016643132427599902,1.3797162719731828e-06,0.0001063812625745988,0.0006241378745103478,1.3316071501322947e-06,1.921895139122342e-06,7.243510390851147e-07
Salt_Pond_MetaG_R2A_A_D1_MG_DASTool_bins_metabat.17,1.8901448544547432e-06,0.0014261897873319431,1.0627138145437216e-05,1.2092764458294329e-05,3.058666044951672e-05,2.4625773291513185e-05,1.605119753937461e-05,9.053495043736085e-05,0.0004927796990844034,1.1682420203245764e-05,5.371528908395781e-06,7.20465815212442e-06
Salt_Pond_MetaG_R2A_A_D2_MG_DASTool_bins_concoct_out.10,2.6841884051605185e-06,0.0016922486240328195,4.7342052311276975e-05,3.901772994936779e-05,3.472579127992519e-05,8.17357462208406e-05,2.4375409579312513e-05,0.0002158095003422676,0.0002802460419139623,3.0862895734844353e-05,5.878184881884534e-06,8.991201663062376e-06
Salt_Pond_MetaG_R2A_A_D2_MG_DASTool_bins_concoct_out.25,1.0170543883480891e-06,0.0012533141169040279,0.00018534549189715418,0.00010538449049979849,6.727966441514182e-06,0.00017621552620499334,2.0069227803553886e-06,0.00042402462227459937,0.0010985866022765176,1.016845709252545e-05,3.385081673025185e-06,1.594764369336426e-06
Salt_Pond_MetaG_R2A_A_D2_MG_DASTool_bins_concoct_out.37,3.399450289264382e-07,0.0029320169769832954,1.9006232695224282e-05,2.781092916201599e-05,6.216140805640409e-06,5.828561431372614e-05,2.897474386236663e-06,0.0003599947223500801,0.00035639883985197037,2.104218574866364e-06,1.5125106027142682e-06,1.1074213269725427e-06
Salt_Pond_MetaG_R2A_A_D2_MG_DASTool_bins_concoct_out.51,5.930687326598731e-07,0.0018200866255134397,5.142994160511947e-05,5.351900928788149e-05,1.6395377195043453e-06,6.477396707124802e-05,1.9555779938753235e-06,0.0003862820661975858,0.002505157255295524,1.334379095848527e-06,5.583034791046954e-07,1.6633306407110086e-06
Salt_Pond_MetaG_R2A_A_D2_MG_DASTool_bins_concoct_out.59,4.779007799457786e-06,0.0016202062031213983,5.635674709998191e-06,3.7810572571422714e-06,1.3358374849172444e-05,9.5153343491706e-06,1.58297093826056e-05,0.0003358152694305689,0.0008928459801254824,8.811266519426782e-06,3.0567118364212956e-06,6.7093005522874565e-06
Salt_Pond_MetaG_R2A_A_D2_MG_DASTool_bins_metabat.16,5.0424047158847835e-08,0.001077745231376201,6.859236757181223e-06,1.8369599724951557e-05,1.0613203338867199e-07,3.9252049078972795e-05,8.171636870552548e-08,0.00017889177271504227,0.0004981326907198746,1.4675380177392565e-07,1.2130433972491774e-07,4.1946748741732405e-07
Salt_Pond_MetaG_R2A_A_D2_MG_DASTool_bins_metabat.7,5.459879341405879e-07,0.0010432542112311048,1.5527578355495733e-05,1.2507712070548695e-05,3.166268224595444e-06,2.484805124377803e-05,1.150871395782314e-06,0.0002008699201134062,0.002018745631396043,4.061304006136824e-06,7.815437396828701e-07,1.3252151682800805e-06
Salt_Pond_MetaG_R2A_A_H2O_MG_DASTool_bins_concoct_out.62,1.0896377320719058e-08,2.4861769127489745e-07,3.27012645252406e-07,8.721723193401302e-07,2.8105323365426283e-07,1.5181278105602344e-06,3.523577563134151e-08,4.715707736374715e-07,3.301801765465027e-07,1.468420846732502e-07,2.6852352169559795e-07,4.095817486286354e-08
Salt_Pond_MetaG_R2A_A_H2O_MG_DASTool_bins_concoct_out.78,2.9142826901248567e-07,1.8765384307055088e-06,4.962778599745611e-06,2.4360610822718e-06,1.1521200638442828e-06,7.229659875623629e-06,4.085818435276274e-07,1.713827307419343e-06,1.8467708434321095e-06,1.1435479769253241e-06,3.3054023761958137e-07,2.927707544860139e-07
Salt_Pond_MetaG_R2A_A_H2O_MG_DASTool_bins_metabat.16,1.0509362167499562e-06,3.377732299815207e-06,7.72127592954913e-06,5.601469225004863e-06,4.1847338153253855e-06,1.2144324406544787e-05,2.9436734811915693e-06,4.846785279915397e-06,6.704298564055266e-06,3.7885946177668205e-06,1.6504190488607483e-06,1.6617657713256176e-06
Salt_Pond_MetaG_R2A_A_H2O_MG_DASTool_bins_metabat.20,2.3519113576084228e-07,2.9373873552805445e-06,2.731035797136169e-06,2.984857219636646e-06,1.7830218552796402e-06,5.334904560950015e-06,6.676969155733962e-07,2.5303990898959533e-06,6.359977943247511e-06,1.750143369833314e-06,8.436308962609533e-07,3.036765510626632e-07
Salt_Pond_MetaG_R2A_A_H2O_MG_DASTool_bins_metabat.22,6.220953307290883e-07,1.1996687008389664e-05,1.7408592395459642e-05,6.552988097247204e-06,4.1277254662418145e-06,1.9921110324511446e-05,2.7571018336139816e-06,1.5180619500823399e-05,1.8548484891851602e-05,4.032127881135631e-06,1.490730696220452e-06,1.32349363664176e-06
Salt_Pond_MetaG_R2A_A_H2O_MG_DASTool_bins_metabat.49,3.6017176542034233e-09,5.462134042235382e-07,1.358028885273491e-06,1.2718370053047933e-06,2.0950966776730794e-07,6.601934207535223e-06,2.3615627362795522e-08,1.6986738483660456e-06,1.553728417752628e-06,6.031171839971588e-08,1.4807786741541418e-07,1.0046831613172399e-07
Salt_Pond_MetaG_R2A_B_D1_MG_DASTool_bins_concoct_out.4,1.4720415253734494e-06,0.000727665647108127,3.6521854353336434e-05,3.246364329635976e-05,1.2027788256674714e-05,5.949642654782987e-05,9.156305869715823e-06,0.0004017416082597356,0.002690838722965675,9.575676600136185e-06,2.442132209812553e-06,3.7639489808307444e-06
Salt_Pond_MetaG_R2A_B_D2_MG_DASTool_bins_concoct_out.11,6.519581520809665e-08,1.956608321334789e-06,9.368551863350056e-06,1.1196917399531907e-05,7.389819013314729e-07,7.751287419122426e-05,2.3465495032514128e-07,0.011938702373098598,0.0017070404945397158,3.1471205738515037e-07,3.4089791500441187e-07,1.4756835256702267e-07
Salt_Pond_MetaG_R2A_B_D2_MG_DASTool_bins_concoct_out.37,1.0305946275628696e-07,1.9673600541239014e-05,4.291229213174013e-06,3.7165275190787333e-06,5.373353479679355e-07,7.406006794605005e-06,3.696941460098085e-07,0.00030400508936330125,0.0009558116443995336,2.2013070266088833e-07,2.701115442000681e-07,1.538045621199985e-07
Salt_Pond_MetaG_R2A_B_D2_MG_DASTool_bins_concoct_out.47,1.8426535463239718e-07,9.577875217847764e-07,7.594519171579809e-06,5.042597798110818e-06,7.543142047625836e-07,1.513457002698509e-05,4.982664386152224e-07,2.970917943645601e-05,0.0012851397237706795,5.89875435711261e-07,2.5285461861319295e-07,1.8592558340245973e-07
Salt_Pond_MetaG_R2A_B_D2_MG_DASTool_bins_concoct_out.54,4.986942787857139e-07,1.832192396284924e-05,2.4825814585005928e-05,9.441526497653046e-05,4.131737361691293e-05,0.00024630330220393426,2.1168601327027094e-06,0.00018722586925528847,0.0010138145493851522,3.3072926897099743e-06,4.030769552115462e-06,7.923066783020518e-07
Salt_Pond_MetaG_R2A_B_D2_MG_DASTool_bins_metabat.6,9.445335053541073e-07,2.7175901193008408e-05,0.004485370754031515,0.001272668637313891,2.7877123723344387e-06,0.017338059850988297,1.8259735414992256e-06,0.0006620701355135818,0.0022397399859598113,1.8843527209034506e-06,1.9251477020257054e-06,1.3104248490883248e-06
Salt_Pond_MetaG_R2A_B_H2O_MG_DASTool_bins_concoct_out.59,2.533973768077626e-07,2.2652766489918334e-06,5.3746464062816505e-06,2.9757854385204156e-06,1.2433137191782716e-06,7.820240509088636e-06,4.1420425224904787e-07,2.018211928435208e-06,2.331609313788819e-06,1.5976691108282724e-06,4.425338415202995e-07,3.207081923576698e-07
Salt_Pond_MetaG_R2A_B_H2O_MG_DASTool_bins_concoct_out.69,2.0457653570011368e-07,1.017650217713743e-06,1.561221426720665e-06,3.052737466930934e-06,1.233884139143658e-06,6.0601164028003485e-06,3.989321820940251e-07,1.309489397883985e-06,1.414334766106322e-06,1.186045167499248e-06,9.858449241117504e-07,2.0430487070145091e-07
Salt_Pond_MetaG_R2A_B_H2O_MG_DASTool_bins_concoct_out.80,1.7916685934478711e-07,9.654324096401376e-07,2.1053287148677274e-06,1.8564303938465564e-06,3.698864153546427e-07,3.965080502994759e-06,1.3438236673968594e-07,1.1099020547242305e-06,1.4224682633853597e-06,3.434378022772291e-07,1.7066362886338934e-07,1.9712868763089308e-07
Salt_Pond_MetaG_R2A_B_H2O_MG_DASTool_bins_maxbin.029,1.0318109523376531e-07,1.035726092474941e-06,2.1542790084487787e-06,3.4257004446718737e-06,7.393789053328596e-07,6.530317998941699e-06,9.310344594083304e-07,1.5754752915162298e-06,2.237501245054277e-06,7.419082802196814e-07,4.0499090388613016e-07,1.338426354376282e-07
Salt_Pond_MetaG_R2A_B_H2O_MG_DASTool_bins_metabat.10,2.3880805747473073e-07,3.0696960118315683e-06,7.715059950993341e-07,1.3755620274499083e-06,7.999110324295781e-07,3.124679410333784e-06,2.881654427171345e-07,5.882392820761246e-06,6.094386070884796e-06,5.743914391050781e-07,5.535922420818594e-07,4.889131711810115e-07
Salt_Pond_MetaG_R2A_B_H2O_MG_DASTool_bins_metabat.42,2.694226575354607e-07,1.0733639709542573e-06,2.026494239796632e-06,1.8405863087579508e-06,7.904783737700121e-07,4.605741153667366e-06,5.157904937244672e-07,6.742275226818165e-06,2.553956144942403e-06,5.687151233236234e-07,5.350825086549325e-07,2.846545978978741e-07
Salt_Pond_MetaG_R2A_C_D1_MG_DASTool_bins_concoct_out.10,3.0203576919919306e-07,3.700200727272999e-05,1.127758935578158e-05,1.2657554570043915e-05,1.659575577077894e-06,1.8733284147797392e-05,1.068881082621644e-06,0.0016549055547126603,8.29554714655574e-05,8.855370046800751e-07,4.591731682689114e-07,5.272383683082969e-07
Salt_Pond_MetaG_R2A_C_D1_MG_DASTool_bins_concoct_out.15,1.970082029592723e-07,9.479939902399201e-05,5.862926039066097e-06,6.558464432488683e-06,1.05070589909787e-06,1.0831166308184323e-05,3.2649014399639863e-07,0.004158422733307612,0.0005501660290147547,7.105430139603561e-07,4.246593170951597e-07,3.8675185083129225e-07
Salt_Pond_MetaG_R2A_C_D1_MG_DASTool_bins_concoct_out.52,1.4437278736183214e-08,0.00022721260702902768,7.947475290704782e-06,2.05747882784293e-05,8.490316381097281e-08,4.558394382440352e-05,2.3427961949943755e-08,0.0017347881048673877,0.0005209496189922949,2.0939605139325224e-08,8.993131323305804e-08,1.2483280275022003e-07
Salt_Pond_MetaG_R2A_C_D1_MG_DASTool_bins_concoct_out.8,2.5590557349041796e-06,2.7942496939742714e-05,5.06440783212133e-05,1.2697089838117342e-05,5.327775123762095e-06,4.70194156613077e-05,6.923822357894492e-06,0.010768591691061178,0.0023488053968687135,3.7842335798627434e-06,1.6775277912156624e-06,2.5136751857331564e-06
Salt_Pond_MetaG_R2A_C_D1_MG_DASTool_bins_maxbin.009,1.4229013990124195e-06,0.00023963798735405204,4.730607557188606e-05,3.449883877128388e-05,7.736934722460457e-06,7.807800814936722e-05,6.822322395461373e-06,0.011079309063595512,0.000980351690552827,5.69062047653459e-06,1.9885878717421106e-06,2.6106986854443243e-06
Salt_Pond_MetaG_R2A_C_D1_MG_DASTool_bins_metabat.16,9.456045693163382e-07,2.7711594175205134e-05,5.2762078565487004e-06,4.983473109777882e-06,2.9543549824451416e-06,2.2097957216078318e-05,1.945083838083888e-06,0.002212597840535657,0.0004046367432531644,1.8953522208690598e-06,6.969588724744362e-07,8.760086270824019e-07
Salt_Pond_MetaG_R2A_C_D1_MG_DASTool_bins_metabat.17,3.135756273247902e-06,2.883013680344734e-05,2.958797067001141e-05,0.00010958807729245554,2.469213179817781e-05,0.00016937952089418452,6.587010616191238e-06,0.004424805460319591,0.0005283924970934935,8.266386405695222e-06,3.894531723608195e-06,2.760976593729483e-06
Salt_Pond_MetaG_R2A_C_D1_MG_DASTool_bins_metabat.18,4.734670511466061e-07,0.00025364888500844715,4.3788404740669306e-05,4.7164138073601764e-05,2.3592542208903464e-06,6.283513805491211e-05,2.0023400850687845e-06,0.0009934400379897435,0.0004465057950901112,1.648340748589418e-06,6.086920996402728e-07,1.1289961736025302e-06
Salt_Pond_MetaG_R2A_C_D1_MG_DASTool_bins_metabat.4,1.6252665662739427e-06,0.0009750842673845006,0.00025323736750188533,0.00036431368866395416,5.7770743766573775e-06,0.0003843400734059956,4.836841982892702e-06,0.011424508354340383,0.002284683513318524,3.981791443746802e-06,1.4027226201562835e-06,2.2441420015308894e-06
Salt_Pond_MetaG_R2A_C_D1_MG_DASTool_bins_metabat.5,9.11588102761707e-06,0.00031292056903471524,0.00010935190238839944,8.383666000456612e-05,7.650371222680674e-05,0.0002285982828328148,5.598161126883063e-05,0.00643967915793049,0.0022542556247879576,6.157418210842921e-05,1.437542964164527e-05,2.2850289294105415e-05
Salt_Pond_MetaG_R2A_C_D2_MG_DASTool_bins_concoct_out.10,3.0353254683259965e-07,0.00043952341135555697,2.076134665278785e-05,2.8806922240611358e-05,7.435446627231282e-06,5.878451767048266e-05,2.1827338813505254e-06,0.0028369646252964743,0.0007062999130622358,2.1670815317339998e-06,1.614275877615154e-06,9.322448778938006e-07
Salt_Pond_MetaG_R2A_C_D2_MG_DASTool_bins_concoct_out.16,4.1166009675712495e-07,1.5384297843470153e-05,9.756042169267191e-06,9.9648916790559e-06,4.032989561144935e-06,2.3501199016781334e-05,1.6446414181532274e-06,0.0012131299268726362,0.00028587289009443154,1.852810888845476e-06,1.0030429419677288e-06,7.822002098441307e-07
Salt_Pond_MetaG_R2A_C_D2_MG_DASTool_bins_concoct_out.21,3.7299653103841316e-06,7.254626637509735e-05,4.689250168322743e-05,4.8338702434308755e-05,1.3973230373422776e-05,0.00017068057316764257,8.887064419040203e-06,0.003233798360877684,0.0013188896266269558,6.935053069873399e-06,3.400432971606702e-06,5.394013913926554e-06
Salt_Pond_MetaG_R2A_C_D2_MG_DASTool_bins_concoct_out.31,6.188585105073202e-07,9.320092400603642e-06,4.8218901809628016e-05,2.9886109572902023e-05,2.214988391612111e-06,0.0003087383813457463,1.8598093801983098e-06,0.0038005903814966346,0.00010633524535301246,1.8291876208892408e-06,7.612577276355765e-07,1.0233580031241045e-06
Salt_Pond_MetaG_R2A_C_D2_MG_DASTool_bins_concoct_out.34,7.722660001240312e-07,7.115219529462358e-06,3.906287009006648e-05,1.936914253276142e-05,4.0412004215507934e-06,0.000204088619545796,1.6472687339331504e-06,0.0022278084024108173,0.00011672666402993932,4.262940128002005e-06,7.520587300328507e-07,8.295512565129009e-07
Salt_Pond_MetaG_R2A_C_D2_MG_DASTool_bins_concoct_out.36,1.3738220888901298e-07,1.1285878999216446e-05,1.0275576664452102e-05,8.160742384059046e-06,1.8010777714712251e-06,1.4556924376104274e-05,9.845373981361934e-07,0.001342356096101242,0.0007181997598206415,1.3074541847801112e-06,4.125253610899643e-07,3.764264058480508e-07
Salt_Pond_MetaG_R2A_C_D2_MG_DASTool_bins_concoct_out.4,4.069150136326324e-06,3.147456654533462e-05,0.00021566300384722955,0.00020849361796232709,1.4137734032278757e-05,0.0011189513111471816,8.510081536585683e-06,0.003405176375722035,0.0004570510398248124,1.5201351192669278e-05,3.083732527958587e-06,4.180235172627228e-06
Salt_Pond_MetaG_R2A_C_D2_MG_DASTool_bins_concoct_out.41,2.8496325765743186e-06,9.576711684381933e-06,3.316624258254781e-05,3.6032046486478664e-05,9.6351858382861e-06,0.00012882919922493295,7.328635785836815e-06,0.0028432814121287656,0.0006595017671341377,6.107408969474085e-06,2.3919494555563976e-06,3.7806815613300523e-06
Salt_Pond_MetaG_R2A_C_D2_MG_DASTool_bins_concoct_out.42,1.872394735198361e-06,0.00025581701898576005,9.351103488497623e-05,5.643800791359862e-05,1.7123683089086968e-05,0.00017001083174367546,1.068964021324602e-05,0.005432812410135016,0.0005462138911003177,9.912493871576846e-06,3.957242556264867e-06,4.396656346798277e-06
Salt_Pond_MetaG_R2A_C_D2_MG_DASTool_bins_concoct_out.45,1.4467686855552863e-08,0.0003213476217008974,1.0025856478246587e-05,1.8033366221289647e-05,5.856865746449659e-08,1.7850469266603298e-05,4.6668258487035846e-08,0.003128596711875,0.000769402413191514,3.67325918931436e-08,8.847263911358541e-08,1.1126374787375598e-07
Salt_Pond_MetaG_R2A_C_D2_MG_DASTool_bins_concoct_out.49,4.88178002957116e-07,1.0452248273362693e-05,5.197520759361967e-06,1.8124758489174888e-05,1.8282032071955162e-06,0.00010222015523354541,1.506137965994933e-06,0.002327477175613221,0.00048030810884954974,8.698323008255789e-07,3.794877941992112e-07,6.649032120886443e-07
Salt_Pond_MetaG_R2A_C_D2_MG_DASTool_bins_concoct_out.51,2.533517646287069e-07,1.8306426649197383e-05,0.00010378304110377558,8.5895839122824e-05,2.9008950403743765e-06,0.0004258586013361572,2.3099849624018458e-06,0.0023430709011413864,0.00010035312437207543,1.747583165752902e-06,9.162524534165619e-07,8.211217754189002e-07
Salt_Pond_MetaG_R2A_C_D2_MG_DASTool_bins_concoct_out.69,5.815832802509238e-06,3.198341850751621e-05,0.00017557100220337262,5.1487646877201744e-05,2.7584548137775135e-05,0.00039332933131749686,2.530188400442659e-05,0.0021568365207211538,0.00014771167682510938,1.4684746443720684e-05,6.418296232063189e-06,1.0285824900890539e-05
Salt_Pond_MetaG_R2A_C_D2_MG_DASTool_bins_concoct_out.9,1.567319798553307e-06,5.20841593784571e-05,2.304617574893907e-05,2.108997695786442e-05,7.665400392448392e-06,4.692447226847036e-05,5.1928592147567176e-06,0.0031260520788814502,0.0008759348052410422,5.3028405084101014e-06,1.901497388853575e-06,2.7499141348998916e-06
Salt_Pond_MetaG_R2A_C_D2_MG_DASTool_bins_maxbin.022,4.1416034232972835e-07,9.356764782779608e-05,1.1893263172531711e-05,1.2913604345249363e-05,3.203571068982766e-06,5.559594039256163e-05,1.9166902963575044e-06,0.0065195875549784454,0.0014207570735293475,2.23997287667468e-06,9.224223645588702e-07,9.174065081398182e-07
Salt_Pond_MetaG_R2A_C_D2_MG_DASTool_bins_metabat.10,2.1692407847518465e-07,5.665728222661284e-05,5.012928239123283e-06,5.027804745109107e-06,2.09510283492299e-06,1.045395917722897e-05,7.255161587968499e-07,0.0048383247140325325,0.0034269925269307926,7.628037439093429e-07,3.67353838194014e-07,5.025285234757906e-07
Salt_Pond_MetaG_R2A_C_D2_MG_DASTool_bins_metabat.18,8.500526230621546e-07,1.134360503043685e-05,0.0003739736780124591,0.0002597058322725379,7.447599820026371e-06,0.0011408848504684012,3.36256936876191e-06,0.0015136417494196314,0.00012500690761422508,6.0593058147930616e-06,2.2611109035643337e-06,1.4557696495500831e-06
Salt_Pond_MetaG_R2A_C_D2_MG_DASTool_bins_metabat.27,7.647736876816133e-07,0.00014847911114366618,2.2727263768494284e-05,2.496642226596759e-05,3.929593455016563e-06,4.551700251644644e-05,3.1245439946695732e-06,0.0027140488664027644,0.0008639305143501306,2.458391028411229e-06,1.4027226201562835e-06,1.4286137697991684e-06
Salt_Pond_MetaG_R2A_C_D2_MG_DASTool_bins_metabat.38,5.418996865764718e-07,5.889197245679496e-06,1.074481414237496e-05,1.143219878791804e-05,2.144623523229478e-06,1.9856659685147062e-05,1.4105494640666396e-06,0.0013439870109600563,6.735555459817422e-05,1.5511198724979086e-06,5.545450555845431e-07,7.079460468018283e-07
Salt_Pond_MetaG_R2A_C_H2O_MG_DASTool_bins_concoct_out.67,8.336556651177257e-07,1.296327336336647e-06,2.988318685578477e-06,1.896360487860141e-06,6.721592827117348e-07,6.432792341481399e-06,2.571445852108259e-07,1.971491592473382e-06,1.482001801301138e-06,1.1160492270113015e-06,3.509379878883482e-07,4.33084592856014e-07
Salt_Pond_MetaG_R2A_C_H2O_MG_DASTool_bins_metabat.16,1.1571108672505334e-07,9.645005139135912e-07,8.606445342280445e-07,6.571913993085589e-07,5.597367578000471e-07,2.047590259552884e-06,3.107489103092454e-07,2.4344385003684295e-06,2.05129697975639e-06,2.6200991293953906e-07,1.6230570654187158e-07,2.7526912643221615e-07
Salt_Pond_MetaG_R2A_C_H2O_MG_DASTool_bins_metabat.4,2.8935373711105786e-07,1.0778912887748084e-05,1.983221962200522e-06,3.0102391972925247e-06,1.6560148555652656e-06,6.469199814469329e-06,6.398663700855692e-07,3.373905795059723e-05,3.065817045663615e-05,5.318942485311564e-07,1.383830297257243e-06,4.146762760494086e-06
Salt_Pond_MetaG_R2A_C_H2O_MG_DASTool_bins_metabat.5,1.4622156984856412e-05,1.2797299200290362e-05,1.811589927184944e-05,2.1264276530387867e-05,2.3586094707507676e-05,3.0468367207879772e-05,3.060537835753315e-05,1.5870072485321235e-05,1.786179101596163e-05,2.1763392375604486e-05,4.197533876150501e-06,1.0545278390911315e-05
Salt_Pond_MetaG_R2_A_D1_MG_DASTool_bins_concoct_out.119,0.0003312878858788087,2.7852150573684385e-07,2.768434766404092e-06,3.1926710097556717e-07,0.0008355516597730497,3.424658854134068e-06,0.000611552438771602,7.142944222243757e-07,2.5844352575902355e-06,0.004573418810772876,0.0005413590082558149,0.0005162662567297493
Salt_Pond_MetaG_R2_A_D1_MG_DASTool_bins_concoct_out.29,9.56780023356828e-06,4.974883765781384e-06,9.78815370723667e-06,8.676088271064758e-06,0.000883271309550008,1.4355247635098116e-05,0.00011440447239921104,9.21401438820938e-06,1.1136492682706066e-05,0.0007887973963175499,0.0007314096770512997,4.3521674059777184e-05
Salt_Pond_MetaG_R2_A_D1_MG_DASTool_bins_concoct_out.35,1.3984740693618414e-05,5.2267081352334015e-05,2.354603429777378e-05,1.3576445730932537e-05,0.0009826920347176026,5.1597732759139025e-05,0.00016182864447700357,0.00015206417520340545,0.00011686094949999194,0.0003470652405422845,0.000829917696320181,6.58046820848865e-05
Salt_Pond_MetaG_R2_A_D1_MG_DASTool_bins_concoct_out.49,0.0012930955432302088,8.682742626131195e-05,5.21263106259631e-05,2.5939894002849746e-05,0.0032297709868882047,8.041341991547003e-05,0.0032260742424831605,7.021719822428537e-05,0.00010416651059528217,0.001622351369992233,0.0011387480926262736,0.002269917975036629
Salt_Pond_MetaG_R2_A_D1_MG_DASTool_bins_concoct_out.52,3.6098822342541574e-06,7.367771240174861e-09,4.747202015645739e-07,1.410869405338817e-07,4.870816813850457e-05,5.00839655774261e-07,5.6722620566596025e-05,2.089560879537396e-07,7.010493416367511e-07,4.408422793348212e-06,0.00041076293476482165,8.101599198529875e-06
Salt_Pond_MetaG_R2_A_D1_MG_DASTool_bins_concoct_out.66,1.2522979160722817e-06,8.586889028196116e-07,6.0739999957482095e-06,3.277936247513451e-06,0.00020110015911803058,6.82510765622895e-06,3.4965694887568935e-05,1.4146059096193352e-06,4.438824087338591e-06,1.656013085795578e-05,0.0005664110362627809,2.2974141801028565e-06
Salt_Pond_MetaG_R2_A_D1_MG_DASTool_bins_concoct_out.84,0.00016222420016007394,1.467649866313762e-06,4.092295365440927e-05,2.2477155180218375e-05,0.0020165457874629774,6.806973727528691e-05,0.0007719908955083119,8.76327537659143e-06,2.0214636081982262e-05,0.0010365563362311244,0.0011476122348096469,0.00017468297614728554
Salt_Pond_MetaG_R2_A_D1_MG_DASTool_bins_concoct_out.93,1.9053659645102404e-06,5.8942169921398936e-08,4.2439922707309917e-07,2.6764952654701226e-07,0.00047933596528620004,5.802010604389602e-07,3.044510135255677e-05,9.249361141523706e-07,1.4031225378162326e-06,2.468312717766389e-05,0.00018280203450948574,3.026107217995617e-06
Salt_Pond_MetaG_R2_A_D1_MG_DASTool_bins_concoct_out.98,0.001672478941622809,2.7664634456477405e-07,2.7179424567988174e-06,2.0126266095370222e-07,0.0023981856663220532,2.9049568676271246e-06,0.001824101483187227,8.23403632951696e-07,2.8062379082496166e-06,0.0009846297585482237,0.0005454940203153108,0.0013374353383069837
Salt_Pond_MetaG_R2_A_D1_MG_DASTool_bins_maxbin.001,1.0474105193941762e-06,1.67738865339549e-05,3.339023490994578e-06,3.819272794647831e-06,0.0003693343436798712,7.655089692165504e-06,2.5943426268446e-05,6.1762891029043145e-06,7.0503018980255744e-06,0.00036302044433752,0.0003642176433288879,8.312686604966782e-06
Salt_Pond_MetaG_R2_A_D1_MG_DASTool_bins_metabat.10,0.0030019332900228174,1.6708291783679201e-06,5.4307448601835495e-06,1.0799385857852388e-06,0.003510120294679364,1.006319795314906e-05,0.0052339468367000475,3.2444806895341663e-06,1.0457266278092456e-05,0.002391599593437706,0.0008756854620330604,0.001744198479481794
Salt_Pond_MetaG_R2_A_D1_MG_DASTool_bins_metabat.12,0.0071341837081331455,2.025526433558795e-05,5.03551942656352e-05,3.061718582642017e-05,0.013852697939058104,8.739798794266389e-05,0.02073954014409091,6.16972510106002e-05,0.00010534747928068118,0.013432880951715015,0.002617709804956753,0.008926744376093143
Salt_Pond_MetaG_R2_A_D1_MG_DASTool_bins_metabat.24,5.102763343811377e-05,5.267064675104947e-07,5.069198028138978e-06,2.2013956946328755e-06,0.0016398616916873602,8.541737687696852e-06,0.00011822497877872224,2.6983131448540988e-06,5.595714813126904e-06,0.00046173667381884694,0.0016410134165591916,0.00015899323779594815
Salt_Pond_MetaG_R2_A_D1_MG_DASTool_bins_metabat.32,2.2917841632797544e-05,1.7560577138552306e-06,2.4668731511893463e-05,1.71176610437868e-05,0.0004808238947654928,3.953786794774168e-05,5.5245405735153764e-05,4.984107136317757e-06,7.5046182514373345e-06,0.0002955519855420999,0.00045652330842156495,4.784020782100838e-05
Salt_Pond_MetaG_R2_A_D1_MG_DASTool_bins_metabat.50,0.0024744078982514312,3.1022045864402515e-05,9.072654616684128e-05,8.034089683766844e-05,0.0027394578474466565,0.00015457549259892278,0.004344834039610704,7.987531894320228e-05,7.843765289601544e-05,0.003312393992375806,0.0006770379796392354,0.0034873857686543363
Salt_Pond_MetaG_R2_A_D1_MG_DASTool_bins_metabat.61,2.111439277843762e-06,2.0152961140789575e-06,3.062479198118007e-06,4.800622709537599e-07,0.0003246636021231749,1.831002753246355e-06,0.00015400939876615425,4.208577386836743e-07,1.6203572636390087e-06,6.925382502186793e-05,0.0007234244374701628,4.4968328532688164e-06
Salt_Pond_MetaG_R2_A_D1_MG_DASTool_bins_metabat.7,0.0002579823580145154,9.13647331067779e-07,8.05903477251225e-06,2.0359302848560865e-06,0.0020921903029800125,1.4518158912050067e-05,0.0006345946987679121,3.3287654392499923e-06,6.964234150593e-06,0.0023960112186577403,0.002074523158073692,0.0003677450283230342
Salt_Pond_MetaG_R2_A_D1_MG_DASTool_bins_metabat.9,0.00045323962821234816,7.489599867764494e-07,1.8786181075443786e-05,1.9005646162076874e-06,0.0025514382997981495,1.5705089592335083e-05,0.0011485799516140673,3.2508144369739017e-06,7.63783293891297e-06,0.0022560480131977004,0.001132012340993216,0.0005160207550291792
Salt_Pond_MetaG_R2_A_D2_MG_DASTool_bins_concoct_out.19,1.3560583061620307e-05,5.260630581181133e-07,4.841498105150692e-05,1.4804331290297445e-06,0.00035704450116431474,6.73671797970104e-05,0.0001732732451864486,2.876111024356604e-06,1.7042912933919046e-06,0.00021695333481551254,0.003079359618356258,3.189981489699374e-05
Salt_Pond_MetaG_R2_A_D2_MG_DASTool_bins_concoct_out.67,1.9466479144836352e-05,7.039657067759396e-07,7.437397551880828e-05,4.171571558205404e-06,0.00012711469527989147,0.00013959964218563054,0.00011987465694836695,2.3361538391081633e-06,1.909826949493208e-06,5.430607550242281e-05,0.0023636295897725593,2.983891944227187e-05
Salt_Pond_MetaG_R2_A_D2_MG_DASTool_bins_concoct_out.9,3.833493591888701e-05,8.115196055938849e-07,7.334640993830381e-05,4.31837977062477e-06,0.0002632742242913977,0.00014017020123463812,0.00018950660222363423,3.800302259457412e-06,3.145568269235034e-06,0.0001264727085914297,0.003943707922521973,4.729780676245735e-05
Salt_Pond_MetaG_R2_A_D2_MG_DASTool_bins_metabat.14,0.00021342043231311353,1.4310444294419763e-06,0.00014504867588926163,8.681114938417716e-06,0.0012457164205148736,0.0002697365064814903,0.0008965476985199971,4.20843702211361e-06,6.1191873955590645e-06,0.0006686086826834933,0.001682812817393881,0.00024433198753143144
Salt_Pond_MetaG_R2_A_D2_MG_DASTool_bins_metabat.16,6.450468193496087e-06,1.0430274269910643e-07,6.424828221819227e-06,4.178320100340817e-07,6.387921966080368e-05,1.0008665711063892e-05,2.7615660043406177e-05,1.4445766171316625e-06,3.754514246925592e-07,5.6218987741247195e-05,0.0019280022307144185,4.620422876859075e-06
Salt_Pond_MetaG_R2_A_H2O_MG_DASTool_bins_concoct_out.11,7.045346679429156e-05,1.7118738258521385e-06,0.00043543480135650915,9.019039236750699e-06,0.0008768697712896549,0.000608874729585936,0.0011915454088799583,3.5740984400188262e-06,6.188880637690776e-06,0.0002917007259768677,0.0016332747926093016,0.00019055045235717952
Salt_Pond_MetaG_R2_A_H2O_MG_DASTool_bins_concoct_out.29,0.00012116794885290974,1.8876128270037288e-06,0.00037229275149326094,1.0824192040160522e-05,0.0006354735545362043,0.00036418644911082607,0.000498638145381271,4.377504624580613e-06,6.7942753777045945e-06,0.0003444691509680867,0.002000296253097777,0.00016534026740719753
Salt_Pond_MetaG_R2_A_H2O_MG_DASTool_bins_concoct_out.45,2.4135294931233432e-05,8.480586057416162e-07,0.00010981557585175383,3.411903581808703e-06,0.00032822995244868815,0.0001608371767245772,0.0002672661951262311,1.3492544953626169e-06,2.323948323175457e-06,0.0001452520596255985,0.0008984326960447367,5.447251517288339e-05
Salt_Pond_MetaG_R2_A_H2O_MG_DASTool_bins_maxbin.035,7.689751434478198e-07,1.1195900027344584e-08,8.231976505012321e-07,2.904870904150255e-08,1.0358672269063783e-05,1.4180072598434197e-06,2.95745178170791e-06,1.6697333003544738e-07,1.282029255047763e-07,2.6313874792288626e-05,0.00014197893580236793,1.049134203162887e-06
Salt_Pond_MetaG_R2_A_H2O_MG_DASTool_bins_metabat.14,4.398576771766314e-05,1.06252299398513e-06,0.0004118847138339748,3.92385143590975e-06,0.0017431509322154172,0.0001926787651862682,0.001297809072033137,3.220792799316502e-06,6.991176360329811e-06,0.0011407346217230058,0.0029100205946025097,0.00027287604190752153
Salt_Pond_MetaG_R2_B_D1_MG_DASTool_bins_concoct_out.110,0.0002579954172926844,4.620149236693163e-05,9.922596588097673e-06,1.0579837063644505e-05,0.0026577847796474016,2.2239899299852703e-05,0.001165542808962962,1.0336958652840317e-05,2.6737126288387816e-05,0.00369649546627813,0.0001801972514335452,0.0006552234258539603
Salt_Pond_MetaG_R2_B_D1_MG_DASTool_bins_concoct_out.40,0.00023428715961531637,4.9632035060566994e-05,9.417951477750382e-05,3.322058588956104e-05,0.0031117901208120606,0.0001928990831801211,0.0009649085403451258,7.27139631126953e-05,5.3133627081904226e-05,0.004800568175520153,0.00038029785666919953,0.0003554280056948142
Salt_Pond_MetaG_R2_B_D1_MG_DASTool_bins_metabat.10,0.006039902057858596,2.508557343084686e-06,8.79754859684363e-06,8.174966959987462e-07,0.007128625219824721,1.557452840047716e-05,0.009654635939296732,7.145800350441862e-06,2.1915211287891852e-05,0.006152638731434301,0.0011984889526907006,0.005192719602166692
Salt_Pond_MetaG_R2_B_D1_MG_DASTool_bins_metabat.13,0.002979670885154678,0.00012466505023525447,8.041999270754341e-05,2.9661921619006916e-05,0.01367980525629811,0.00010686547997809693,0.010343537888115404,0.00011377509803628116,0.00015984467073655768,0.011036770990652759,0.004145464689072785,0.006905406383114496
Salt_Pond_MetaG_R2_B_D1_MG_DASTool_bins_metabat.22,0.0019965311553407808,4.566794223668057e-06,1.2190367679064629e-05,6.159360905322899e-06,0.003393514922398304,1.9787914755698644e-05,0.004795648986010142,1.2002273609030489e-05,2.1768206817312146e-05,0.0032925508857624074,0.0006243093110864628,0.0023540059750151426
Salt_Pond_MetaG_R2_B_D2_MG_DASTool_bins_concoct_out.124,1.1602589702148176e-05,1.85613754267452e-05,3.241597487254461e-05,4.159999056158618e-05,0.0010652689027674312,5.115496944526499e-05,0.0002062536855917354,1.9138683686960455e-05,2.3726970930753805e-05,0.0006966544227334079,0.0003572826806066645,0.00012184836920607878
Salt_Pond_MetaG_R2_B_D2_MG_DASTool_bins_concoct_out.143,5.334080548703484e-05,5.0762772342519136e-05,5.485433426273908e-05,2.5219887421985682e-05,0.002225398360958565,6.369459889679753e-05,0.0004919641474548364,3.1169068081375836e-05,5.685002218710279e-05,0.0014918989773246931,0.00047755615705867343,0.0004890098265703213
Salt_Pond_MetaG_R2_B_D2_MG_DASTool_bins_concoct_out.32,6.74004785665599e-05,5.4612761435931964e-05,5.623889249891488e-05,2.6979783685436607e-05,0.001571215039317976,6.05294814806468e-05,0.0005202832288252541,3.1644099497539863e-05,5.5557224540898756e-05,0.0007252050489217594,0.00031225563060537776,0.0006133375124579647
Salt_Pond_MetaG_R2_B_D2_MG_DASTool_bins_concoct_out.39,0.0003763029775489799,3.9719772275102534e-05,0.0001130693041980178,9.664382677402392e-05,0.0029489982788847907,0.0001497737525215739,0.0015080824723561867,8.177082709412086e-05,9.663994810195223e-05,0.0026223772010430585,0.0011053567821376162,0.001131767018775217
Salt_Pond_MetaG_R2_B_D2_MG_DASTool_bins_concoct_out.4,1.9822957564605693e-05,1.6851344434498e-05,1.9085361926064064e-05,1.704537925517481e-05,0.0018694120914355225,5.1127373228204195e-05,0.0003788304205044015,1.445204443760834e-05,2.0954269364014502e-05,0.0009039784980352449,0.00037938723352921335,7.646799002687474e-05
Salt_Pond_MetaG_R2_B_D2_MG_DASTool_bins_concoct_out.80,0.00013354033166050627,1.1333044733262536e-06,4.4287294096803264e-05,3.192844660888801e-06,0.0010084462639397644,3.581172767147159e-05,0.0005303894209816545,3.0944528338193545e-06,4.7323963587465735e-06,0.0009501891580712514,0.0004333583514165293,0.0002175013213915352
Salt_Pond_MetaG_R2_B_D2_MG_DASTool_bins_metabat.10,0.0005824435665068574,0.00011638824031900912,0.00011632518224434896,5.4491342263603354e-05,0.0036792055700569696,0.0001264680391403953,0.0029158245952769857,6.560967595042552e-05,0.00011512342181401207,0.0017688067958873041,0.0006596730657591459,0.0010171999301484365
Salt_Pond_MetaG_R2_B_D2_MG_DASTool_bins_metabat.16,0.0009956974207100137,7.233616034574908e-05,7.710758712735348e-05,3.202949377151165e-05,0.005399656399291654,8.785152726434535e-05,0.0035458581270388363,4.6030400829149235e-05,8.474912263707363e-05,0.002760797532909025,0.0011913988348183006,0.0016139818901199764
Salt_Pond_MetaG_R2_B_D2_MG_DASTool_bins_metabat.19,0.00022649718247379861,9.270624758710398e-05,5.245290509479183e-05,2.8583452653085686e-05,0.005505584262537746,7.505999574843896e-05,0.0011489559263041568,7.58400453101639e-05,0.00010565308748883448,0.0054740081010097585,0.0020079862892212735,0.001136495986573848
Salt_Pond_MetaG_R2_B_D2_MG_DASTool_bins_metabat.20,0.00034135840664150616,1.2921993514963348e-06,5.742484723078044e-06,2.687400412279165e-06,0.0021742183436197185,9.921322208137823e-06,0.0010664205198194306,3.0586974120477163e-06,4.191589922916511e-06,0.0034305344019358655,0.0004304245024543549,0.00039503460411642095
Salt_Pond_MetaG_R2_B_D2_MG_DASTool_bins_metabat.38,0.0010460092238011806,3.130562793088004e-05,4.754455951226893e-05,1.980231962930795e-05,0.004144072688687677,5.846194860407395e-05,0.0032253945888498585,2.285736603003197e-05,4.617440415267952e-05,0.002338656198844015,0.0009781682967320788,0.0014316320084201907
Salt_Pond_MetaG_R2_B_D2_MG_DASTool_bins_metabat.43,7.3077059232729e-05,2.102278086727267e-05,1.0056206750619134e-05,6.645681845124063e-06,0.0013334247647065788,2.5015691131496173e-05,0.000697155160892741,1.707973198269383e-05,2.092892385884605e-05,0.00035962940093856125,0.0002692751065392033,0.00023227249602669444
Salt_Pond_MetaG_R2_B_D2_MG_DASTool_bins_metabat.44,0.0007044972127125241,3.272509031108532e-06,5.249889477697935e-05,3.1969760400705874e-05,0.004722340869399217,9.686110855711724e-05,0.002922865739725596,1.1324530417774398e-05,1.9965962895414606e-05,0.0010236521823199108,0.0026415057546094736,0.0015955992535394833
Salt_Pond_MetaG_R2_B_D2_MG_DASTool_bins_metabat.45,6.983583511090305e-05,1.6374635278959998e-05,4.178646297111308e-05,2.351704486280528e-05,0.0016712299513114129,8.314440048381561e-05,0.0003136214134336408,5.6070303587187416e-05,3.281308351810601e-05,0.0007356191855317564,0.0008272291182761607,0.00012875039469327019
Salt_Pond_MetaG_R2_B_D2_MG_DASTool_bins_metabat.50,0.00010817152096220653,1.578486221986742e-05,3.7182780962852246e-05,3.840120345400482e-05,0.001611092667853034,5.368926564062568e-05,0.00037688686451903974,3.3468044647469355e-05,3.6019982175942467e-05,0.0028688620291205807,0.0006147159317719909,0.00038631572709164956
Salt_Pond_MetaG_R2_B_D2_MG_DASTool_bins_metabat.52,0.0002040194302195515,6.372230361131173e-07,5.734774642956915e-06,2.0740507750138202e-06,0.0031574176994194933,7.394968627340227e-06,0.00048260481701320565,4.386145467038065e-06,1.1485438567413254e-05,0.0020027438387524433,0.0032540480692701194,0.000292043491086858
Salt_Pond_MetaG_R2_B_D2_MG_DASTool_bins_metabat.55,0.0010987719341846718,2.2499206827340498e-05,3.950280562902139e-05,1.5382167011415713e-05,0.0029771488964603697,4.515776221979494e-05,0.0028205343325039788,1.4021409285673365e-05,3.2989192045031033e-05,0.0018276846109185816,0.000681685757847514,0.0013518225741657322
Salt_Pond_MetaG_R2_B_D2_MG_DASTool_bins_metabat.62,6.661910651567614e-05,1.6775535402157148e-06,4.812110432039906e-06,2.2532582057054374e-06,0.0008231667129973209,7.426186313815138e-06,0.00020961227807434876,2.8423604404384655e-06,4.545662247720188e-06,0.00045205878286590267,0.00042724962433998383,0.00011403554803275054
Salt_Pond_MetaG_R2_B_H2O_MG_DASTool_bins_metabat.16,2.341109121371818e-05,5.963453712339382e-07,5.334919823621405e-05,1.8575289496073534e-06,0.0006388077035326335,7.917361530843126e-05,0.0003438657500662346,5.006467160873405e-06,3.6436308400530325e-06,0.0004091704671862796,0.008087038503430137,5.90360023167721e-05
Salt_Pond_MetaG_R2_B_H2O_MG_DASTool_bins_metabat.17,3.1602420764856686e-05,1.1135204199980243e-06,0.00015076918180334832,7.353163770018908e-06,0.0004259905288604867,0.0002445024368508703,0.00020696804506795382,5.571142395840229e-06,3.411138639449213e-06,0.00032528085270802496,0.008509079390258635,4.9145704344581416e-05
Salt_Pond_MetaG_R2_B_H2O_MG_DASTool_bins_metabat.29,7.417593488870633e-06,8.191094264441735e-08,4.365879773825513e-07,9.233000204806786e-08,8.391635106570637e-05,1.0771681181776374e-06,1.3354100127151551e-05,4.324271672022944e-07,2.87951822497233e-07,8.7390808844239e-05,0.0005638977696175689,2.4569689481629653e-06
Salt_Pond_MetaG_R2_C_D1_MG_DASTool_bins_concoct_out.118,0.00011648151081393039,4.256548809302292e-07,2.239452882730575e-06,5.762801791944979e-07,0.00044132373840671357,3.714100790114828e-06,0.00015344192777931435,8.639136094818922e-07,1.8961016728348334e-06,0.0007946479513941742,4.753513745815934e-05,0.00016627436855910947
Salt_Pond_MetaG_R2_C_D1_MG_DASTool_bins_concoct_out.37,0.0002931238438225286,2.354633169319456e-06,1.3516161605713704e-05,8.516004149181611e-06,0.0005450727177468046,2.5328368655690405e-05,0.00039956630234782843,1.2846236149264608e-05,5.833877634321461e-06,0.0012371083104738157,6.934542487230408e-05,0.00023437075350914402
Salt_Pond_MetaG_R2_C_D1_MG_DASTool_bins_concoct_out.65,0.003215489866431218,0.00011140480633122799,3.4066091631591904e-05,9.362167350045651e-05,0.003874924557686985,0.00013061648842323847,0.0075050177262300085,1.716259943216959e-05,5.386793986386573e-05,0.0028510291544168232,0.00039756688423787945,0.002060103265936583
Salt_Pond_MetaG_R2_C_D1_MG_DASTool_bins_concoct_out.7,3.5705373652040574e-05,1.948418788378219e-06,2.775336085415095e-06,1.540782500582697e-06,0.0011049604394131362,3.3842603320154537e-06,0.00010497016037226464,1.3171725387037139e-06,4.710981421943438e-06,0.0020359958920757506,5.308885056514651e-05,0.00038920537505739757
Salt_Pond_MetaG_R2_C_D1_MG_DASTool_bins_concoct_out.71,2.7986357893478894e-05,4.362692604016522e-06,3.834351820674384e-06,4.673648854021765e-06,0.002164424871981163,6.9368854847508954e-06,0.00017191302732482488,2.263046826168686e-06,7.797567501139733e-06,0.003040868114941567,0.00010809639715857524,0.00038172192138583174
Salt_Pond_MetaG_R2_C_D1_MG_DASTool_bins_concoct_out.88,1.9974281694400162e-05,2.0382080382070885e-06,3.2242841482208997e-06,1.7378885568627663e-06,0.0005745248424936178,4.969433675196527e-06,8.6260785345395e-05,2.425282578160601e-06,4.889567700925067e-06,0.0010687077423125453,3.1845532488686185e-05,0.0002711013882226909
Salt_Pond_MetaG_R2_C_D1_MG_DASTool_bins_concoct_out.95,2.9756955506513126e-05,1.4275484842750676e-06,0.00020375075006879526,3.741357110843068e-05,0.0009389479924205876,0.0001056771010296059,8.669999643207863e-05,6.573599316093449e-06,1.421145136600946e-05,0.0022395785728565316,0.0002807406835877732,8.030059014567335e-05
Salt_Pond_MetaG_R2_C_D1_MG_DASTool_bins_concoct_out.98,0.00013429024423201915,3.0605614318396662e-06,2.0220323396689273e-05,8.173433372886989e-06,0.000825545305009425,3.412840956028988e-05,0.0002309616930141186,5.8682649702057655e-06,6.47641012520231e-06,0.0013319679791773341,0.00012639178401082862,0.00013295277869511198
Salt_Pond_MetaG_R2_C_D1_MG_DASTool_bins_maxbin.062,2.56030349485586e-05,1.8941588365275048e-06,4.907482083235788e-05,3.2515893315098126e-05,0.0007473457648943509,8.11688354962711e-05,6.263627845510141e-05,7.012875310485861e-06,8.840159762652997e-06,0.0016827737542284538,3.289856447311656e-05,3.933388467971163e-05
Salt_Pond_MetaG_R2_C_D1_MG_DASTool_bins_metabat.17,0.0017517915126481788,8.993725063797609e-05,9.014232250483484e-05,3.769915946596563e-05,0.008431183485615376,0.00010636784169748609,0.005413124137838789,6.247056309963675e-05,0.00011287359131016251,0.004714787169945728,0.0020219431492116222,0.003116421271088475
Salt_Pond_MetaG_R2_C_D1_MG_DASTool_bins_metabat.25,0.002167671949144717,6.830366283164814e-05,0.00019944532251409776,0.00016865480156276412,0.004277919814553914,0.0002802386031394181,0.005126413126327655,0.0001277185347919471,0.0001525694885380349,0.0041905335955087246,0.000941147687495365,0.004167596803512235
Salt_Pond_MetaG_R2_C_D1_MG_DASTool_bins_metabat.7,4.4288346736750985e-05,4.131052443647136e-05,7.566649193813039e-05,6.197002309880923e-05,0.0029716776267239295,0.00010740343941122758,0.0014899385282529916,7.663389022777181e-05,9.121016114995468e-05,0.0026155283781310865,0.00046031427138145287,0.0005092328661599398
Salt_Pond_MetaG_R2_C_D2_MG_DASTool_bins_concoct_out.100,2.9369572802280056e-06,1.6552046567931857e-05,0.0002314434698620382,3.16391366780191e-05,0.002439979465984743,9.545554984684397e-05,5.967560580688326e-05,7.522172390318402e-06,2.0127114977638374e-05,0.008137903719768858,0.0004912653882279802,8.612754903339179e-06
Salt_Pond_MetaG_R2_C_D2_MG_DASTool_bins_concoct_out.104,1.7469203226793228e-05,5.436720942211315e-07,3.0166368938148524e-06,1.8338852902964591e-06,0.0003824562571051435,5.079354172097418e-06,7.854151997763864e-05,1.5066802114479672e-06,1.9831216009816287e-06,0.0016914042923028044,0.00024984416785202274,4.779155646322157e-05
Salt_Pond_MetaG_R2_C_D2_MG_DASTool_bins_concoct_out.18,2.114890475306604e-05,3.8916729587371235e-05,4.866752752492793e-05,2.1354742086631713e-05,0.0011906388319949458,4.7440565414196786e-05,7.722881502554908e-05,2.7515316058391664e-05,4.614904431274534e-05,0.0028447022249992507,0.00016715959149460932,4.379240580065606e-05
Salt_Pond_MetaG_R2_C_D2_MG_DASTool_bins_concoct_out.21,8.33267139350217e-07,1.1311294561010428e-07,3.0640451713716753e-07,1.4316524287069746e-07,1.3475413648102811e-05,6.367880526370184e-07,1.7905576541191642e-06,2.62614685683732e-07,2.3097433724685554e-07,0.0021731115695222203,1.828744908763851e-05,7.92509637973296e-07
Salt_Pond_MetaG_R2_C_D2_MG_DASTool_bins_concoct_out.45,0.0012435436601510841,6.745153445003723e-05,6.450623590905893e-05,2.7533613808428878e-05,0.00607692680737697,7.896597333337597e-05,0.003941857748528249,4.554470675595921e-05,8.293182855390334e-05,0.0033387324844170465,0.0015518643558895995,0.0021711973340383314
Salt_Pond_MetaG_R2_C_D2_MG_DASTool_bins_concoct_out.47,4.4824769269224394e-05,4.262100499784383e-05,4.757101699148291e-05,2.1098290167211663e-05,0.0022827102639237083,5.802079149319955e-05,0.00032863187499756975,2.7734564639347037e-05,5.028767332737104e-05,0.002186698606884096,0.0005569782469420615,0.00028854063425279807
Salt_Pond_MetaG_R2_C_H2O_MG_DASTool_bins_concoct_out.35,7.12094198774098e-05,1.3954373250207891e-06,0.00015690454372703893,9.67835646207e-06,0.000725995863176843,0.00029255290480716475,0.0004125231137764918,3.6714253996413696e-06,6.876183200520589e-06,0.000308045727887877,0.0018830192170370974,9.977576417901595e-05
Salt_Pond_MetaG_R2_C_H2O_MG_DASTool_bins_concoct_out.60,6.990434846834973e-05,2.1483032470274395e-06,0.00040007024300676845,7.684339526216468e-06,0.0014225617150992315,0.0006091298582827348,0.0013457890212952037,5.2438317403732815e-06,6.811072217991179e-06,0.0005727096750396934,0.005079566744199306,0.00021811964181673495
Salt_Pond_MetaG_R2_C_H2O_MG_DASTool_bins_metabat.20,1.0669241854888632e-05,2.1344331635495855e-07,3.7151608875663224e-05,1.4685007119707725e-06,6.405969905572301e-05,5.2326447619308366e-05,5.925493381519153e-05,9.705923371833936e-07,9.320236788836062e-07,3.727050525021554e-05,0.0009530943139468616,1.700096450910805e-05
Salt_Pond_MetaG_R2_C_H2O_MG_DASTool_bins_metabat.29,5.351371689989226e-07,7.367771240174861e-09,1.020198170622059e-06,5.0835240822629606e-08,1.633230295544069e-05,6.881852583220483e-07,2.921285232676442e-06,2.50406789406631e-07,8.852345673805836e-08,1.0758235279724876e-05,0.0003215610319277102,4.645789651267547e-07
Salt_Pond_MetaG_R2_restored_C_black_MG_DASTool_bins_concoct_out.12,1.0877713717030322e-05,1.70941032229276e-06,2.415697896851804e-06,1.7101358165521535e-06,0.00026144125886729897,3.18064729199149e-06,2.821313669117961e-05,2.443488011283173e-06,3.4533956630298917e-06,0.0005436098170221932,9.481507738608329e-06,1.3170767395547392e-05
Salt_Pond_MetaG_R2_restored_C_black_MG_DASTool_bins_concoct_out.17,1.846574693498667e-05,1.364700379123469e-06,0.00016020995067496567,3.235984698870381e-05,0.0006184976683496512,8.977638049550815e-05,0.0001104718990570409,5.600150850711919e-06,8.427978587313402e-06,0.0006991895574024854,0.00038567700069515955,5.478186758215542e-05
Salt_Pond_MetaG_R2_restored_C_black_MG_DASTool_bins_concoct_out.25,4.384925442007295e-06,1.4960107032238983e-06,3.2279160891827503e-05,2.6865486182199884e-05,0.0003840549007787821,6.677304403289455e-05,1.5949319057378932e-05,7.898595360340003e-06,1.121003819259436e-05,0.00034624991618461545,7.387931172148697e-06,7.884780632177026e-06
Salt_Pond_MetaG_R2_restored_C_black_MG_DASTool_bins_concoct_out.26,3.2473446364180825e-05,4.6299290335640244e-07,3.687672275045041e-06,1.7451744959601016e-06,0.0003041652431798956,6.522691253965624e-06,0.00013279325549112693,2.3362047692532383e-06,1.985162142684242e-06,0.000349084022753849,2.9171249482108992e-05,2.8522942087486454e-05
Salt_Pond_MetaG_R2_restored_C_black_MG_DASTool_bins_concoct_out.43,4.6058641711259006e-05,3.030735423820741e-06,1.4554154670941852e-06,1.365976611208717e-06,0.0011407174977898851,5.445483652089623e-06,0.0003615060303386906,9.068370923228815e-07,2.106713597352685e-06,0.0008497321946114159,7.096562770977109e-05,0.00028781542087792016
Salt_Pond_MetaG_R2_restored_C_black_MG_DASTool_bins_concoct_out.51,0.0002880962484363021,7.70832155111681e-06,1.556693751721148e-05,2.4919065468848556e-06,0.0004399240162875139,1.3919095520878354e-05,0.0019743035877687856,1.922268315622708e-06,9.111128392909475e-06,0.00038785217113742655,0.0003024510529996314,0.00037718541039659566
Salt_Pond_MetaG_R2_restored_C_black_MG_DASTool_bins_concoct_out.57,4.184466884010252e-05,8.802336815991598e-06,1.1223817721784629e-05,8.466859703030048e-06,0.00030357110575069367,1.1346995696655686e-05,0.00011852055096759702,5.2485862951318584e-06,1.3623755475316408e-05,0.0004067015450881771,2.2001506041625194e-05,6.459342874709188e-05
Salt_Pond_MetaG_R2_restored_C_black_MG_DASTool_bins_metabat.13,0.0012999095878440667,2.931570368131514e-06,1.1735765557503342e-05,8.495948617471036e-06,0.0026345046815797893,3.8620791939702766e-05,0.002569192628275784,4.864492610002616e-06,1.0647079120129915e-05,0.001898311646387069,0.0008893684974274766,0.001325947730500707
Salt_Pond_MetaG_R2_restored_C_black_MG_DASTool_bins_metabat.2,7.932568949750785e-05,8.067825666951152e-06,9.60417465576487e-06,7.269794058176706e-06,0.0012794434886007468,1.35694972356174e-05,0.0001981864695992407,6.308626605246947e-06,1.600927071072741e-05,0.002360245459010799,6.805385105142212e-05,0.0006884542818931114
Salt_Pond_MetaG_R2_restored_C_black_MG_DASTool_bins_metabat.22,0.0001209760648815695,4.099128690370158e-06,3.0295281180908954e-05,8.425405147204124e-06,0.0009189956479944239,6.382390764114341e-05,0.00047192247225370435,1.1374655915114784e-05,1.619316978175975e-05,0.0017950879502722735,0.00019044949703844982,0.00024007156303869757
Salt_Pond_MetaG_R2_restored_C_black_MG_DASTool_bins_metabat.8,0.00020470008285007661,0.00013879819557754047,4.6165730841044695e-05,3.05581324235981e-05,0.0020578302776966756,8.494494996728735e-05,0.0018985686617774564,0.00016996683092003207,0.00020852735232640144,0.0016274115363123574,0.00020916145710317822,0.00034327876359587655
Salt_Pond_MetaG_R2_restored_DShore_MG_DASTool_bins_concoct_out.12,4.158699767987206e-08,9.35107235395922e-07,6.761312212789682e-06,1.6204927993136968e-06,3.2664390407134505e-07,0.00012634363900319528,1.0533199606832097e-07,2.8969937165212057e-06,3.633571479197023e-06,1.1207192550630125e-06,5.730547890114696e-08,4.995199069619615e-08
Salt_Pond_MetaG_R2_restored_DShore_MG_DASTool_bins_concoct_out.17,2.548493846896535e-06,1.0829730179847154e-05,4.742713762565649e-05,7.566587341113047e-06,4.814016804505647e-06,5.3056651829179826e-05,6.418150689135739e-06,7.08517144482613e-05,3.994699028687586e-05,5.840384862498039e-06,1.2742955557863755e-06,2.461154284717686e-06
Salt_Pond_MetaG_R2_restored_DShore_MG_DASTool_bins_concoct_out.2,2.779512290519447e-06,1.234080860917164e-05,3.461413962735636e-05,0.00012847847728482357,1.8658218214707632e-05,8.51511705292013e-05,1.3904251687493005e-05,6.567383408547016e-05,3.524101345952044e-05,1.5393867965679354e-05,3.042242910688353e-06,5.720899507852634e-06
Salt_Pond_MetaG_R2_restored_DShore_MG_DASTool_bins_concoct_out.20,1.5522287452506778e-06,1.1007201880593551e-05,1.2260145350333623e-05,1.1656812647864738e-05,6.282944952510402e-06,4.463176330542286e-05,4.911918890434389e-06,0.0005054806075494791,0.0001954635250622689,6.753137837169179e-06,1.4830079829007234e-06,2.190649093289683e-06
Salt_Pond_MetaG_R2_restored_DShore_MG_DASTool_bins_concoct_out.21,2.8638531959628026e-05,1.1690759300907188e-05,0.0003126973041383304,4.877034594377793e-05,0.00012945394509223895,0.0001556007343990544,0.0002554160306670324,4.71204366982008e-05,3.641605403914673e-05,3.123221698462306e-05,4.130600899437284e-05,4.6711418590476226e-05
Salt_Pond_MetaG_R2_restored_DShore_MG_DASTool_bins_concoct_out.37,1.4520851326077e-05,1.0561649249145306e-06,0.00030784549550880516,1.5953122551678578e-05,7.701472230429663e-05,0.0004594217851885113,9.975380286020396e-05,2.2795666553170034e-06,2.967547672896158e-06,2.4503188657969196e-05,2.326155241877694e-05,2.176404566013082e-05
Salt_Pond_MetaG_R2_restored_DShore_MG_DASTool_bins_concoct_out.38,2.4116961720598224e-06,8.589018566545396e-06,1.9421503246806958e-05,1.695358665008867e-05,9.101294224082496e-06,0.00031462770540244365,8.684109816158754e-06,3.4696066919402644e-05,2.3457570335534208e-05,1.0273737236067395e-05,1.8787998891841257e-06,3.2510326980993202e-06
Salt_Pond_MetaG_R2_restored_DShore_MG_DASTool_bins_concoct_out.40,3.831106718967308e-05,3.146402830742044e-06,0.002766481457546781,6.474970589923511e-05,0.0004120708815741424,0.004198115235229608,0.0004930561563918596,4.390776633788514e-06,5.814975745886586e-06,9.027987709047389e-05,6.712879171977895e-05,9.175959276609753e-05
Salt_Pond_MetaG_R2_restored_DShore_MG_DASTool_bins_concoct_out.46,1.1475372431223909e-06,3.2586844265065827e-06,0.0006297366448779148,0.00033492007585036966,3.2150130410628154e-05,0.004025259642604983,7.997582741250254e-06,0.00011348224065745808,0.00015474442484331638,7.556682079278423e-06,1.302098414873977e-06,2.1490482525610227e-06
Salt_Pond_MetaG_R2_restored_DShore_MG_DASTool_bins_concoct_out.68,4.741921203444614e-06,2.2697486536303192e-05,0.00011221154625330945,3.216755555025774e-05,2.030490508486187e-05,0.001291469684501723,1.2254817247647922e-05,8.97306735311298e-05,5.989470298509262e-05,1.098165865988547e-05,2.4163114956247384e-06,5.883024939375924e-06
Salt_Pond_MetaG_R2_restored_DShore_MG_DASTool_bins_concoct_out.7,4.3754177694111e-06,2.0113946165953764e-05,5.3457758611367694e-05,0.00012991922344947606,2.1498534948610982e-05,0.000122286277937266,1.5902541858857223e-05,9.438861900851338e-05,4.988088432589615e-05,2.6512773457661958e-05,4.923007334608757e-06,6.7939424745853845e-06
Salt_Pond_MetaG_R2_restored_DShore_MG_DASTool_bins_concoct_out.89,2.633854041770677e-05,1.9993924481222322e-05,0.0003963304551151789,3.2947207772854146e-05,6.177402869734354e-05,0.0005647773026463827,9.075333481982134e-05,5.4469362043194994e-05,4.883943722383151e-05,4.589134414292323e-05,1.654122086682709e-05,3.0185808477974143e-05
Salt_Pond_MetaG_R2_restored_DShore_MG_DASTool_bins_maxbin.037,2.3674872963298822e-07,1.0779797523008912e-06,4.786309181155039e-05,1.2033071292888078e-05,2.1623039857943754e-06,7.160709471163892e-05,1.0778739151102655e-06,1.1689422463710378e-05,5.808510627004456e-06,3.9716927039994226e-06,1.9890700449550524e-06,4.001802603088999e-07
Salt_Pond_MetaG_R2_restored_DShore_MG_DASTool_bins_metabat.11,5.971574937533108e-06,6.377335720573948e-07,7.140636442477962e-05,1.293406382818824e-05,1.1622076182439856e-05,0.00037972776981569546,1.2339029331106288e-05,8.927762742453044e-06,5.215738467894874e-06,7.05364599998836e-06,2.4837335653042446e-06,4.860587386627498e-06
Salt_Pond_MetaG_R2_restored_DShore_MG_DASTool_bins_metabat.13,1.0445385966048435e-06,1.9233869140299526e-06,0.0013325398223778791,0.0006121741595664395,9.771391521163385e-06,0.004346504436119961,3.826523251481787e-06,5.811354702091983e-05,1.0599015836286892e-05,7.077454799355723e-06,1.2831769488882084e-06,1.2507580455665337e-06
Salt_Pond_MetaG_R2_restored_DShore_MG_DASTool_bins_metabat.15,5.603187844589772e-07,1.1736829719801336e-06,5.052899994271972e-05,7.14744272003753e-05,5.09029983289338e-06,0.0006663443755347392,1.901605891615332e-06,7.014258657295917e-06,3.8126230974614893e-06,6.363663249345362e-06,1.2403816932873625e-06,5.624303203769756e-07
Salt_Pond_MetaG_R2_restored_DShore_MG_DASTool_bins_metabat.18,4.219472846318125e-06,1.0325656738259774e-05,4.0572396226877565e-05,7.791096459250292e-05,3.6227378152056e-05,8.516076042825994e-05,4.075878765438212e-05,4.5856845748361145e-05,2.071644340981404e-05,1.2099481823882957e-05,1.6895458792426508e-05,2.1217890444062398e-05
Salt_Pond_MetaG_R2_restored_DShore_MG_DASTool_bins_metabat.23,1.2524017970254676e-05,2.7898669756381665e-05,7.001509289292267e-05,4.654806486015463e-05,3.2521466442483246e-05,0.00033447968858911465,4.418802675542802e-05,0.0011945328349973559,0.0002445032238296003,2.6435149325382104e-05,8.525953057543328e-06,1.4728762432863487e-05
Salt_Pond_MetaG_R2_restored_DShore_MG_DASTool_bins_metabat.25,1.506774781117665e-06,3.919308430365734e-05,3.034648278819884e-05,5.6595070487689e-05,1.1296300173370255e-05,0.002853125592723319,7.423481179777811e-06,0.0008081894657183895,0.0003310503812339887,9.02118330260349e-06,3.4653494256061034e-06,3.410008867709933e-06
Salt_Pond_MetaG_R2_restored_DShore_MG_DASTool_bins_metabat.27,2.5338217274807753e-07,2.2904431783780188e-07,8.027461197113615e-06,3.2356829145190455e-06,1.9229298764175256e-06,8.071378156762038e-06,4.5487477118896065e-07,1.0459339872775561e-06,6.222059150661073e-07,7.322683369036683e-06,1.9695962620475532e-05,2.8913548896046543e-07
Salt_Pond_MetaG_R2_restored_DShore_MG_DASTool_bins_metabat.8,2.5217546375643266e-06,2.8924158147179744e-06,0.0007946835167959326,0.00010497729114362754,3.291574544492685e-05,0.0030543084404701442,1.2442330411026632e-05,3.627701556600813e-06,2.378412760057545e-06,1.0229633708693398e-05,2.5855753580995578e-06,4.307385875463255e-06
Salt_Pond_MetaG_R2_restored_H2O_MG_DASTool_bins_concoct_out.34,1.1030851024374823e-07,4.265867766567737e-07,4.2354255150408374e-07,9.40906185751217e-07,2.7346832991395774e-06,1.0524179229948322e-06,6.109098321206297e-07,3.685655110486991e-07,3.922482649791315e-07,2.537806342289435e-06,1.7900685533005461e-06,1.9388507773766949e-07
Salt_Pond_MetaG_R2_restored_H2O_MG_DASTool_bins_concoct_out.44,1.9917395921880859e-07,3.347327537538136e-06,1.2039819297506125e-06,1.8235175404493377e-06,0.00014627091898637563,2.558848972051571e-06,3.654356518709e-06,2.199397992601254e-06,1.8432196057553849e-06,0.00022993633686966113,6.625106381570482e-05,4.6266698438343876e-07
Salt_Pond_MetaG_R2_restored_H2O_MG_DASTool_bins_maxbin.002,5.268322616089158e-07,7.81702939527142e-06,2.073902517353459e-06,2.6446334441597943e-06,0.0005882931158730699,5.101430506626965e-06,1.4343703315244307e-05,3.2593318914232493e-06,4.34627688625813e-06,0.0007850508147076307,0.0003166459994465097,2.4676094707959778e-06
Salt_Pond_MetaG_R2_restored_H2O_MG_DASTool_bins_maxbin.005,5.9196489774476545e-06,1.2815804241373191e-06,3.651791364571893e-06,3.805656901192223e-06,6.509312779212208e-05,4.985622145275967e-06,2.1182308455829433e-05,2.076820926794892e-06,1.8539091556998246e-06,7.632177632424916e-05,6.603605323383652e-05,2.089200562334911e-05
Salt_Pond_MetaG_R2_restored_H2O_MG_DASTool_bins_maxbin.017,8.907423965895224e-06,1.2800601860234667e-06,2.104129369071105e-06,2.1972153281222866e-06,7.288951767743087e-05,3.6802092429866848e-06,3.5862591701569784e-05,1.554537118203626e-06,1.8544031645140607e-06,6.370147284993716e-05,3.411965972110766e-05,1.1577843926962338e-05
unbinned_reads,0.09184807206824153,0.3879674062349126,0.973580122334466,0.7818889041072582,0.39112271738006255,1.6482744169174777,0.26733470670769616,0.660441890164341,0.7346791753909607,0.3193389421300626,0.2124299921015143,0.11881652003779819
