Strain_Name,24_hr_Carb_1,24_hr_Carb_10,24_hr_Carb_11,24_hr_Carb_13,24_hr_Carb_14,24_hr_Carb_15,24_hr_Carb_16,24_hr_Carb_17,24_hr_Carb_18,24_hr_Carb_19,24_hr_Carb_2,24_hr_Carb_20,24_hr_Carb_21,24_hr_Carb_22,24_hr_Carb_23,24_hr_Carb_24,24_hr_Carb_25,24_hr_Carb_26,24_hr_Carb_27,24_hr_Carb_28,24_hr_Carb_3,24_hr_Carb_4,24_hr_Carb_5,24_hr_Carb_6,24_hr_Carb_7,24_hr_Carb_8,24_hr_Carb_9,72_hr_Carb_1,72_hr_Carb_10,72_hr_Carb_11,72_hr_Carb_13,72_hr_Carb_14,72_hr_Carb_15,72_hr_Carb_16,72_hr_Carb_17,72_hr_Carb_18,72_hr_Carb_19,72_hr_Carb_2,72_hr_Carb_20,72_hr_Carb_21,72_hr_Carb_22,72_hr_Carb_23,72_hr_Carb_24,72_hr_Carb_25,72_hr_Carb_26,72_hr_Carb_27,72_hr_Carb_28,72_hr_Carb_3,72_hr_Carb_4,72_hr_Carb_5,72_hr_Carb_6,72_hr_Carb_7,72_hr_Carb_8,72_hr_Carb_9,Bacteroides_Dropout_1,Bacteroides_Dropout_2,hc2_1,hc2_2
Acidaminococcus-fermentans-DSM-20731-MAF-2,0.0035,0.0091,4.6182,0.0564,0.0039,0.6408,1.2261,0.0988,0.0497,0.0023,0.0043,1.1725,0.1645,4e-4,0.001,0.0043,0.0087,0.0143,0.3759,6.3811,0.0118,0.9682,22.2119,2.8566,0.3849,1.9554,3.2367,0.0075,1.6076,7.5421,0.0097,5.4558,0.3697,11.2269,1.4866,0.002,0.2106,0.2949,0.0036,0.0081,0.1772,0.0025,0.4796,0.0021,0.0253,0.3344,2.9132,1.3909,7.1601,20.6797,4.8796,7.858,1.1047,0.1111,2.4428,2.4098,1.4784,1.8971
Acidaminococcus-sp-D21-MAF-2,0.0568,0.7343,6.9645,0.135,0.0247,0.8571,3.5114,0.1146,0.7879,0.67,0.0213,0.2183,0.0458,0.0631,1.8126,1.0511,0.46,0.0518,0.0109,2.5501,1.3719,1.8758,2.0857,0.8753,2.2065,0.3908,1.4775,0.2301,0.7549,9.3999,0.0647,0.1701,0.9846,6.5834,3.4973,0.8485,0.622,0.1319,0.0073,0.0406,0.1405,0.9915,0.6518,0.1049,5.9051,0.0485,0.9661,0.3806,7.3414,3.3524,1.4322,7.1372,0.3042,11.5289,6.2667,6.0459,4.197,4.8807
Adlercreutzia-equolifaciens-DSM-19450,0.0019,6e-4,0.0011,0.0081,0.001,0.003,0.0045,4e-4,0.001,2e-4,0.0023,0.0019,0.0011,4e-4,3e-4,0.002,0.0015,0.0199,0.0012,4e-4,1e-4,4e-4,0.0075,4e-4,5e-4,9e-4,3e-4,0.005,9e-4,0.0026,0.0098,0.0012,0.0012,0.0033,6e-4,6e-4,0.0012,0.0019,0.0012,5e-4,3e-4,4e-4,4e-4,0.0011,0.0044,3e-4,1e-4,2e-4,0.0012,3e-4,3e-4,4e-4,0.0014,8e-4,0.1444,0.1285,0.107,0.1226
Akkermansia-muciniphila-ATCC-BAA-835-MAF-2,0.0168,0.0011,3e-4,0.3201,0.0017,0.0484,442.135,0.002,0.0041,0.0049,0.0144,0.0239,0.0348,0.0014,5e-4,0.0055,0.0422,0.0786,5e-4,2e-4,7e-4,3e-4,7e-4,5e-4,0.0018,0.001,4e-4,0.0112,6e-4,2e-4,0.0388,9e-4,0.0032,201.88,0.0021,3e-4,4e-4,0.0045,0.0058,0.0049,3e-4,5e-4,0.001,0.0103,0.0118,3e-4,4e-4,1e-4,0,0,5e-4,2e-4,1e-4,3e-4,9.4566,8.919,5.8094,7.0922
Alistipes-finegoldii-DSM-17242,0.204,0.1725,0.154,2.7481,0.1253,0.7963,4.7391,0.0962,0.3174,0.4898,0.1186,0.2709,0.3029,0.9213,0.0492,0.072,0.4414,0.4726,0.0763,0.0274,1.5436,0.2139,0.2114,0.0309,0.3784,0.2301,0.5435,0.1385,0.21560000000000001,6.8038,0.1205,1.276,0.5385,7.7358,0.7785,1.424,1.2254,0.2039,0.0925,0.4461,0.4788,0.1731,0.9091,0.1705,0.0254,1.0766,0.3177,2.4789,4.5397,0.9034,0.4337,1.2623,1.1859,0.4652,35.3691,31.5937,23.5383,28.1767
Alistipes-ihumii-AP11-MAF-2,0.1605,0.0152,0.1041,1.8332,0.0197,0.2816,0.0283,0.0158,0.051,0.0533,0.0999,0.1916,0.2093,0.016,0.0212,0.0365,0.3118,0.3528,0.0124,0.0078,0.0472,0.0727,0.0693,0.016,0.0184,0.1463,0.1077,0.9769,0.0945,0.11,1.43,0.0832,0.3226,0.0714,0.0267,0.3751,0.3486,0.6038,0.5496,0.5049,0.1135,0.4781,0.1118,0.3297,0.1161,0.1742,0.008,0.2785,0.0905,0.2098,0.0236,0.026,0.3939,0.4029,42.2724,37.8939,32.0563,40.108
Alistipes-indistinctus-YIT-12060-DSM-22520-MAF-2,0.2239,0.0253,0.0381,4.5573,0.0418,0.504,0.0656,0.0457,0.0897,0.1055,0.1362,0.326,0.3511,0.0509,0.0282,0.0701,0.6392,0.6668,0.026,0.0077,0.0848,0.1072,0.1245,0.0172,0.0372,0.2218,0.1479,0.2505,0.0453,0.0519,0.5326,0.1469,0.1179,0.1141,0.0568,0.1459,0.1426,0.111,0.1105,0.124,0.1533,0.0616,0.1281,0.1991,0.1938,0.1473,0.0358,0.15,0.0824,0.0554,0.0164,0.1135,0.2585,0.1825,52.757,47.3051,36.2742,45.5399
Alistipes-onderdonkii-DSM-19147-MAF-2,0.0644,1.2509,0.3298,0.3828,0.0432,0.7183,2.4632,0.4121,0.1824,0.6142,0.174,0.1654,0.2015,1.2114,0.1641,0.1377,0.8,0.0727,0.0248,0.0282,1.6933,0.9753,1.0117,0.1016,0.144,0.427,2.0842,0.4367,1.5735,0.3104,0.0163,1.7919,2.7065,1.991,0.3124,1.4507,2.2923,0.3559,0.1062,1.4604,0.8752,0.5475,1.5592,0.4854,0.0093,0.2822,2.0847,2.6405,0.7011,1.1936,0.7141,0.1381,3.6144,0.7709,13.0709,12.5928,9.1616,10.1768
Alistipes-putredinis-DSM-17216-MAF-2,0.00899094,0.348449,0.0992999,0.130968,0.0181817,0.309688,0.748745,0.0135863,0.0291706,0.0508488,0.0286711,0.0771223,0.192706,1.15254,0.0205793,0.0838155,0.180818,0.0211787,0.0373623,0.00579416,0.440456,0.408788,0.0682312,0.0157841,0.374722,0.0390606,0.857736,0.0547448,0.497698,0.12877,0.0102896,0.13866,0.161437,0.532463,0.0452544,0.0860964,0.0867126,0.0672322,0.17842,0.576019,0.62477,0.123276,0.80185,0.0747247,0.00439557,0.118081,0.0394602,0.539057,0.146452,0.182416,0.527668,0.0775219,0.121178,0.130768,1.92816,1.70648,1.70878,1.87521
Alistipes-senegalensis-JC50-DSM-25460-MAF-2,0.0049,0.0014,0.0032,0.0631,0.0051,0.0294,0.0937,0.0038,0.0157,0.0234,0.0023,0.0126,0.0311,0.0087,0.0029,0.0681,0.0089,0.011,0.0064,0.0013,0.019,0.0096,0.0035,0.0029,0.0762,0.0063,0.0119,0.0036,0.0021,0.1028,0.0051,0.035,0.0752,0.1631,0.0122,1.273,0.9698,0.1017,0.0274,0.0812,0.2133,0.0512,1.4068,0.0028,0.0014,0.1537,0.0024,0.7716,0.0707,0.0188,0.0077,0.0292,0.0387,0.0107,1.4932,1.346,0.9686,1.1663
Alistipes-shahii-WAL-8301-DSM-19121-MAF-2,0.0256,0.2037,0.0284,0.253,0.0227,0.1337,0.5763,0.1357,0.0621,0.2033,0.0433,0.0544,0.08,0.9269,0.0535,0.0544,0.1546,0.045,0.0145,0.0129,0.4408,0.0484,0.2872,0.0292,0.1031,0.1424,0.4645,0.0964,0.1964,0.4889,0.0168,0.5215,0.8422,0.8227,0.133,0.5961,0.7924,0.0934,0.0509,0.5163,0.4496,0.0775,0.6138,0.1083,0.0056,0.1591,0.6239,0.7264,0.4424,0.3464,0.4463,0.1058,1.1736,0.2377,9.9129,9.2012,6.7064,7.397
Anaerofustis-stercorihominis-DSM-17244,9.77208e-4,0.0451701,0.036505,0.00377942,0.0337268,0.196239,0.00691443,0.0103022,0.594412,0.259534,7.71759e-4,0.426375,0.0498956,0.0334102,0.0249385,0.00201993,0.00313799,0.00501585,0.00149939,0.445701,0.00853648,0.0160691,5.20887,0.323993,0.0411117,0.00214835,0.0688378,0.0060593,0.721281,0.261888,0.00152594,0.148803,0.139164,0.073056,0.494236,0.341452,0.505777,0.09279,0.00913151,0.019286,0.177335,0.101763,0.0854969,0.192414,0.00202743,0.0550718,0.0605367,0.0580828,0.0120678,7.71504,2.0235,1.90949,0.0301211,0.0636253,0.119457,0.0880115,0.0783842,0.080604
Anaerostipes-caccae-DSM-14662-MAF-2,0.0872,4.9075,599.34,0.2638,1.3519,9.3043,0.4362,9.0664,0.7035,0.5609,0.0741,3.3451,0.8152,1.2032,1.4899,5.5006,0.42,0.2045,0.5176,9.0618,78.7507,79.4849,42.8546,11.4466,9.0732,20.9239,132.935,0.067,4.5929,747.512,0.0778,6.6467,13.0372,0.3621,8.8769,0.7214,0.5273,0.8142,0.0648,1.2053,1.3624,0.7792,48.6745,0.0946,0.1016,0.2075,2.4285,10.1946,26.3319,57.6306,17.0213,422.802,25.0576,259.893,39.399,33.387,29.3614,31.6697
Anaerotruncus-colihominis-DSM-17241-MAF-2,0.206,0.808,4.3176,0.7033,0.2191,0.8702,1.0327,0.1217,1.0942,0.9624,0.3807,0.3139,0.2732,0.6414,1.4369,0.9233,0.5515,0.1744,0.0862,2.9668,1.3943,1.4005,1.3869,0.7012,1.0168,0.6299,1.0601,1.5302,1.4606,6.4106,0.765,0.4649,0.9515,1.9537,0.4728,1.7318,1.2316,1.8904,0.2328,1.2729,1.773,1.0514,0.9762,1.2224,0.5195,0.2449,1.7775,1.0659,1.5303,2.6236,1.2896,3.4579,1.1467,3.416,20.9706,17.837,14.9306,18.1031
Bacteroides-caccae-ATCC-43185-MAF-2,0.3992,0.4946,0.1538,0.9448,1.2175,0.4166,9.8247,1.9083,0.9152,0.8956,0.8504,1.0078,0.8123,1.9253,0.5316,0.6746,0.2486,0.2101,1.05,0.6474,1.3825,0.8437,0.514,0.8244,255.847,1.8713,1.2671,0.8215,0.6366,0.0522,0.0413,0.6706,0.8359,238.605,0.8509,0.6956,0.8155,1.202,0.919,0.5633,1.8808,0.4752,0.9856,0.2313,0.0481,0.8137,7.3986,0.8838,0.2888,0.2922,0.9286,28.2857,1.4998,0.6122,17.529,12.9456,13.7774,13.5283
Bacteroides-cellulosilyticus-DSM-14838-MAF-2,37.217,207.34,14.7729,4.89204,653.214,81.1052,22.3008,23.8887,427.009,391.625,4.3882,6.96215,360.907,82.9725,224.255,132.046,52.5695,9.13762,550.78,15.7757,41.2199,120.499,67.5964,238.881,0.669531,134.414,101.364,94.7243,281.643,21.7782,1.40821,194.351,166.521,21.8498,14.6238,214.183,181.725,12.3804,7.17487,118.434,156.897,160.366,304.32,83.2735,6.74389,352.458,106.366,95.1106,50.435,38.3438,230.297,10.895,76.5768,62.8016,0.227972,0.206785,12.3585,13.9067
Bacteroides-coprocola-DSM-17136-MAF-2,0.137409,1.47067,0.379802,0.400009,0.352393,0.986994,2.74888,0.80728,0.380923,0.840908,0.318192,0.42147,0.680291,3.45413,0.312409,0.41226,0.89256,0.0899094,0.332874,0.158328,1.96028,1.30892,1.10187,0.296629,0.949092,0.753094,4.54106,0.626487,1.90058,0.11915,0.0380304,2.02948,3.00081,2.00351,0.476747,1.50021,2.36512,0.535788,0.621915,2.55878,2.1259,0.869502,3.24296,0.551818,0.0156105,0.599949,2.14901,2.75421,0.633282,1.31558,1.82347,0.201393,3.78808,0.956864,17.2123,13.75,11.2223,11.0602
Bacteroides-coprophilus-DSM-18228-MAF-2,0.188002,2.43166,0.495237,0.408613,3.15233,1.50306,3.68132,0.720031,2.17795,2.47608,0.214153,0.481149,2.07033,1.73601,1.06485,0.819066,1.19384,0.114173,2.08691,0.183958,1.00242,1.9684,0.959293,0.62318,1.28076,1.05567,2.71606,0.851093,2.99892,0.141863,0.0318847,2.00983,3.2698,2.39674,0.452468,2.05088,2.57449,0.338256,0.708622,3.0013,1.92937,1.01825,4.51681,0.731443,0.0283361,1.85319,1.79323,1.80364,0.48640099999999997,1.25863,0.938927,0.253493,2.98338,0.64965,19.9224,16.9135,13.4669,12.5156
Bacteroides-dorei-5-1-36-MAF-2,0.176535,37.055,0.361973,1.08075,1.75264,13.3113,4.59625,0.554921,1.96494,2.57323,0.214468,1.09063,1.34967,18.7538,0.701564,0.534375,18.4282,0.229614,1.49551,0.328537,9.77337,21.7185,3.84629,1.31306,0.483849,2.55923,3.4814,0.528792,54.2528,0.174238,0.0614403,2.08511,3.61001,9.96983,1.35353,5.88458,3.18542,0.473686,0.364667,0.934677,23.2888,0.753685,1.65919,8.10533,0.0559008,1.09523,2.90639,18.4661,0.329351,13.4162,8.59005,0.285326,8.34494,0.36872,13.075,9.84159,19.9516,20.2538
Bacteroides-dorei-DSM-17855-MAF-2,0.1094,62.9358,0.4184,1.1333,0.3359,22.3136,6.933,0.7946,1.6147,3.0308,0.2792,1.6485,0.6923,31.6342,0.243,0.245,31.4932,0.2368,0.2685,0.3132,17.1793,36.416,6.6618,1.2361,0.3147,3.8697,5.4403,0.4657,92.0091,0.2382,0.0588,3.4377,6.5864,16.8456,2.2599,9.7522,5.687,0.7607,0.3058,1.133,39.1495,0.6487,1.3539,13.7177,0.0471,0.3983,5.4223,32.2564,0.5237,23.1953,13.9632,0.3659,15.3735,0.6394,20.7096,16.1454,21.2173,21.7416
Bacteroides-eggerthii-DSM-20697-MAF-2,0.1533,1.6939,0.7511,0.2049,1.1234,1.4469,4.6274,0.8421,4.3548,2.5367,6.4085,0.3586,0.645,1.5136,1.658,0.3898,0.9014,0.1114,0.8653,0.2098,79.1745,3.1677,2.6168,0.7915,0.3594,1.5608,3.6714,0.9247,2.2692,0.1476,0.037,2.0932,2.8989,2.6121,2.6782,2.8942,2.2353,15.7737,0.3084,1.379,1.4569,0.8214,1.6856,0.651,0.1233,1.0143,3.8668,87.5155,13.6607,1.789,3.1537,0.2295,9.2993,21.2761,3.4144,3.237,9.6457,10.8975
Bacteroides-finegoldii-DSM-17565-MAF-2,1.42691,0.660101,0.321972,0.772812,1.2837,0.826069,2.61989,7.75071,1.24377,5.34912,3.55465,4.02006,0.914451,206.335,0.845334,1.89223,0.36907,0.322239,1.12886,2.61416,5.37446,2.33368,1.46186,1.8096,1.42331,5.61869,3.55719,2.61575,0.832546,0.0921178,0.0756292,1.01038,1.56765,2.21167,3.42786,1.52193,8.07848,4.98613,3.77851,1.0411300000000001,92.735,0.973091,1.64615,0.311461,0.0789265,1.97425,1.86412,2.90422,0.775137,0.728671,86.2379,0.211846,4.3298,2.01433,1.93579,1.67022,30.4592,32.4467
Bacteroides-fragilis-3-1-12-MAF-2,0.427671,1.87327,23.9324,0.443185,2.57676,11.8246,132.238,1.65824,1.9292,2.32211,0.681649,0.82028,2.24493,1.97268,1.03209,0.902159,0.983792,0.131094,1.98037,0.566816,8.33867,45.0964,3.92494,0.835137,1.9112,1.68646,59.7282,12.5479,2.21865,0.229735,0.0382293,2.66894,4.0707,46.1638,2.44277,2.41005,3.30792,1.19014,0.929423,3.0438,2.06415,1.21809,4.16806,0.712331,0.044167,1.72774,2.92578,3.87576,5.02057,1.51778,1.10895,5.00443,4.75328,1.45942,3.14319,2.90807,16.1207,16.0436
Bacteroides-intestinalis-DSM-17393-MAF-2,2.04087,40.1522,2.68239,0.563577,12.0961,9.75155,40.6214,26.4977,11.4219,39.555,1.62175,3.96377,10.7505,3.82517,12.5703,8.11503,26.6769,0.270054,8.95402,1.7122,8.12857,3.40601,56.2414,8.57015,0.666314,26.1508,8.44755,18.284,37.6762,2.87927,0.0791337,89.6127,166.987,48.4132,13.1413,83.6956,140.1,2.65943,0.815325,82.1487,8.01472,8.72868,84.8143,20.9363,0.145504,18.2453,124.467,48.2934,17.3796,56.0408,10.1702,1.49933,199.122,26.2543,2.21183,2.08395,7.83156,8.85407
Bacteroides-ovatus-ATCC-8483-MAF-2,17.1987,0.3519,1.8294,1.3814,1.3919,5.1756,19.3423,92.7784,5.2199,3.7759,43.1418,49.7006,1.857,49.4179,4.9104,19.7444,0.1877,2.5174,1.9297,31.2277,59.8669,22.5815,12.5768,16.8284,2.3469,59.7696,31.6563,28.6527,0.456,0.1643,0.1266,2.975,6.1651,7.4362,41.7199,5.7406,6.2802,59.6279,45.2594,4.2173,61.4996,8.2201,6.6059,0.5154,0.6173,6.3989,13.847,26.5405,6.7207,3.2025,5.1366,0.3352,39.8683,21.4682,3.0989,2.4683,14.1695,13.9853
Bacteroides-pectinophilus-ATCC-43243-MAF-2,0.0827,0.0328,0.0741,0.1685,0.0136,0.1162,0.062,0.1984,0.0402,0.0357,0.0678,0.1063,0.0674,0.0186,0.0395,0.0629,0.115,0.17,0.0149,0.3185,0.0328,0.0448,0.116,0.0449,0.061,0.0224,0.1092,0.0462,0.0307,0.2163,0.0417,0.033,0.037,0.036,0.2442,0.0595,0.0397,0.0233,0.0615,0.056,0.0197,0.0494,0.0374,0.0283,0.0631,0.026,0.1224,0.0386,0.0819,0.2397,0.0356,0.0764,0.0344,0.0912,2.0073,1.6869,1.4259,1.5785
Bacteroides-plebeius-DSM-17135-MAF-2,0.301563,4.75121,0.814493,0.243186,2.3642,2.05615,7.27809,2.47241,1.89289,4.0067,0.386778,0.663417,1.97561,2.6209,1.67899,1.17631,3.94858,0.0710283,1.5614,0.257852,2.44372,2.29173,4.67667,0.814797,1.31443,2.78059,5.03534,2.28641,4.72512,0.275403,0.0270236,6.64246,13.9321,6.38977,1.42788,7.02872,11.2758,0.689673,0.799362,8.82173,2.44256,1.75127,9.51567,2.02596,0.0266886,2.1979,7.65672,5.77282,1.73327,4.52047,1.52348,0.372991,14.5106,2.62162,4.37834,4.04908,4.5142,4.95768
Bacteroides-rodentium-DSM-26882-MAF-2,0.280678,2.01417,0.396531,0.219202,4.99163,1.1229,3.54399,0.67242,3.42976,3.56329,0.226501,0.32885,2.53866,1.06966,1.64154,0.8924,0.890779,0.0818323,3.19926,0.16461,1.61303,1.40888,0.974277,0.832511,0.575269,1.22418,2.19309,4.87681,2.32305,2.58839,0.0283467,36.337,3.27517,3.97827,0.768132,3.22415,2.85645,0.435021,4.56888,2.29998,1.54973,45.414,4.03457,0.728288,0.0586963,2.53205,2.00588,2.50143,2.8363,1.07447,0.785117,0.162938,3.21786,1.67623,11.4935,10.4738,10.3222,11.1461
Bacteroides-sp-1-1-6-MAF-2,0.625593,2.25625,0.298358,0.446679,4.08566,1.25034,2.31905,2.92594,2.8956,3.02947,1.23875,1.5272,2.20092,5.32093,1.41435,1.28588,1.03307,0.168484,2.75964,0.96535,2.50647,1.98783,1.14226,1.24258,1.41718,2.62143,2.55385,1.45308,2.80319,0.160261,0.0311186,1.923,2.76676,2.38474,1.4125,2.19621,2.56497,1.79689,1.52116,2.00625,4.53533,1.17598,3.39602,0.738398,0.0512276,2.28221,1.96307,2.40746,0.628001,1.10765,2.21979,0.238755,3.5033,1.13612,1.9834,1.76215,13.5916,12.7558
Bacteroides-sp-2-1-16-MAF-2,0.337921,1.82443,1.02908,0.341825,3.22384,1.46884,6.4305,1.48617,2.28173,2.55189,0.608306,0.803701,2.07242,2.37167,1.1837,1.00259,0.877534,0.102495,2.28829,0.436944,2.38398,2.89743,1.22104,0.911173,1.61443,1.58046,78.0509,1.37672,2.19293,0.182128,0.0287327,2.41296,3.49205,3.67358,0.822073,2.20212,2.8184,1.00394,1.01228,2.96682,2.28116,1.38088,4.56292,0.680151,0.0384714,1.97268,2.19454,2.79195,0.851003,1.15606,1.35348,0.400857,3.71228,1.14039,13.5475,10.8605,13.2486,13.6478
Bacteroides-sp-2-1-22-MAF-2,3.34928,1.35074,0.670815,0.493479,3.08117,2.04164,6.0998,18.102,2.91162,2.9183,8.24941,9.64401,2.39108,15.522,1.91855,4.52452,0.630538,0.536383,2.40263,6.01483,12.635,5.34056,3.08222,3.81305,2.25539,12.0295,8.6017,6.02668,1.58103,0.179921,0.044722,2.49167,3.93579,3.3839,8.13904,2.72711,3.37458,11.592,9.26882,4.11714,14.8765,2.75113,6.55173,0.582922,0.1455,3.01326,4.03347,6.9559,1.79093,1.44096,4.07779,0.349567,9.83342,4.83106,8.98011,7.01033,10.154,9.80499
Bacteroides-sp-3-1-19-MAF-2,0.0903161,0.904673,0.862906,1.83428,0.826015,9.78274,9.754,0.950202,0.188987,0.506378,0.156797,4.87634,14.1846,0.709223,1.30762,6.44177,0.65198,0.343393,2.56752,0.210168,3.12788,3.80263,3.80832,0.747731,28.6835,1.45896,7.92917,0.422037,1.26897,0.435562,0.143362,8.54929,11.7307,9.25531,0.552567,1.15576,1.82349,0.483767,13.2838,45.7682,0.663784,9.10998,60.957,0.362017,0.0573215,6.93388,1.61378,5.26776,0.970598,4.36027,1.8639,2.85,2.86069,4.54022,21.5716,19.6372,36.228,40.253
Bacteroides-sp-9-1-42FAA-MAF-2,0.166582,36.659,0.517986,0.926886,2.34344,13.5184,6.03238,0.850119,2.39113,3.39075,0.273897,1.23609,1.9223,19.3149,0.899299,0.751541,18.4105,0.205214,1.55882,0.32865,10.3858,21.4919,4.3997,1.06914,1.31341,2.81514,4.44294,0.77585,53.3699,0.233166,0.0560578,3.48127,5.99124,10.8768,1.52348,6.85993,4.92142,0.623402,0.774355,3.1753,23.2852,1.35028,4.51571,8.14897,0.0458739,1.54911,4.23171,19.6122,0.657527,13.834,8.64528,0.377933,10.6309,0.868646,18.6522,14.5943,19.8678,20.3024
Bacteroides-sp-D2-MAF-2,78.9948,0.4102,8.1152,2.4865,3.4967,22.8993,86.3737,426.379,21.8704,14.9704,198.938,228.948,6.6545,206.703,21.5817,90.3546,0.3181,11.1875,6.3412,141.109,276.882,102.903,56.9637,75.9418,0.8938,272.485,143.527,130.15,0.4929,0.6215,0.3734,12.1427,26.6066,24.513,191.115,25.0556,26.7699,276.368,207.026,18.1453,273.068,36.8744,28.0155,1.8674,2.7741,27.4794,61.9806,121.589,30.4781,14.08,13.8654,0.3247,179.041,98.1821,10.6374,8.427,10.19,10.8016
Bacteroides-stercoris-ATCC-43183-MAF-2,0.1869,1.5229,0.3802,0.4043,1.06,0.872,2.5129,0.9801,0.8663,1.2473,0.441,0.4651,0.8537,4.7236,0.5247,0.5074,0.8461,0.1003,0.8968,0.2634,2.4408,1.4024,1.071,0.5831,0.7281,0.9662,2.9202,0.7638,2.0361,0.1467,0.0326,2.0871,2.6284,1.9511,0.5618,1.5662,2.2699,0.7516,0.5223,1.778,2.8864,1.0754,2.2944,0.5807,0.033,0.8653,2.0135,3.0826,0.7088,1.1961,2.4217,0.1798,3.5954,1.0488,34.4126,30.0988,25.2598,27.5917
Bacteroides-thetaiotaomicron-VPI-5482-MAF-2,0.433931,1.03353,0.191684,0.615503,0.989622,0.569084,1.52967,2.29722,0.811151,1.09414,0.966336,1.11286,0.6935,4.27875,0.534608,0.703392,0.56608,0.159063,0.849824,0.712443,1.81793,1.08682,1.00559,0.773553,1.00069,1.7529,1.86229,0.982304,1.29533,0.083984,0.0292693,1.34363,2.16086,1.82778,1.05098,1.35788,1.99036,1.38485,0.996454,1.19391,3.12298,0.487162,1.55793,0.422792,0.0341797,0.813935,1.84163,1.62076,0.47106,0.875967,1.87671,0.16472,3.34009,0.878688,1.15224,1.02434,16.3034,15.4343
Bacteroides-uniformis-ATCC-8492-MAF-2,0.1207,0.7141,0.1228,0.5116,0.7619,0.4532,1.1272,0.6385,0.6055,0.9213,0.2103,0.3458,0.6643,1.8619,0.3886,0.3604,0.4126,0.0957,0.676,0.1422,0.9353,0.3931,0.8264,0.3984,1.7487,0.6675,1.1288,0.6496,0.8014,0.2092,0.0328,3.2136,2.3759,2.272,0.3332,1.3028,1.9951,0.3498,0.5293,1.5902,1.1519,2.6246,1.9761,0.3554,0.0277,0.652,1.7816,1.431,0.5309,1.9248,1.1361,0.2426,2.8513,0.6999,2.5108,2.253,19.4092,20.3293
Bacteroides-vulgatus-ATCC-8482,0.0967,5.0924,0.0493,0.4525,0.9085,1.844,0.5753,0.2814,0.7402,0.7943,0.1897,0.2495,0.5575,2.8504,0.3369,0.2445,2.53,0.1224,0.7611,0.1132,2.1754,2.926,0.6249,0.4564,0.7152,0.6023,0.629,0.2347,8.4656,0.051,0.0425,0.5704,0.7298,1.9295,0.2977,1.0266,0.6912,0.3273,0.1478,0.2462,3.5268,0.3299,0.5323,1.1478,0.0279,0.5269,0.6146,3.4212,0.2469,1.8411,1.4865,0.1153,4.5764,0.3665,3.7703,3.232,10.8424,11.0799
Bacteroides-xylanisolvens-DSMZ-18836-MAF-2,3.3759,0.3824,0.4266,0.3077,1.0088,1.1708,4.1337,18.6254,1.5403,1.3403,8.5905,9.6948,0.8151,14.6449,1.2477,4.1223,0.1539,0.5099,1.0166,6.1745,12.3786,4.7134,2.6133,3.6035,1.0363,11.9321,7.0587,5.8187,0.5168,0.084,0.0349,0.9579,1.6302,2.1708,8.2551,1.4927,1.7689,11.9853,8.8805,1.1377,14.3542,1.8023,1.8964,0.2269,0.1332,1.7037,3.0304,5.7489,1.4662,0.7708,3.4086,0.1544,8.323,4.4057,5.6543,4.302,6.9839,6.7112
Bifidobacterium-breve-DSM-20213-MAF-2,0.0255,0.0011,8e-4,0.7031,0.0052,0.1379,0.0051,0.0482,0.0107,0.0107,0.0538,0.0761,0.0766,0.0035,0.0035,0.0111,0.1416,0.3302,0.0035,0.0801,0.0011,0.0024,0.0579,0.0298,0.0024,0.0034,0.0021,0.0111,0.0017,0,0.064,2e-4,0.0069,1e-4,1.1698,1e-4,3e-4,0.0071,0.0139,0.0084,7e-4,0.0018,0.0015,0.0222,0.0343,1e-4,0,2e-4,0,0.0353,0.0554,1e-4,1e-4,1e-4,4.2623,4.718,2.8376,3.5702
Bifidobacterium-catenulatum-DSM-16992-MAF-2,0.0108,0.0024,0.0014,0.5565,0.0072,0.2524,0.0101,0.1984,0.0144,0.0235,0.0131,0.1301,0.0668,0.002,0.0026,0.0063,0.0439,0.0749,0.004,0.0013,7e-4,0.0021,0.9107,6e-4,0.0024,0.0049,0.0015,0.0047,6e-4,0,0.0275,3e-4,0.0221,0.0014,15.6406,6e-4,0.0015,0.0115,0.0114,0.0076,3e-4,0.0015,1e-4,0.005,0.0022,5e-4,1e-4,0,3e-4,0.6401,0.0389,4e-4,2e-4,0,8.1829,9.1353,5.439,6.6406
Bifidobacterium-pseudocatenulatum-DSM-20438-MAF-2,0.0183,0.0087,0.0084,1.3748,0.0059,0.4319,0.018,0.0292,0.0264,0.029,0.0286,0.6036,0.1764,0.0024,0.0028,0.0101,0.0929,0.1665,0.0046,0.0139,0.0013,0.0056,11.8857,0.0074,0.0071,0.0101,0.0082,0.023,0.0104,0.0052,0.0628,0.0013,0.185,0.0241,1.1144,0.0019,0.0041,0.1354,0.0454,0.0311,0.0024,0.0029,0.0027,0.0304,0.0093,0.001,0.0028,0.0045,0.0021,8.5302,0.5291,0.002,7e-4,0.005,3.9809,4.6386,2.6546,3.3074
Bilophila-wadsworthia-ATCC-49260-MAF-3,0.00443823,0.0595291,0.00265671,0.162436,0.0199026,0.155732,0.120521,0.174915,0.0217457,0.0222667,0.0142396,0.0458641,0.0621465,0.00465584,0.0146671,0.00677127,0.0669574,0.0415525,0.00402291,0.00145492,0.0350347,0.0210717,0.00694316,0.0403724,0.0215862,0.640409,0.104894,0.253223,0.0682552,0.0083161,0.65085,0.0584826,0.144403,0.218368,0.0069424,0.0287094,0.0184861,0.170118,0.114224,0.0729769,0.0341656,0.024805,0.0324269,0.208122,0.177986,0.0383023,0.017839,0.102239,0.0117157,0.123437,0.0642652,0.0113369,0.052611,0.0384644,3.26639,2.74704,2.23957,2.84375
Blautia-hansenii-DSM-20583-MAF-2,0.5173,0.5257,0.6037,0.5659,0.0682,0.8609,0.2193,0.2178,0.6681,0.5474,0.4371,0.6298,0.2879,0.1354,1.1644,0.9097,0.8152,0.9699,0.0723,1.4775,0.5088,0.7958,0.9782,0.4807,0.7565,0.1585,0.2724,0.2476,0.4879,0.8322,0.2053,0.1703,0.2632,0.2677,0.5661,0.7644,0.532,0.1356,0.4047,0.3723,0.1616,0.7973,0.1506,0.1759,0.4269,0.1642,0.6251,0.2511,1.0204,1.5486,0.7974,0.7102,0.1494,0.5965,0.9841,0.8656,0.6659,0.7321
Blautia-hydrogenotrophica-DSM-10507-MAF-2,0.467906,0.166168,0.116048,0.4694,0.0474642,0.485384,0.15503,0.0716531,0.266276,0.197894,0.384021,0.491364,0.220695,0.0943282,0.294826,0.404422,0.486793,0.787003,0.0477726,0.285737,0.171002,0.176191,0.283723,0.107534,0.243091,0.0646214,0.103507,0.188229,0.15722,0.1618,0.160742,0.117001,0.14694,0.161926,0.281472,0.335802,0.219667,0.0974287,0.352477,0.306272,0.0945388,0.294846,0.0680099,0.109055,0.36565,0.128755,0.231895,0.124754,0.300955,0.483732,0.13632,0.280258,0.0871602,0.221082,0.278836,0.264678,0.193367,0.223227
Blautia-sp-KLE-1732-HM-1032-MAF-2,0.4519,0.4069,0.5742,0.4857,0.0559,0.7219,0.2381,1.1852,0.5358,0.4367,0.3851,0.572,0.2637,0.1154,0.9195,0.7404,0.6628,0.8515,0.0697,2.0398,0.4191,0.5825,0.9925,0.3714,0.6518,0.1249,0.6526,0.216,0.3916,1.2205,0.1655,0.1327,0.2188,0.2531,1.5114,0.621,0.4178,0.1173,0.3515,0.3294,0.1417,0.6351,0.1651,0.1413,0.3471,0.1448,0.7838,0.214,0.796,1.8215,0.5956,0.5939,0.1161,0.6471,1.2959,1.1876,0.8485,0.7924
Blautia-wexlerae-DSM-19850-MAF-2,0.3829,1.1485,2.7085,0.4157,0.1093,1.1108,0.2612,0.4038,1.0719,0.8904,0.3223,0.5654,0.2635,0.1447,2.2567,1.4738,0.9635,0.6903,0.1076,3.08,1.1943,1.7667,2.0634,1.0596,1.55,0.4741,1.0094,0.2306,1.0823,3.573,0.1637,0.3985,0.4549,0.257,0.922,1.3291,0.9799,0.1486,0.3069,0.3598,0.2502,1.4615,0.3801,0.3288,0.3201,0.2424,1.2477,0.7207,2.0339,3.1921,1.6891,2.3052,0.4348,1.8854,1.0354,0.9755,0.7323,0.8468
Bryantella-formatexigens-DSM-14469-MAF-2,0.1586,9.4237,1.2871,0.3677,29.5563,3.2553,0.1961,0.0849,1.1067,0.5681,0.1798,2.0721,112.285,1.5717,1.4331,1.368,4.9464,0.4211,107.538,11.4763,1.05,14.5533,162.534,2.7331,274.525,0.9651,3.6944,0.1188,14.0523,2.3931,0.0712,36.5968,1.1362,0.2404,84.3257,6.8478,2.0646,0.5667,0.1138,34.9198,2.3563,1.7921,0.5995,0.6164,0.1326,39.8378,7.6246,0.8717,2.3718,33.9047,2.0404,19.3644,1.5358,0.4136,1.0116,0.9919,0.7025,0.8389
Burkholderiales-bacterium-1-1-47-MAF-2,0.0021,0.0012,0.4984,0.0086,9e-4,0.0039,9e-4,2e-4,8e-4,2e-4,6e-4,0.0014,0.0011,2e-4,9e-4,0.0016,0.0041,0.0058,0.0011,6e-4,0.0025,0.0028,0.0018,3e-4,0.0011,0.0708,7.2599,0.0025,0.0029,2.5316,0.0234,0.001,6e-4,8e-4,0.0836,0.0011,9e-4,0.002,0.0015,0.0065,6e-4,4e-4,0.1597,0.0012,0.0026,1e-4,2e-4,2.1263,0.4868,0.0013,6e-4,0.3786,0.0508,4.506,0.4466,0.4408,0.3082,0.3473
Butyricimonas-virosa-DSM-23226-MAF-2,0.0274,0.0135,0.0027,1.1894,0.0056,0.0766,0.4529,0.0045,0.0086,0.014,0.0229,0.053900000000000003,0.0772,0.0772,0.0053,0.0104,0.1307,0.1494,0.0032,0.0012,0.0051,0.0057,0.0032,0.0017,0.0086,0.0043,0.0069,0.033,0.0752,0.0043,0.0878,0.0163,0.0115,0.2363,0.0045,0.0028,0.008,0.0113,0.0177,0.0236,0.0447,0.0063,0.0129,0.0367,0.0349,0.0072,0.0071,0.0043,0.0128,0.0071,0.0347,0.0107,0.0116,0.012,24.422,19.7211,18.3426,19.8769
Butyrivibrio-crossotus-DSM-2876-MAF-2,0.2452,0.2067,0.1727,0.2815,0.029,0.3765,0.1221,0.7166,0.2622,0.2084,0.209,0.3159,0.1171,0.0569,0.4292,0.3662,0.344,0.4526,0.0231,1.2445,0.1918,0.2865,0.6385,0.1913,0.2615,0.0765,0.3804,0.1141,0.2048,0.8662,0.1018,0.0932,0.1351,0.1158,0.9259,0.3305,0.2213,0.0733,0.1866,0.1611,0.0791,0.3206,0.0995,0.0942,0.198,0.0789,0.5817,0.1615,0.3833,1.468,0.2929,0.2453,0.0937,0.3618,0.6015,0.5496,0.4274,0.4599
Catenibacterium-mitsuokai-DSM-15897-MAF-2,0.0053,0.0026,0.0079,0.0089,0.0014,0.007,0.0026,0.0017,0.0022,0.0027,0.0047,0.0053,0.0031,0.0011,0.0021,0.0034,0.0093,0.0128,0.002,0.0041,0.0025,0.0028,0.0057,0.1149,0.0029,0.0015,0.0029,0.0035,0.003,0.0129,0.0045,0.0032,0.0013,0.0013,0.0041,0.0026,0.0044,0.0011,0.0052,0.0037,0.0023,0.0051,8e-4,0.0021,0.0052,6e-4,0.0038,0.0031,0.0046,0.006,0.002,0.0059,0.0018,0.0063,2.01,1.5203,0.9035,0.8184
Clostridiales-bacterium-VE202-03,0.0298359,1.3825,0.848883,0.190347,0.104026,0.528827,10.4977,0.229319,0.59329,0.502631,0.0157223,0.119011,0.0474002,0.0450404,1.21588,0.910128,0.54764,0.0403924,0.0543353,1.73697,0.726108,0.997496,1.04655,0.683136,0.959671,0.826415,0.875792,0.0760065,1.10903,0.93744,0.0652431,1.15397,1.04266,16.9574,0.553305,1.04411,0.832836,0.111794,0.036126,0.15435,0.894223,0.934091,0.150018,0.357596,0.0411798,0.292292,0.792939,0.892256,1.67861,1.43918,1.16383,1.23483,1.23984,1.87381,9.31495,8.70868,6.37012,7.85618
Clostridiales-bacterium-VE202-14-MAF-2,0.4511,1.1216,6.3182,2.984,0.0855,1.5286,1.3899,0.6369,1.1334,0.9797,0.3982,0.7655,0.4755,0.1519,2.3408,1.5257,1.2208,1.0957,0.0702,3.1677,1.6018,2.1522,2.3106,1.0864,1.4312,0.8459,1.6817,0.3012,2.0155,8.3767,0.327,0.3318,0.5573,0.8347,1.9877,1.2951,0.9568,0.2195,0.3152,0.3383,0.3482,1.4485,0.6685,0.3695,0.3434,0.1581,1.3077,0.9739,1.8704,3.7777,1.7889,4.5412,1.1829,3.5801,19.8603,18.7732,13.8646,15.4531
Clostridiales-bacterium-VE202-27-MAF-3,2.37464,92.2478,3.5182,0.856465,0.697691,77.302,3.2617,0.606269,99.8377,84.2303,1.59485,14.4941,1.93218,5.84523,232.373,129.346,58.6699,1.37875,0.462689,284.343,74.312,132.501,148.828,90.5882,123.002,18.3086,3.57283,4.11025,89.3433,3.76221,0.217858,5.31309,20.8255,7.01731,21.582,103.142,77.6354,5.0553,0.272508,0.542461,14.1678,131.499,5.4575,12.0652,0.283729,2.86123,87.4995,28.2094,126.006,232.124,146.812,27.8414,3.36113,48.2305,8.97111,8.30478,6.30018,6.96928
Clostridium-asparagiforme-DSM-15981-MAF-2,4.2831,19.4639,0.3185,14.4706,11.8925,15.9527,50.5211,0.2382,9.5667,8.1143,5.9618,8.7449,8.5918,6.308,6.7257,15.6663,59.1768,24.4945,0.0419,0.1394,4.597,93.3925,13.6246,25.7404,0.1507,2.1358,0.4521,13.9051,0.1421,1.2789,20.6583,16.405,14.4685,76.3472,17.5662,4.5163,4.7673,6.4887,13.0026,1.3399,6.6474,0.6363,7.4284,14.8577,34.9872,1.3671,0.6131,4.2988,106.926,20.0374,53.1452,0.36,13.5822,9.3874,30.8811,29.8537,20.2981,26.9173
Clostridium-bartlettii-DSM-16795-MAF-2,0.0088,0.0152,0.0157,0.0103,0.0014,0.0188,0.0041,0.0188,0.0168,0.0123,0.008,0.012,0.0053,0.0021,0.0307,0.0208,0.0205,0.0222,0.0028,0.0533,0.0115,0.0206,0.0287,0.0137,0.0173,0.0039,0.0131,0.0067,0.0148,0.0238,0.0113,0.0049,0.0056,0.0032,0.0258,0.0155,0.0114,0.003,0.0102,0.0064,0.004,0.0206,0.0034,0.0052,0.0091,0.0019,0.0174,0.0075,0.0232,0.042,0.0189,0.0175,0.0065,0.0189,0.5808,0.4032,0.245,0.2316
Clostridium-bolteae-ATCC-BAA-613-MAF-2,0.40542,3.09134,1.56739,2.19448,0.971232,2.05728,3.03028,0.443741,1.97589,1.70452,0.306718,0.641482,0.249526,0.319699,3.93164,2.54371,1.64001,0.603887,0.0988598,5.17941,2.13572,6.69702,3.31615,20.1501,2.54036,1.57482,1.25923,0.485748,2.04503,4.80145,0.245956,4.58303,0.703243,2.28608,23.436,3.21073,2.03558,0.170089,0.220003,0.338559,0.643116,2.60496,0.504785,0.661219,0.247612,1.38522,8.19407,3.60329,139.308,4.53872,37.278,1.99472,2.80632,3.31846,23.2077,22.8722,15.791,19.1148
Clostridium-hathewayi-DSM-13479-MAF-2,0.9751,117.622,223.087,1.3951,25.6229,6.0902,17.7453,74.0176,6.9756,6.5271,0.7413,5.3593,2.7593,2.8773,2.6087,16.2224,14.1263,2.0367,16.2423,53.1127,104.369,93.38,93.4424,37.2747,74.6823,123.508,241.82,12.0365,104.306,155.384,13.081,134.795,60.8708,33.4614,90.9321,103.735,80.4255,6.3494,10.6712,46.7296,23.4132,66.6306,28.5182,86.7544,7.6254,54.4818,73.5879,203.915,57.4856,51.1229,24.359,257.645,151.964,203.905,2.7191,2.8141,1.8171,2.1003
Clostridium-hylemonae-DSM-15053-MAF-2,0.1569,0.1142,0.2438,0.3927,0.0311,0.1871,0.4356,0.3861,0.076,0.0574,0.1402,0.1802,0.0942,0.0375,0.0487,0.1186,0.2025,0.3031,0.0249,0.1915,0.1139,0.1081,0.1978,0.0502,0.1499,0.1003,0.2896,0.0757,0.105,0.3666,0.0771,0.2761,0.0917,0.291,0.3353,0.162,0.1063,0.041,0.1261,0.1295,0.041,0.1145,0.0566,0.0887,0.1325,0.071,0.182,0.1892,0.132,0.3187,0.1339,0.3096,0.1629,0.6142,6.9926,6.6665,4.9447,5.6017
Clostridium-leptum-DSM-753-MAF-2,0.0111,0.3637,0.4262,0.0309,0.0038,0.4569,0.0631,0.044,0.3947,0.337,0.009,0.1881,0.0292,0.0294,0.9165,0.5002,0.2593,0.0108,0.0093,1.1303,0.3361,0.5631,3.2297,0.3641,0.4815,0.088,0.1101,0.0236,0.3699,0.536,0.0088,0.0255,1.2784,0.1478,0.1401,0.4098,0.3035,0.0598,0.0035,0.0086,0.0659,0.5066,0.0594,0.0595,0.0053,0.0107,0.346,0.1151,0.5934,3.0074,0.6182,0.3753,0.033,0.351,2.5689,2.3625,1.907,2.2051
Clostridium-methylpentosum-DSM-5476,0.00175912,26.9372,0.094105,0.0855692,0.00353438,0.0101923,0.054737,2.81745,0.00213509,0.0015359,0.00141935,0.0123551,0.0060365,7.99434,0.00247753,0.00208482,38.8073,0.00896358,0.00744475,0.180822,0.00285517,0.00536626,0.170419,0.0463855,0.00195494,0.298468,0.100488,0.00396707,41.2505,0.0536329,0.00334264,0.00814426,0.00574401,2.59288,0.300231,0.0331046,0.00176388,0.00530635,0.00217826,0.00607984,10.2196,0.00304246,0.00534895,24.8409,0.00331659,0.00159451,0.0486883,0.00522036,0.0167934,0.13309000000000001,1.12316,0.0141707,0.99963,0.0596715,0.932382,0.885984,0.618714,0.758777
Clostridium-nexile-DSM-1787-MAF-2,0.169268,1.2814,6.71666,0.244892,0.102205,1.10337,0.361556,0.806118,1.08805,0.934622,0.148657,0.489158,0.154875,0.119776,2.4286,1.4987,0.806388,0.28636,0.0965172,3.96564,1.73774,2.33754,3.19041,1.19196,1.62329,0.661614,2.04966,0.140552,1.22032,10.3362,0.0908366,0.46518,0.576241,0.454939,1.44066,1.3810500000000001,1.03375,0.148221,0.136658,0.244052,0.260626,1.54485,0.829378,0.339249,0.15858,0.201685,1.929,0.975683,2.03087,5.64707,1.86146,4.87971,0.648273,3.78192,2.84153,2.4708,2.03788,2.22702
Clostridium-saccharolyticum-WM1-MAF-2,605.73,33.8615,4.8414,616.937,38.3506,506.856,70.5491,40.2829,211.128,150.163,493.511,586.562,234.85,114.536,114.382,342.743,468.044,900.828,34.8538,10.5746,79.516,25.7145,56.3276,1.3848,54.7596,8.923,10.7141,196.725,30.3855,6.6749,151.152,62.28,118.273,30.3944,228.586,251.171,153.748,117.901,400.515,352.182,74.679,206.149,45.003,82.5969,453.308,129.361,133.026,44.2731,139.486,207.318,2.8993,151.577,30.0746,90.6302,8.156,7.9548,5.3987,6.1844
Clostridium-scindens-ATCC-35704-MAF-2,0.122907,0.513816,1.37723,0.303996,0.033056,0.534966,14.2755,0.425989,0.487313,0.426356,0.0895013,0.233295,0.112078,0.0558257,1.06398,0.66533,0.430891,0.221788,0.0290613,2.13236,0.545656,0.834589,0.912585,0.560554,0.643943,0.216668,0.479262,0.0810747,0.488871,1.85025,0.0647102,0.151154,0.193624,39.7299,0.628039,0.584413,0.424337,0.0665355,0.0793943,0.097941,0.103079,0.642527,0.172551,0.128994,0.0868253,0.0691973,0.75918,0.338434,1.50948,1.44344,1.31505,1.24496,0.191634,0.986534,53.7782,47.0335,39.7476,44.6572
Clostridium-sp-ATCC-29733-VPI-C48-50-MAF-2,0.0097732200000000009,0.163708,0.0345295,0.0780969,0.0124244,0.14041,1.28691,0.026275,0.17117,0.144833,0.00659156,0.0366264,0.0151674,0.0161377,0.373552,0.218301,0.140109,0.0125158,0.00805191,0.503855,0.209912,0.235621,0.281343,0.15346,0.213159,0.099899,0.0458641,0.015388,0.192252,0.0864198,0.014592,0.132835,0.0420452,2.46991,0.0583962,0.417564,0.33083,0.0214022,0.00453987,0.00878593,0.0519568,0.234041,0.019666199999999998,0.0439269,0.00707914,0.270774,0.189323,0.208779,0.206569,0.453088,0.319427,0.180298,0.349034,0.15281,0.498432,0.499586,0.373367,0.401119
Clostridium-sp-L2-50-MAF-3,0.1628,0.1234,0.4331,0.1841,0.0211,0.2158,0.0626,0.1261,0.1463,0.1166,0.1363,0.1745,0.0714,0.0396,0.2089,0.2062,0.2165,0.2869,0.0167,0.3618,0.1518,0.1996,0.239,0.1029,0.1616,0.063,0.183,0.075,0.1133,0.6625,0.0669,0.0737,0.083,0.0415,0.2276,0.1809,0.1245,0.0411,0.1202,0.1094,0.0474,0.179,0.0727,0.0554,0.118,0.0578,0.1851,0.1089,0.1955,0.421,0.1562,0.413,0.0823,0.2971,0.1748,0.1706,0.1237,0.1409
Clostridium-sp-M62-1-MAF-2,0.581696,1.40395,5.19464,0.877605,0.124072,1.36421,0.306891,0.609621,1.15747,0.963205,0.508496,0.790354,0.300559,0.215377,2.25906,1.59269,1.33556,1.03939,0.0905063,3.29219,1.56216,2.08344,2.35846,1.10705,1.50244,0.649275,1.72841,0.304762,1.39207,6.69963,0.242909,0.500226,0.576089,0.372541,1.16746,1.46589,1.06179,0.212078,0.425659,0.466184,0.340147,1.53751,0.582373,0.536422,0.474747,0.294161,1.41551,0.913899,2.10795,3.68804,1.74799,3.95546,0.65743,3.07959,30.4197,28.8621,21.7671,25.6215
Clostridium-spiroforme-DSM-1552-MAF-2,0.0054,0.0065,0.0073,0.055,5e-4,0.0105,0.0022,0.0012,0.0064,0.0061,0.0043,0.0045,0.0072,0.0012,0.011,0.0086,0.0175,0.0289,0.0013,0.0149,0.0052,0.0085,0.0106,0.0045,0.0079,0.0023,0.0028,0.0045,0.0066,0.0119,0.0054,0.0037,0.0027,0.0016,0.0052,0.006,0.0062,0.0013,0.0048,0.0027,0.0029,0.0091,8e-4,0.0025,0.0051,6e-4,0.0074,0.004,0.0092,0.0145,0.008,0.007,0.0027,0.0085,0.7135,0.5388,0.4922,0.5982
Clostridium-sporogenes-ATCC-15579-MAF-2,5e-4,6e-4,0.0024,0.0011,7e-4,8e-4,3e-4,6e-4,0.0016,0.0011,9e-4,0.001,0.0014,1e-4,3e-4,0.0014,0.0023,0.003,1e-4,0.0012,0.001,4e-4,0.0015,4e-4,8e-4,3e-4,8e-4,0.0014,0.0019,0.0053,0.0042,8e-4,2e-4,1e-4,6e-4,0.0011,4e-4,0.0011,0.0019,0.0013,4e-4,9e-4,2e-4,5e-4,9e-4,3e-4,5e-4,0.0012,0.0012,9e-4,7e-4,0.0022,0.0022,0.0014,0.0011,0.0017,0.0015,3e-4
Collinsella-aerofaciens-ATCC-25986-MAF-2,0.00337434,6.93413e-4,9.17372e-4,0.0806935,9.92218e-4,0.0221153,0.00241755,0.013068,0.0023207,0.00134893,0.00311737,0.00645715,0.00664705,0,1.98118e-4,0.00234046,0.0066894,0.0159105,2.97177e-4,0.0117028,1.98118e-4,5.94354e-4,0.00138683,3.96236e-4,9.95729e-4,8.91531e-4,0.00647176,0.00277365,7.92472e-4,0.0013734,0.00830565,0,0.00138683,0.00157188,0.0144746,2.97177e-4,4.95295e-4,0.0021793,0.00138683,0.00148588,4.25588e-4,3.96236e-4,3.52696e-4,0.0021793,0.00138683,0.00108965,0.00633905,3.96236e-4,0.00228223,3.85631e-4,0.0386276,2.97177e-4,2.97177e-4,0.00291835,3.82391,3.91993,2.53347,3.03366
Collinsella-stercoris-DSM-13279-MAF-2,3e-4,4e-4,2e-4,0.003,3e-4,8e-4,6e-4,2e-4,2e-4,1e-4,2e-4,7e-4,2e-4,0,1e-4,9e-4,6e-4,0.0037,0,1e-4,1e-4,3e-4,7e-4,1e-4,4e-4,3e-4,0,0.0014,3e-4,8e-4,0.0015,2e-4,3e-4,4e-4,5e-4,3e-4,3e-4,3e-4,3e-4,2e-4,1e-4,1e-4,1e-4,4e-4,7e-4,1e-4,0,2e-4,7e-4,0,5e-4,1e-4,1e-4,5e-4,0.0368,0.0469,0.0251,0.0256
Coprococcus-comes-ATCC-27758-MAF-2,0.2051,0.5113,4.8989,0.3051,0.0603,0.4314,4.0497,56.9496,0.2552,0.2101,0.1888,0.3653,0.1294,0.0914,0.4271,0.3681,0.534,0.375,0.063,44.4065,0.5664,0.9422,0.9503,0.4347,0.4,0.5792,24.9196,0.115,0.5406,4.6436,0.1029,0.2733,0.2624,4.9388,56.8031,0.4226,0.3053,0.0931,0.1696,0.2114,0.7495,0.3971,0.4413,0.2808,0.1743,0.1923,7.1737,0.442,4.1799,2.8071,1.0175,1.89,0.3877,7.8959,8.9765,7.8548,6.6164,7.3709
Coprococcus-eutactus-ATCC-27759-MAF-2,0.2121,1.0187,5.4995,0.2501,0.0482,1.0625,0.1834,0.3365,1.0974,0.9329,0.1768,0.3908,0.1162,0.113,2.453,1.4928,0.8013,0.3519,0.0303,3.4102,1.4559,2.0961,2.2116,1.0961,1.4165,0.4244,1.3177,0.1339,1.0174,7.3545,0.0876,0.1923,0.4034,0.247,0.7405,1.2238,0.8947,0.1247,0.1479,0.1514,0.2091,1.4336,0.5709,0.1858,0.1727,0.1013,1.2335,0.5153,1.8157,3.6449,1.8029,3.9095,0.3316,2.9235,4.4087,3.5468,3.9619,3.783
Desulfovibrio-piger-ATCC-29098-MAF-2,0.0022,124.419,1.4193,100.262,36.7765,26.5704,88.8215,0.0059,4.8314,18.9851,9.8599,6.8729,14.1136,1.2657,27.4459,0.105,86.6487,1.9893,8.1871,0.0026,72.1275,31.6,1.6481,58.3496,50.4432,34.8836,0.7651,561.461,149.288,15.6667,1319.01,120.135,316.043,158.083,0.7125,59.2783,44.7964,447.168,245.156,178.895,75.9298,67.9215,77.4933,489.897,420.541,80.6056,39.8708,131.321,4.4784,0.6895,63.4106,0.0812,93.3706,1.2063,2.0099,1.8085,1.4161,1.7756
Dorea-formicigenerans-ATCC-27755-MAF-2,0.34,0.9667,6.2037,0.3998,0.0799,1.0246,0.3869,2.6536,0.9235,0.7811,0.2875,0.5315,0.1793,0.1336,1.8973,1.2786,0.7928,0.5752,0.0597,4.5535,1.4691,1.9404,2.1713,0.9473,1.2275,0.5502,2.6923,0.191,0.9546,8.4381,0.1362,0.369,0.474,0.522,3.0866,1.1504,0.8315,0.1506,0.2591,0.295,0.2395,1.2358,0.6676,0.2829,0.3088,0.1784,1.5552,0.7345,1.7905,3.7559,1.5014,4.4025,0.539,3.6459,4.5877,3.665,3.2781,3.3557
Dorea-longicatena-DSM-13814-MAF-2,0.3298,0.5717,0.8976,0.3741,0.0618,0.6412,0.2596,0.5686,0.5382,0.4511,0.2838,0.4169,0.1602,0.0997,1.0102,0.7379,0.5748,0.5783,0.0582,1.6815,0.578,0.7789,1.0164,0.4681,0.6858,0.2925,0.711,0.168,0.5608,1.2908,0.1322,0.2879,0.2744,0.3178,0.8545,0.7413,0.5299,0.1035,0.2561,0.2737,0.1416,0.7355,0.1945,0.2238,0.2671,0.1609,0.7724,0.5051,0.8302,1.65,0.7157,0.9532,0.3128,0.8708,1.1716,1.1143,0.8536,0.8975
Eggerthella-lenta-DSM-2243-MAF-2,6.35413,1.27,1.23914,7.03058,4.47864,3.99767,6.98099,1.13395,4.13833,3.83151,5.45886,3.72509,2.63387,1.67994,2.02545,5.94216,1.62507,49.8631,6.58309,0.214555,0.438616,0.481904,0.58896,0.548215,0.617195,2.3774,1.3188,10.3185,1.73997,4.8793,11.8211,2.13143,5.02267,10.6366,0.712095,3.15993,3.87027,6.61952,3.05195,1.66161,1.1561,1.08155,3.2076,1.91818,13.5446,2.19649,0.867648,1.22543,2.75057,1.27279,0.410038,0.447765,4.6152,0.545994,0.593977,0.518642,0.545174,0.570673
Enterococcus-faecium-NCTC7171,0.00668056,0.00445748,0.00636286,0.424521,0.00310589,0.0374592,0.036526,0.00296015,0.00495021,0.00595142,0.0151297,0.0178441,0.0127347,0.00166088,0.003271,0.00453279,0.0234414,0.0829947,0.00256068,0.0018968,0.00265552,0.00407812,0.00631513,0.00199164,0.0028452,0.00313502,0.00341424,0.00517705,0.00369876,0.00787171,0.0525235,0.0033194,0.00267007,0.0112062,0.0037936,0.002371,0.0015174400000000001,0.00208648,0.0340831,0.00411222,0.00208648,0.0037936,0.0014226,0.00306021,0.00795795,9.48399e-4,0.0037936,0.00577981,0.00540588,0.00588008,0.00218132,0.00455232,0.0037936,0.00483684,5.0632,4.23525,3.60271,4.03721
Ethanoligens-harbinense-YUAN-3,0.004,7e-4,8e-4,0.0835,3e-4,0.0216,9e-4,0.0025,9e-4,0.0015,0.0024,0.0063,0.0042,7e-4,3e-4,7e-4,0.0055,0.0084,5e-4,0.0011,3e-4,7e-4,9e-4,3e-4,2e-4,0.0021,6e-4,0.0011,0.0016,7e-4,7e-4,0.0014,5e-4,7e-4,7e-4,4e-4,2e-4,4e-4,7e-4,5e-4,2e-4,8e-4,4e-4,0.0018,0.0012,1e-4,4e-4,5e-4,5e-4,0.0014,6e-4,0.0011,4e-4,6e-4,1.2539,1.4724,0.9777,1.2147
Eubacterium-biforme-DSM-3989-MAF-2,0.00379833,0.0157366,0.00497993,0.00826668,0.00318715,0.018443,0.00637431,0.0172305,0.016035399999999998,0.0144502,0.00258956,0.00537832,0.0118863,0.00129478,0.0343558,0.0226089,0.0158794,0.00776868,0.00866507,0.0616515,0.0122506,0.0218121,0.0393414,0.0152386,0.0413334,0.00258956,0.00826668,0.00278876,0.0177285,0.0067727,0.00149398,0.00527872,0.00458153,0.00328675,0.02729,0.0158362,0.0143422,0.00199197,0.00199197,0.00308755,0.00348595,0.0216129,0.0021084,0.00199197,0.00236584,0.0048803300000000004,0.0186249,0.00547792,0.0214137,0.0483053,0.0235053,0.00926266,0.00139438,0.0104578,1.8134,1.2016,0.867419,0.848172
Eubacterium-dolichum-DSM-3991,0.0195852,0.92115,0.898428,0.030019,0.0410321,0.666773,0.129204,0.168099,0.861864,0.743204,0.0142078,0.138604,0.0323949,0.0544494,2.0045,1.11093,0.523168,0.0147295,0.0415549,2.59102,0.838973,1.31052,1.45194,0.829889,1.16387,0.342176,0.476959,0.0563792,0.898539,0.975224,0.0192134,0.234485,0.268551,0.273093,0.388238,1.01027,0.771356,0.0597691,0.014821,0.071824,0.153458,1.20653,0.139448,0.207314,0.0125912,0.0962601,0.855079,0.513352,1.26511,2.11847,1.38047,0.953427,0.271138,0.901612,0.791196,0.710371,0.558907,0.622752
Eubacterium-eligens-ATCC-27750-MAF-2,0.571146,0.0908366,0.127725,2.50713,0.0569314,0.763258,0.160781,2.05335,0.218992,0.175737,0.498938,0.671771,0.550062,0.104456,0.132914,0.333974,0.952227,1.47812,0.0644322,27.6712,0.115444,0.0984966,0.196477,0.0613666,0.199555,0.18967,0.160372,0.291615,0.0827809,0.150603,0.408155,0.106045,0.150183,0.062458,0.424298,0.25471,0.162889,0.161831,0.397539,0.372664,0.0883104,0.204307,0.0931167,0.202998,0.491067,0.132731,4.56731,0.0946684,0.246113,0.30759,0.0644967,0.25317,0.0753544,0.17781,2.64171,1.99123,1.68472,1.71282
Eubacterium-hallii-DSM-3353-MAF-2,0.10413,0.0430266,0.284335,0.121784,0.0192557,0.113557,0.0747527,0.254824,0.0501259,0.0414462,0.0891071,0.108459,0.0580533,0.0256022,0.049415,0.0825129,0.124379,0.206614,0.0236405,0.265928,0.0682282,0.0878073,0.117925,0.0409453,0.0815149,0.037672,0.180228,0.0571452,0.0393748,0.402334,0.0522402,0.0524054,0.0475606,0.0490031,0.311082,0.0775835,0.051816,0.0233689,0.0815695,0.0714582,0.0292474,0.0672151,0.0557361,0.033539,0.0786964,0.0363745,0.11145,0.0558491,0.13756,0.203537,0.0565539,0.232333,0.0541332,0.177898,0.14443,0.1302,0.106487,0.113047
Eubacterium-rectale-ATCC-33656-MAF-3,0.156773,0.150361,0.131441,0.186074,0.0255013,0.229672,0.099579,0.21677,0.156352,0.12979,0.145499,0.175177,0.0759969,0.0460447,0.225095,0.221126,0.238188,0.301158,0.0184597,0.48923,0.12436,0.214554,0.239897,0.129127,0.178446,0.0581254,0.167401,0.0796875,0.123762,0.175544,0.0727343,0.083243,0.0856942,0.0928843,0.321154,0.191366,0.137352,0.0413727,0.127644,0.106258,0.047891,0.197282,0.052779,0.0690436,0.127246,0.0538931,0.198217,0.115881,0.310689,0.370262,0.190259,0.183109,0.0754898,0.179769,0.220113,0.210779,0.162297,0.164957
Eubacterium-siraeum-DSM-15702-MAF-2,0.0197,0.3488,0.4908,0.1177,0.0569,0.3396,0.0717,0.0496,0.3953,0.3438,0.0139,0.0871,0.0707,0.0255,0.9228,0.5028,0.2621,0.018,1.7694,1.1506,0.3465,0.5726,0.6332,0.3642,0.4854,0.0905,0.1245,0.0255,0.3509,0.61,0.0273,0.0273,0.098,0.1616,0.1429,0.4098,0.30620000000000003,0.0267,0.0028,0.0109,0.0584,0.5072,0.0673,0.0577,0.0079,0.011,0.3419,0.1153,0.5808,0.9615,0.6161,0.4182,0.0343,0.3754,17.4686,16.6521,12.0385,13.7588
Eubacterium-ventriosum-ATCC-27560-MAF-2,0.7236,0.3881,0.1723,0.6741,0.098,0.8952,23.8334,0.4826,0.5582,0.4484,0.5721,0.7792,0.445,0.1516,0.8675,1.0147,0.7556,1.1485,0.1781,1.5337,0.4469,0.9649,1.0438,1.281,0.849,0.1219,0.2759,0.932,0.3751,0.2949,0.2102,0.2037,0.246,0.2964,0.8749,0.6664,0.4476,0.1651,0.5206,0.4921,0.1535,0.6698,10.9058,0.1663,0.5332,0.238,0.5622,0.246,0.9903,1.7055,2.0182,0.4498,0.111,0.4199,5.4495,3.529,3.3125,3.2455
Faecalibacterium-prausnitzii-A2-165-MAF-2,0.3066,0.632,0.0152,0.3296,0.031,0.7766,0.2456,1.0105,0.7485,0.6404,0.2569,0.3904,0.1439,0.091,1.6403,1.0488,0.6452,0.4687,0.0435,2.0894,0.5315,0.9417,1.1212,0.709,3.4873,0.1351,0.1976,0.1382,0.6219,0.1376,0.0794,0.0921,0.2006,0.0852,0.5242,0.8289,0.58,0.1007,0.203,0.1746,0.1342,0.9641,0.1325,0.117,0.2122,0.0892,0.722,0.2328,1.5977,1.8158,1.2439,0.2549,0.0466,0.402,1.3649,1.2884,0.9381,1.0741
Granulicatella-adiacens-ATCC-49175-MAF-2,0.0163,0.0135,0.0151,0.0934,0.004,0.0455,0.0073,0.0075,0.0113,0.0102,0.0156,0.0265,0.0205,0.0043,0.008,0.0155,0.0354,0.0551,0.0034,0.0124,0.0087,0.0113,0.0155,0.0048,0.0101,0.0053,0.0085,0.0131,0.0119,0.0207,0.0201,0.0066,0.007,0.0049,0.0109,0.0118,0.0075,0.0075,0.0171,0.0119,0.0064,0.0128,0.0035,0.0097,0.0123,0.0038,0.0112,0.0111,0.0178,0.017,0.0066,0.019,0.0108,0.0129,16.9548,11.4496,10.8969,10.9542
Holdemania-filiformis-DSM-12042-MAF-2,0.0217,0.9553,1.0491,0.7509,0.1234,0.303,1.0359,0.3283,0.3675,0.3077,0.0166,0.0887,0.0544,0.0333,0.7479,0.5187,0.3351,0.0513,0.0779,1.1471,0.6916,0.8376,0.8733,0.5063,0.7583,0.6633,1.1946,0.0944,0.7474,0.7349,0.107,0.6241,0.3513,1.1887,0.4974,0.795,0.6289,0.0554,0.0498,0.2182,0.155,0.7177,0.1434,0.4533,0.0548,0.253,0.6125,1.1001,0.7716,0.9762,0.7841,1.2277,0.7269,1.1872,24.0127,20.828,17.3781,20.4244
Intestinimonas-butyriciproducens-DSM-26588-MAF-2,0.0620814,0.275194,0.179102,0.676899,0.0343383,0.297601,1.03099,0.225918,0.0716579,0.076638800000000007,0.0291625,0.138366,0.145835,0.0843011,0.0935792,0.0812568,0.42048,0.13858,0.0132254,0.298377,0.174308,0.146018,0.257314,0.0638202,0.055039,0.115289,0.173564,0.0440045,0.381959,0.313043,0.0680488,0.0673719,0.0861276,0.481848,0.267004,0.145688,0.170256,0.0544243,0.0404438,0.0302895,0.161379,0.0779546,0.186455,0.169809,0.0218824,0.00855213,0.333441,0.380127,0.41519,0.550427,0.112379,0.0753846,0.1704,0.337284,23.5266,20.9226,16.0451,20.2524
Lactobacillus-ruminis-ATCC-25644-MAF-2,0.0119,0.0083,0.0135,0.085,0.0029,0.032,0.0181,0.0651,0.0087,0.0083,0.013,0.0183,0.0142,0.0031,0.0044,0.0103,0.0312,0.0567,0.003,0.0567,0.0065,0.0081,0.0116,0.0043,0.007,0.0036,0.028,0.0109,0.0087,0.0192,0.0214,0.0045,0.0044,0.0091,0.0669,0.0081,0.0061,0.0059,0.0128,0.0088,0.0053,0.008,0.0062,0.0056,0.0104,0.0018,0.0147,0.0076,0.0166,0.0151,0.0047,0.0104,0.007,0.0143,1.2452,1.1372,0.7709,0.7362
Megasphaera-DSMZ-102144-MAF-2,0.0029,4.8717,46.1418,0.415,1.2577,0.2345,32.9759,1.9951,0.4957,0.2379,0.0034,0.1263,0.2062,0.36870000000000003,0.1452,0.0269,0.134,0.0511,6.4006,39.0925,0.7321,3.7344,9.2836,1.2738,0.0027,2.4406,21.3672,0.0073,0.0987,27.6525,0.0177,0.4398,0.0253,6.0442,16.1448,0.2119,0.035,0.029,0.0044,0.0981,0.0263,0.0035,1.7657,0.063,0.0067,0.0546,7.4666,1.347,1.0177,1.4922,4.1332,7.3869,0.1685,34.1765,5.4688,5.0897,3.4603,4.2774
Mitsuokella-multacida-DSM-20544-MAF-2,0.00182788,0.00404057,7.15358,0.0258152,0.0024962,0.239675,0.00562918,15.8981,0.0102151,0.00269371,0.00315065,0.45993,0.0559693,9.62041e-4,0.00125065,0.00327094,0.00795706,0.0108633,0.00423298,17.0027,1.5311,2.61109,8.32305,1.90901,2.72925,0.0587919,3.12331,0.00529123,0.0104365,0.0115445,0.0144331,0.00327094,0.158819,0.0241834,1.64644,0.0024051,0.00202029,0.118741,0.00423298,0.0120911,0.00265433,0.00115445,0.00144306,0.00336714,0.00526584,0.00153927,0.476971,0.00627474,0.144245,7.91207,3.17545,0.117083,0.00384816,0.00532408,2.33301,2.11786,1.4946,1.86504
Odoribacter-splanchnicus-DSM-20712-MAF-2,0.3161,0.0216,0.0812,10.794,0.0407,0.7905,2.7425,0.031,0.0791,0.1239,0.2566,0.5628,0.8143,0.8455,0.0534,0.1611,1.1027,1.3288,0.0474,0.0072,0.28,0.1742,0.0464,0.0148,0.4176,0.0378,0.5345,0.434,0.021,0.0373,0.753,0.115,0.2337,8.2944,0.0288,0.0305,0.067,0.234,0.3306,0.7698,0.3903,0.1655,0.9227,0.3207,0.3177,0.107,0.0165,0.306,0.0694,0.0644,0.3728,0.0639,0.0388,0.1158,102.112,85.4364,77.0379,86.0261
Olsenella-uli-DSM-7084-MAF-2,1e-4,2e-4,1e-4,0.0016,1e-4,9e-4,1e-4,2e-4,2e-4,1e-4,2e-4,2e-4,2e-4,0,0,4e-4,4e-4,0.0016,1e-4,4e-4,1e-4,2e-4,3e-4,1e-4,3e-4,1e-4,1e-4,7e-4,3e-4,3e-4,9e-4,1e-4,2e-4,3e-4,0.0051,2e-4,2e-4,2e-4,2e-4,3e-4,1e-4,1e-4,1e-4,4e-4,4e-4,1e-4,0.0136,1e-4,0.003,3e-4,0.0081,1e-4,2e-4,3e-4,0.1396,0.131,0.088,0.122
Oscillibacter-sp-KLE-1728-MAF-2,0.0158049,0.451752,0.544698,0.0730256,0.0938447,0.132582,0.337828,0.220755,0.130883,0.122579,0.0165726,0.0591304,0.0363216,0.035042,0.226126,0.200826,0.270215,0.070763,0.0411319,0.43478,0.335303,0.571953,0.421702,0.241711,0.281434,0.304563,0.589225,0.0766962,1.21945,0.391752,0.0923289,0.532255,0.20556,1.1825,0.450933,0.673694,0.731109,1.05135,0.0579572,0.109718,0.213151,0.263364,0.0961409,0.265081,0.110011,0.614723,0.272327,1.56,0.896828,0.565318,0.860806,1.12286,0.831163,0.53741,0.972911,0.899314,0.651746,0.789585
Parabacteroides-distasonis-ATCC-8503-MAF-2,0.093,0.1047,1.0903,2.1567,0.8345,9.7708,8.3561,0.7568,0.1155,0.1957,0.1027,5.0071,14.6146,0.2401,1.2653,6.6444,0.2409,0.398,2.6474,0.2041,2.3515,3.6034,6.215,0.7376,29.5977,1.767,8.2351,0.1581,0.2187,0.3967,0.1804,7.6218,10.6352,8.5165,0.4027,0.4076,0.6747,0.3438,13.6557,46.4401,0.2352,8.8225,62.0788,0.0916,0.0637,7.0346,0.511,3.9435,0.667,3.8006,1.5866,2.8723,0.9282,4.2632,35.6953,32.1166,34.7523,39.6277
Parabacteroides-johnsonii-DSM-18315-MAF-2,0.0777,0.7875,0.2287,1.942,0.1246,1.0157,1.6651,0.3064,0.1709,0.3872,0.1526,0.2705,0.3505,0.3494,0.1299,0.1538,0.6437,0.4106,0.1181,0.0462,0.919,0.7316,0.5485,0.1084,0.3575,0.2938,1.2101,0.3127,1.4738,0.0502,0.0832,0.9948,2.8355,3.0159,0.1956,0.7327,1.1153,0.2088,0.1972,1.0031,0.5357,0.4157,1.1409,0.3122,0.0647,0.2199,1.3391,1.3425,0.301,0.6466,0.2785,0.0919,1.8695,0.4169,44.8461,41.4317,32.0249,36.5999
Parabacteroides-merdae-ATCC-43184-MAF-2,0.1068,1.469,0.2948,2.1868,0.0947,1.1275,1.9994,0.3481,0.1799,0.4784,0.1674,0.2997,0.3818,0.6611,0.1421,0.1752,1.0769,0.4722,0.0891,0.0405,1.3448,1.1892,0.7617,0.1164,0.827,0.3876,1.604,0.402,2.0519,0.0715,0.1183,1.3771,1.9419,1.8699,0.2448,1.0162,1.4798,0.2584,0.2441,1.3213,0.804,0.6169,1.4705,0.5224,0.092,0.2503,1.9103,2.0351,0.4084,1.0734,0.4465,0.1526,2.693,0.5546,39.4451,39.2167,28.009,32.4344
Parabacteroides-sp-D13-MAF-2,0.126471,0.363006,1.13391,2.86137,1.9362,23.3196,21.3338,1.75499,0.19199,0.38646200000000003,0.149582,11.8102,34.9691,0.396185,2.99639,15.8857,0.355266,0.559978,6.30105,0.475668,5.32039,7.49668,4.62773,1.67686,71.1617,2.40252,15.8835,0.368702,0.686795,0.955665,0.238907,18.5381,25.5938,21.1718,0.941309,1.01234,1.68004,0.738937,32.8978,112.299,0.471702,21.4764,150.327,0.162131,0.0855372,16.984,1.29838,9.69842,1.6422,9.24695,3.74265,7.03883,2.27385,10.3124,30.7845,27.9457,30.0004,34.0885
Prevotella-buccae-D17-MAF-2,0.0213,0.0178,0.0032,0.3272,0.0236,0.1164,0.0252,0.0283,0.0322,0.0424,0.0263,0.0809,0.0898,0.0255,0.0113,0.0221,0.0311,0.0402,0.0219,0.008,0.0271,0.0172,0.0116,0.0145,0.024,0.0272,0.0219,0.026,0.0275,0.0015,0.0207,0.0187,0.0271,0.0223,0.0151,0.0138,0.0707,0.0247,0.0325,0.0284,0.0316,0.0149,0.0323,0.0157,0.0054,0.0191,0.0377,0.0175,0.0055,0.0442,0.0151,0.0034,0.0397,0.0093,5.0012,5.2266,2.8213,3.2808
Prevotella-buccalis-ATCC-35310-MAF-2,0.0514,1.2714,0.3683,0.6433,0.0495,0.7503,2.3931,0.3777,0.1622,0.539,0.1226,0.178,0.2308,0.4382,0.1448,0.1222,0.8103,0.0791,0.0342,0.0309,1.5109,1.1192,0.8878,0.1026,0.0926,0.387,1.9355,0.4293,1.6628,0.0774,0.0173,1.5934,2.2789,1.4884,0.2677,1.2101,1.8502,0.2598,0.0964,1.1837,0.5759,0.5813,1.228,0.4617,0.0066,0.2131,1.7741,2.2738,0.5022,1.048,0.362,0.0957,3.1394,0.649,60.9038,57.5979,41.8063,48.8724
Prevotella-copri-DSM-18205-MAF-2,0.0071,0.0511,0.0134,0.0091,0.0337,0.0255,0.0902,0.0445,0.0334,0.0447,0.0159,0.0191,0.0317,0.0447,0.0181,0.0192,0.0283,0.0033,0.0328,0.0105,0.0722,0.0492,0.0324,0.0232,0.0361,0.0426,0.0761,0.0318,0.0784,0.0062,0.0028,0.0658,0.0803,0.0726,0.0244,0.047,0.0741,0.027,0.0269,0.0546,0.0623,0.0313,0.0771,0.019,0.0011,0.0324,0.0636,0.0845,0.0214,0.0354,0.033,0.0071,0.1263,0.0296,2.9067,2.6241,2.223,2.4844
Roseburia-intestinalis-L1-82-MAF-2,0.1351,0.4435,0.5574,0.1734,0.0369,0.4013,0.1832,0.4005,0.4001,0.3378,0.1169,0.1915,0.0744,0.0564,0.8299,0.5354,0.3874,0.2548,0.0262,1.3928,0.3907,0.6513,0.6975,1.7114,0.5371,0.162,0.3818,0.0845,0.4006,0.6964,0.0734,0.1509,0.1691,0.2294,0.653,0.4896,0.3567,0.0524,0.1049,0.1091,0.0943,0.5334,0.1096,0.126,0.1105,0.082,0.501,0.2608,1.221,1.0609,0.7609,0.545,0.1599,0.5304,1.0911,0.9814,0.7355,0.8231
Roseburia-inulinivorans-DSM-16841-MAF-2,0.358397,0.488673,0.712095,0.468187,0.0598354,0.626114,0.23728,0.34694,0.513896,0.422719,0.306006,0.406667,0.164826,0.10189,0.900029,0.699128,0.591344,0.622001,0.0446518,1.38231,0.471727,0.711932,0.757982,0.558298,0.696049,0.199738,0.404164,0.177808,0.437743,0.879911,0.140279,0.213645,0.230139,0.312582,0.699675,0.609615,0.432345,0.104413,0.262072,0.251455,0.131143,0.643805,0.138251,0.175083,0.276502,0.14127,0.578788,0.331382,1.71591,1.17415,0.9264,0.735093,0.211754,0.650187,7.4707,6.41341,4.3966,4.5027
Ruminococcus-albus-strain-8-MAF-2,0.0025,0.0746,0.0693,0.012,0.0035,0.0062,0.053,0.0947,0.0018,0.0021,0.0013,0.007,0.0034,0.0127,0.0021,0.0014,0.1087,0.0043,0.0086,0.113,0.0023,0.0056,0.0798,0.0083,0.0019,0.0047,0.0616,0.0029,0.0975,0.0487,0.0026,0.0045,0.0033,0.0298,0.1013,0.0025,0.0025,0.0046,0.0024,0.0031,0.0235,0.0029,0.0041,0.0605,0.0025,0.0011,0.0219,0.0065,0.0119,0.066,0.0173,0.0149,0.0031,0.0565,0.2127,0.2128,0.1391,0.1681
Ruminococcus-bromii-ATCC-27255-MAF-2,0.0093,0.0138,0.0053,0.1049,0.0023,0.0474,0.0111,0.041,0.0063,0.0087,0.0099,0.0237,0.0224,0.0042,0.0016,0.0061,0.0324,0.023,0.0026,0.0318,5e-4,0.0017,0.004,0.0022,0.0033,0.0033,0.0161,0.0065,0.0217,0.0036,0.0061,0.003,0.0058,0.0067,0.0398,0.0015,0.0029,0.0051,0.0034,0.0047,0.0054,0.0028,0.0028,0.0141,0.0026,3e-4,0.0052,0.0013,0.0037,0.0048,0.0017,0.0024,0.0026,0.0056,27.3021,23.0127,19.2116,20.8072
Ruminococcus-flavefaciens-FD-1,3.49243e-4,0.00185309,6.28915e-4,4.70716e-4,3.96633e-4,5.3285e-4,5.02054e-4,2.03611e-4,1.72271e-4,4.36607e-4,2.94106e-4,3.88101e-4,0.00106717,5.83434e-4,5.04589e-4,1.8822e-4,0.00439653,7.68947e-4,0.00127407,8.32659e-4,2.54847e-4,7.48953e-4,0.00175196,2.81345e-4,0.0027315,3.42171e-4,5.84606e-4,4.99019e-4,0.00299912,7.42884e-4,2.07028e-4,9.89814e-4,5.10484e-4,0.00200379,0.00111917,6.1872e-4,3.27743e-4,4.84278e-4,2.08124e-4,9.45413e-4,0.00114213,5.84917e-4,2.63954e-4,0.00146766,3.02587e-4,5.41033e-4,3.6233e-4,6.24708e-4,5.8084e-4,0.00164289,3.18625e-4,0.00106714,2.4958e-4,5.96796e-4,0.00484915,0.00474023,0.00394117,0.00394079
Ruminococcus-gauvreauii-DSM-19829-MAF-2,0.5311,22.6567,3.0728,3.544,0.6742,1.9784,0.2768,0.7365,0.2799,0.1943,0.4635,3.3556,0.779,0.1266,0.1565,0.3516,24.7022,1.2808,0.1469,1.1362,0.4459,0.545,54.6352,4.6968,0.1966,0.2326,1.2963,0.2618,21.2663,6.0049,0.3912,2.2052,1.0457,0.5351,1.0256,0.2848,0.1873,0.805,0.3895,0.3698,2.5975,0.326,0.5913,8.4553,0.4517,0.223,1.8189,0.151,1.227,46.051,6.1029,1.5018,0.6265,1.0616,10.5847,10.5976,7.3616,8.7653
Ruminococcus-gnavus-ATCC-29149-MAF-2,0.3086,0.8138,8.07,0.3628,0.0633,3.8322,0.2228,0.5203,0.9901,0.6832,0.2575,6.5077,0.8576,0.1303,1.7012,1.1212,0.6919,0.5691,0.053,16.08,1.883,1.7875,38.5307,0.8167,1.0758,0.4561,1.5822,0.1784,0.8131,99.2676,0.1352,0.2786,2.2711,0.5616,10.6342,0.9945,0.7238,1.4247,0.2159,0.2661,0.1958,1.0724,6.4733,0.225,0.2938,0.1496,29.638,4.3863,1.4467,102.011,1.3733,4.0954,0.4572,12.0113,8.7297,6.8342,7.229,7.0021
Ruminococcus-lactaris-ATCC-29176-MAF-2,0.2728,0.2088,0.4034,0.5001,0.049,0.3908,0.1701,0.5256,0.1547,0.1224,0.2278,0.3254,0.1402,0.0643,0.1449,0.2244,0.3195,0.4968,0.0426,0.6372,0.1956,0.203,0.5014,0.1101,0.2043,0.1623,0.4896,0.1285,0.1992,0.9069,0.1216,0.1962,0.153,0.1669,0.717,0.282,0.189,0.0686,0.2094,0.2104,0.0742,0.2094,0.1268,0.1365,0.2107,0.1232,0.4475,0.2973,0.2781,0.9524,0.1336,0.4585,0.2135,0.4515,5.3281,5.0246,3.8337,4.2616
Ruminococcus-obeum-ATCC-29174-MAF-2,0.4162,0.3874,0.5087,0.6181,0.0517,0.707,0.1756,0.2286,0.5169,0.4248,0.3656,0.544,0.2589,0.1091,0.9023,0.7164,0.6861,0.8995,0.0608,1.2712,0.3953,0.5955,0.9409,0.3717,0.6003,0.1171,0.2329,0.1975,0.3752,1.2139,0.1685,0.1312,0.2109,0.2293,0.5393,0.5838,0.4107,0.1133,0.3268,0.2899,0.1277,0.6092,0.1534,0.132,0.3258,0.1333,0.6519,0.2152,0.7658,1.7087,0.6056,0.5655,0.1114,0.5246,1.6119,1.3594,0.9439,0.958
Ruminococcus-torques-ATCC-27756-MAF-2,0.1923,0.0808,0.1729,0.4761,0.029,0.2545,0.4845,0.2873,0.0995,0.079,0.169,0.2327,0.129,0.0451,0.0927,0.1519,0.242,0.4422,0.0303,0.364,0.0842,0.0969,0.2901,0.0529,0.0968,0.0546,0.2069,0.0949,0.079,0.5916,0.1131,0.0745,0.0898,3.2682,0.403,0.1299,0.0924,0.0603,0.1449,0.1212,0.0389,0.1196,0.0716,0.0697,0.1569,0.054,0.248,0.1072,0.1439,0.613,0.0683,0.1918,0.0756,0.1987,5.4385,4.5834,3.8125,3.9075
Slackia-exigua-ATCC-700122-MAF-2,0.0027,3e-4,0.0073,0.0239,6e-4,0.0055,0.005,0.0121,0.0013,0.001,0.0018,0.0049,0.0043,7e-4,7e-4,0.0024,0.0086,0.0119,2e-4,0.0068,5e-4,0.0029,9e-4,0.0069,0.0014,6e-4,0.0108,0.0059,8e-4,0.0041,0.0086,2e-4,0.0022,6e-4,6.7196,5e-4,1e-4,0.0028,0.0025,0.0018,2e-4,6e-4,4e-4,0.0027,0.0024,5e-4,0.9557,3e-4,0.0666,0.0098,10.0468,1e-4,4e-4,0.3191,0.3111,0.3081,0.2149,0.2632
Slackia-heliotrinireducens-DSM-20476-MAF-2,3e-4,3e-4,2e-4,0.0047,3e-4,0.0012,6e-4,3e-4,2e-4,0,1e-4,5e-4,4e-4,1e-4,2e-4,9e-4,0.0015,0.0038,1e-4,3e-4,2e-4,4e-4,5e-4,1e-4,4e-4,8e-4,2e-4,0.0015,6e-4,5e-4,0.0046,1e-4,6e-4,4e-4,0.0031,2e-4,2e-4,6e-4,0.001,3e-4,0,2e-4,2e-4,9e-4,9e-4,3e-4,1e-4,0,5e-4,1e-4,0.0041,1e-4,3e-4,3e-4,0.4399,0.3708,0.2981,0.3599
Solobacterium-moorei-DSM-22971-MAF-2,0.0151,0.0895,0.0404,0.1262,0.0112,0.0873,1.1488,0.0155,0.0666,0.0636,0.0125,0.0393,0.0343,0.007,0.1399,0.088,0.0545,0.0636,0.0046,0.1893,0.0604,0.09,0.1016,0.0668,0.0884,0.0496,0.0421,0.0105,0.0813,0.4073,0.03,0.0411,0.0455,1.3788,0.9716,0.0811,0.0655,0.0145,0.0091,0.0246,0.0338,0.1001,0.0317,0.03,0.0198,0.0089,0.7051,0.0483,0.1129,0.1501,0.0997,0.0629,0.0391,0.2262,2.9484,2.0574,1.968,2.0247
Streptococcus-thermophilus-ATCC-19258-MAF-2,0.006,0.0028,0.0135,0.0138,0.0024,0.0058,0.0026,0.0048,0.0036,0.0033,0.0047,0.0074,0.0052,0.001,0.0028,0.0049,0.0096,0.0177,0.0018,0.0092,0.0037,0.0038,0.0094,0.0017,0.0043,0.0021,0.0041,0.0077,0.0048,0.0212,0.0111,0.0037,0.0027,0.0037,0.0064,0.0044,0.0026,0.003,0.006,0.0055,0.0024,0.0042,0.0025,0.002,0.0043,0.0022,0.006,0.0041,0.0066,0.0104,0.0027,0.012,0.0047,0.0076,0.262,0.1995,0.1683,0.1658
Subdoligranulum-sp-4-3-54A2FAA-MAF-2,0.0816,1.7019,1.4558,0.8649,0.2425,0.7615,1.1022,0.7581,0.7544,0.6389,0.1139,0.2258,0.2846,0.0925,1.573,1.0778,0.9085,0.1833,0.2191,2.5559,1.1723,1.4777,1.6797,1.1367,1.2983,0.9385,1.6649,0.9358,1.3521,1.0236,0.3389,1.1683,0.727,0.5153,1.0169,1.3367,1.034,0.8468,0.293,1.6153,0.4697,1.6092,0.3295,0.8041,0.6522,0.4928,1.1073,1.5339,1.7423,1.9529,1.644,1.6766,1.0101,1.6213,12.1413,10.5564,8.8609000000000009,10.7374
Subdoligranulum-variabile-DSM-15176-MAF-2,0.0142,0.2514,0.2548,0.0969,0.0225,0.1516,0.0791,0.2789,0.1073,0.0863,0.0081,0.1229,0.0314,0.0202,0.2169,0.1345,0.1938,0.035,0.022,0.5907,0.1554,0.202,0.7842,0.1311,0.1822,0.1211,0.3067,0.0221,0.2487,0.2973,0.0212,0.1248,0.0984,0.0771,0.3629,0.1761,0.1405,0.0403,0.0121,0.0514,0.0553,0.1736,0.0433,0.1316,0.0134,0.0498,0.2528,0.2,0.1982,1.8797,0.194,0.252,0.1368,0.2742,5.2171,5.2006,3.0652,3.4294
Veillonella-dispar-ATCC-17748-MAF-2,0.0011,0.0017,0.0087,0.0052,7e-4,0.0019,0.0045,0.0026,0.0014,0.0012,0.001,0.0022,0.0013,4e-4,4e-4,0.002,0.0033,0.0045,8e-4,0.0078,0.0012,0.0019,0.0095,0.0012,0.0016,0.0011,0.004,0.0022,0.0024,0.0074,0.0067,0.0032,3e-4,0.0048,0.0029,0.0011,9e-4,0.0016,0.0023,0.0014,9e-4,0.0013,5e-4,8e-4,0.0019,3e-4,0.0033,0.0015,0.0033,0.0063,0.0017,0.0034,0.0018,0.0034,0.0691,0.0679,0.0457,0.0405
