MAG,R1_B,R1_C,R2_B,R2_C,R2_A,R1_A
Salt_Pond_MetaGSF2_A_D1_MG_DASTool_bins_concoct_out.23,5.217231557475829e-07,1.2869427512376678e-06,1.7586200323158273e-06,2.0250770752986217e-06,5.329121076392495e-07,2.2812453698959944e-07
Salt_Pond_MetaGSF2_A_D2_MG_DASTool_bins_concoct_out.11,2.7783803675149115e-07,1.1870379448137842e-06,8.034563608174264e-07,5.35240033092999e-07,9.825510636410133e-07,1.7533708079531203e-07
Salt_Pond_MetaGSF2_A_D2_MG_DASTool_bins_concoct_out.13,3.827569633815677e-07,6.725686626434131e-07,2.0652168429387565e-06,1.4357313369833083e-06,1.249110050600348e-06,2.1333756488066607e-07
Salt_Pond_MetaGSF2_A_D2_MG_DASTool_bins_concoct_out.28,4.4074677953943827e-07,1.234089087790653e-06,2.2558673506368394e-06,1.8261949679246957e-06,1.5649341986402076e-06,2.6606420483621315e-07
Salt_Pond_MetaGSF2_A_D2_MG_DASTool_bins_concoct_out.33,6.442742197746942e-06,1.4830493125209468e-05,2.5477055194553433e-05,1.527825872291643e-05,3.7352198831997063e-06,3.900362716272976e-06
Salt_Pond_MetaGSF2_A_D2_MG_DASTool_bins_concoct_out.40,1.2186690579922237e-06,2.6998304793008234e-06,2.204734339049461e-05,5.191963366373553e-06,1.8614312253757787e-06,7.901377518578846e-07
Salt_Pond_MetaGSF2_A_D2_MG_DASTool_bins_concoct_out.55,4.548593472449371e-06,1.0585238990577824e-05,1.2271467837567656e-05,1.4108015507783488e-05,3.346474183666867e-06,3.0962978439238993e-06
Salt_Pond_MetaGSF2_A_D2_MG_DASTool_bins_concoct_out.8,1.0728880576237361e-06,2.4082007801100643e-06,4.008184576929827e-06,4.642183551729473e-06,2.02566016908654e-06,5.119844732612425e-07
Salt_Pond_MetaGSF2_A_H2O_MG_DASTool_bins_concoct_out.23,1.4845687298128553e-06,3.6893485645417203e-06,4.857271630288765e-06,3.558912117366685e-06,2.4149645597267386e-06,7.273965700433363e-07
Salt_Pond_MetaGSF2_A_H2O_MG_DASTool_bins_concoct_out.33,4.7507708921700077e-08,1.1807813681397761e-08,8.686971206815419e-08,6.55024782348847e-08,4.831234757784093e-08,1.6268545682654573e-08
Salt_Pond_MetaGSF2_A_H2O_MG_DASTool_bins_metabat.14,4.813960843238822e-06,1.0374567444777052e-05,1.672355677849607e-05,8.597730137377756e-06,7.707654625016918e-06,2.6958213571304147e-06
Salt_Pond_MetaGSF2_A_H2O_MG_DASTool_bins_metabat.23,2.0338091403794437e-07,7.609395998410411e-08,2.2130280006048379e-07,1.940886205857189e-07,1.5884727735908645e-07,3.810691250314705e-08
Salt_Pond_MetaGSF2_A_H2O_MG_DASTool_bins_metabat.28,2.4645402931536783e-07,3.3267554895637493e-07,9.6383310840476e-07,9.8887561104966e-07,2.365328963654744e-07,2.3351190941121948e-07
Salt_Pond_MetaGSF2_A_H2O_MG_DASTool_bins_metabat.34,7.652308828215133e-07,2.0607223245307925e-06,2.17174588032881e-06,1.8239527196044088e-06,5.759721372504145e-07,1.3727882128315638e-06
Salt_Pond_MetaGSF2_B_D1_MG_DASTool_bins_concoct_out.44,8.713710737668805e-07,1.5274940547393761e-06,7.051880575575139e-06,1.4256739116792818e-05,3.924275430028213e-06,7.349192906051231e-07
Salt_Pond_MetaGSF2_B_D1_MG_DASTool_bins_metabat.9,2.2830973539577183e-07,4.913303720038371e-07,1.2295386455031326e-06,8.588769423096316e-07,8.223568503839276e-07,1.2495864581551867e-07
Salt_Pond_MetaGSF2_B_D2_MG_DASTool_bins_concoct_out.42,5.953467651497847e-06,1.2752317917283464e-05,3.0153044324679568e-05,3.2460195842688716e-05,1.561238204883656e-05,2.6526243736150387e-06
Salt_Pond_MetaGSF2_B_D2_MG_DASTool_bins_concoct_out.55,1.778028447582981e-06,3.201099564521671e-06,3.4182079238935463e-06,4.111260415090882e-06,1.225889080150585e-06,8.519447062473657e-07
Salt_Pond_MetaGSF2_B_D2_MG_DASTool_bins_metabat.4,1.4841911625763018e-05,4.4477872456999076e-05,0.00010881499772264495,2.4889141582045335e-05,5.405213217211537e-06,1.515873340423219e-05
Salt_Pond_MetaGSF2_B_H2O_MG_DASTool_bins_concoct_out.14,3.243434578832193e-08,5.9039068406988805e-09,3.577024363099951e-08,4.192335172831273e-08,3.26258343319111e-08,0.0
Salt_Pond_MetaGSF2_B_H2O_MG_DASTool_bins_concoct_out.91,6.09984326716991e-08,1.6399573364960658e-07,1.5723150182582693e-07,1.1006535133044432e-07,7.508587526833738e-08,7.061359574908661e-08
Salt_Pond_MetaGSF2_B_H2O_MG_DASTool_bins_metabat.11,5.208294796483153e-08,5.8663737581285195e-08,2.503917054169967e-07,2.7784704114301974e-07,9.097825479368831e-08,5.774911494473311e-08
Salt_Pond_MetaGSF2_B_H2O_MG_DASTool_bins_metabat.19,3.814716316499737e-07,6.07531854689299e-07,1.3474822829347192e-06,1.004359607655843e-06,6.685384145485721e-07,1.917728711344991e-07
Salt_Pond_MetaGSF2_B_H2O_MG_DASTool_bins_metabat.25,1.388255469671609e-07,1.411307679382179e-07,4.7247619898042336e-07,2.121679971094858e-07,5.331355840821944e-07,6.159409755389324e-08
Salt_Pond_MetaGSF2_B_H2O_MG_DASTool_bins_metabat.28,2.6105740568995444e-07,6.148432521263842e-07,8.30966486043274e-07,7.444153772379396e-07,1.0052837836375122e-06,1.9911314298006935e-07
Salt_Pond_MetaGSF2_B_H2O_MG_DASTool_bins_metabat.39,6.834729484926275e-08,1.1620148268545992e-08,1.0770157764447006e-07,1.5748845304156208e-08,6.024043730361671e-08,1.4467686855552863e-08
Salt_Pond_MetaGSF2_B_H2O_MG_DASTool_bins_metabat.8,9.17296143305202e-07,1.8824791268327148e-06,2.144641994979216e-06,1.1691927859535337e-06,6.577337842778492e-07,6.297244797086697e-07
Salt_Pond_MetaGSF2_C_D1_MG_DASTool_bins_concoct_out.13,1.1719446603351756e-06,3.3263801587380476e-06,3.4465305288718952e-06,2.3941686522165513e-06,2.1780375409659487e-06,8.773847907220613e-07
Salt_Pond_MetaGSF2_C_D2_MG_DASTool_bins_concoct_out.13,1.575856287294078e-06,5.88499359105835e-06,9.640192959056283e-06,5.8837117750030605e-06,5.451325399129528e-06,6.590163265768215e-07
Salt_Pond_MetaGSF2_C_D2_MG_DASTool_bins_concoct_out.15,3.5330988625360177e-06,9.161905617444834e-06,7.207447095771532e-06,3.5224443741715167e-06,1.2728192715033771e-06,4.893397777481358e-06
Salt_Pond_MetaGSF2_C_D2_MG_DASTool_bins_concoct_out.17,4.2242660314202135e-06,6.122853960730258e-06,0.00010170243108874654,1.6684196641216068e-05,3.95653690660898e-06,3.435491094141493e-06
Salt_Pond_MetaGSF2_C_D2_MG_DASTool_bins_concoct_out.24,1.2170401211905298e-06,2.1337198052028413e-06,5.012398716906559e-05,8.456326416625481e-06,3.3217240984435317e-06,4.2685757847754865e-07
Salt_Pond_MetaGSF2_C_D2_MG_DASTool_bins_concoct_out.25,8.506452544938619e-05,0.00036583562998718575,0.00037400776077196575,9.368900895049989e-05,8.271227535002324e-05,3.4581409653111495e-05
Salt_Pond_MetaGSF2_C_D2_MG_DASTool_bins_concoct_out.26,2.6647844558451863e-06,7.611655537028769e-06,2.1451107032184868e-05,5.04484746738984e-06,1.3939001347853492e-06,3.0397110172995057e-06
Salt_Pond_MetaGSF2_C_D2_MG_DASTool_bins_concoct_out.3,3.715957021440087e-06,9.519446833604104e-06,3.629357006841362e-05,9.876228904404986e-06,2.7375233872565886e-06,2.6188709574749433e-06
Salt_Pond_MetaGSF2_C_D2_MG_DASTool_bins_concoct_out.32,1.673157571515131e-06,3.1129238464010254e-06,9.703097874286431e-06,7.811841788520622e-06,3.1852919365800513e-06,1.3342640109326315e-06
Salt_Pond_MetaGSF2_C_D2_MG_DASTool_bins_concoct_out.39,1.009240630362385e-06,1.928967273571031e-06,0.00012478371817769242,5.6705816316134945e-06,4.54117241620117e-06,5.695359354300726e-07
Salt_Pond_MetaGSF2_C_D2_MG_DASTool_bins_concoct_out.42,1.2440199670051199e-05,3.377468374190472e-05,4.3288626735166636e-05,1.9714242338853308e-05,6.422184003968342e-06,5.609343844271028e-06
Salt_Pond_MetaGSF2_C_D2_MG_DASTool_bins_concoct_out.8,5.513710649182132e-06,1.3498375885123483e-05,5.1450468400644216e-05,1.2470674259159693e-05,3.3513736768055885e-06,3.431166361406712e-06
Salt_Pond_MetaGSF2_C_D2_MG_DASTool_bins_metabat.11,4.18653544959651e-06,1.1268410749047338e-05,4.853464421810444e-05,1.2706651055636537e-05,3.1626296572376443e-06,2.74484827528935e-06
Salt_Pond_MetaGSF2_C_D2_MG_DASTool_bins_metabat.16,7.783719692444511e-06,1.718528043437082e-05,6.877815222087101e-05,1.5144147306970906e-05,6.104395321192234e-06,4.2443740089195535e-06
Salt_Pond_MetaGSF2_C_D2_MG_DASTool_bins_metabat.19,1.675053535404372e-06,4.651583993205074e-06,8.15138704197383e-05,8.6269945452783e-06,3.2537372604163285e-06,1.1391022789795163e-06
Salt_Pond_MetaGSF2_C_H2O_MG_DASTool_bins_metabat.13,1.1177823835194193e-05,2.4074140961089105e-05,2.685638693910459e-05,1.98777781704986e-05,7.400500548116578e-06,7.577079313379089e-06
Salt_Pond_MetaGSF2_C_H2O_MG_DASTool_bins_metabat.16,8.191634972572698e-08,2.1731856062874793e-07,3.7303166111615007e-07,2.776263338947084e-07,1.2465103068622986e-07,1.3220769330297983e-07
Salt_Pond_MetaGSF2_C_H2O_MG_DASTool_bins_metabat.29,7.428086575105715e-07,1.2323062663685645e-06,2.285365574494562e-06,3.0347246913014512e-06,6.219847354275722e-07,6.025595567052956e-07
Salt_Pond_MetaGSF2_C_H2O_MG_DASTool_bins_metabat.49,3.8592224214832534e-08,1.7617887815670755e-08,2.0086485986059565e-07,1.9677228340262793e-07,9.662469515568206e-08,1.2651623968766354e-08
Salt_Pond_MetaG_R1_A_D1_MG_DASTool_bins.concoct_out.44,0.00016843631053452824,0.00029485048433448965,0.0002128622313542111,9.495003598245431e-05,4.954703062181525e-05,0.00020446339022725846
Salt_Pond_MetaG_R1_A_D1_MG_DASTool_bins.concoct_out.5,0.00038320613301235816,0.0013497371754411793,0.0005065461421451266,0.00029052594927770324,0.00046676756536235213,0.0006333526411316278
Salt_Pond_MetaG_R1_A_D1_MG_DASTool_bins.concoct_out.54,0.00012447381310608946,0.0002682941324251141,7.705965428758288e-05,2.9211148502244015e-05,0.0001592557072173025,0.0002529526903685638
Salt_Pond_MetaG_R1_A_D1_MG_DASTool_bins.concoct_out.9,0.0003682180010739275,0.0004974495236760975,0.0006877925592469302,0.00047976626222046405,0.0002096450419660028,0.0005090560080687624
Salt_Pond_MetaG_R1_A_D1_MG_DASTool_bins.metabat.15,0.00031170224682815266,0.0007110600462516537,0.0003425911518909499,0.00024601600666585265,6.579367472962047e-05,0.0005244824290137145
Salt_Pond_MetaG_R1_A_D1_MG_DASTool_bins.metabat.18,0.001229024253718611,0.003410132498871027,0.0013922697263920377,0.0011469089473478422,0.0002598221631092748,0.0015355630271613983
Salt_Pond_MetaG_R1_A_D1_MG_DASTool_bins.metabat.26,0.0002894870822521816,0.0010146848260483413,0.0006000810601577317,0.00046466698140277976,0.0001358723587556644,0.0007526731035432233
Salt_Pond_MetaG_R1_A_D1_MG_DASTool_bins.metabat.45,5.182391887981289e-05,7.688897159876489e-05,8.143525705437065e-05,4.1314345800271404e-05,4.3223402353766884e-05,0.0005883491995758235
Salt_Pond_MetaG_R1_A_D1_MG_DASTool_bins.metabat.47,0.0018535903634948946,0.0016227077598790999,0.0013098411864026689,0.0023396057874944215,0.0007307103489552307,0.0013517578087360223
Salt_Pond_MetaG_R1_A_D1_MG_DASTool_bins.metabat.51,0.0008934585705235127,0.0009181652715477225,0.000885732612271011,0.00011900373004011634,7.905021962474135e-06,0.0012884957402331159
Salt_Pond_MetaG_R1_A_D1_MG_DASTool_bins.metabat.6,0.0006718901526667846,0.0016101512988126456,0.000998272745337092,0.0006642799188469961,0.00023808989342102168,0.000924090293241187
Salt_Pond_MetaG_R1_A_D2_MG_DASTool_bins_concoct_out.1,0.00025265063629514216,0.0006316739199705459,0.0001507698879871011,2.454309115523832e-05,2.6220850210469715e-05,0.00025665623951506465
Salt_Pond_MetaG_R1_A_D2_MG_DASTool_bins_concoct_out.109,0.000780126399440068,0.0009475033403541258,0.000373989671129529,0.0003335505911174576,0.00014563855290186962,0.0008925601590719309
Salt_Pond_MetaG_R1_A_D2_MG_DASTool_bins_concoct_out.21,0.00020431570247207714,0.000754898770276516,0.0005695454001061876,0.0003340732943715239,8.412429869288924e-05,0.000622221790884172
Salt_Pond_MetaG_R1_A_D2_MG_DASTool_bins_concoct_out.25,0.00031670593282757834,2.509626431744458e-05,5.271428457255365e-05,4.444427325964303e-05,4.026335243583586e-06,0.00029005086831859506
Salt_Pond_MetaG_R1_A_D2_MG_DASTool_bins_concoct_out.51,0.00017555014402013792,0.000515099835997902,0.00021361851182998185,0.0003254266665333645,2.9884000528809466e-05,0.00041691727638979505
Salt_Pond_MetaG_R1_A_D2_MG_DASTool_bins_metabat.15,0.00039072382592448385,0.0009978463361895846,0.0018102786323497613,0.0016135993239743505,0.0007438971122252758,0.000427988789303948
Salt_Pond_MetaG_R1_A_D2_MG_DASTool_bins_metabat.27,0.0007166432501603074,0.0013267102102797609,0.0015008082293542948,0.0020374468222650478,0.00034537826343177864,0.0011982691399515064
Salt_Pond_MetaG_R1_A_D2_MG_DASTool_bins_metabat.31,0.0055754268182756535,0.0007762402945126182,0.0006625522671815256,0.0001738475561453534,6.136443528327046e-05,0.0030892616003362137
Salt_Pond_MetaG_R1_A_D2_MG_DASTool_bins_metabat.36,0.0009470889345406624,0.001539642606578239,0.0012558027842894113,0.0007412593531368919,0.0003489777737913664,0.0014332227128920551
Salt_Pond_MetaG_R1_A_D2_MG_DASTool_bins_metabat.45,0.0004315703566295262,0.0005727310675161259,0.0008398370260595927,0.0020289731562475252,0.0003716245754543789,0.00048151155524301216
Salt_Pond_MetaG_R1_A_D2_MG_DASTool_bins_metabat.48,8.72308801706836e-05,0.00017736962860938555,0.0007838741949987604,4.693594625449093e-05,2.1682446319288056e-06,0.0003157711442531048
Salt_Pond_MetaG_R1_A_D2_MG_DASTool_bins_metabat.50,0.0009285004551109879,0.0005974859647623665,0.00016741549385906865,3.394945145366153e-05,4.971419887484856e-06,0.0006923250123553595
Salt_Pond_MetaG_R1_A_D2_MG_DASTool_bins_metabat.84,7.880403706415746e-05,0.000144734420712362,0.0001424147151632548,3.935939155725988e-05,0.0001464615371576835,0.0001386334092573584
Salt_Pond_MetaG_R1_A_H2O_MG_DASTool_bins_concoct_out.2,2.5721297375407705e-05,3.057183593554475e-05,3.1387654603459006e-05,2.200666975588781e-05,4.453864534110005e-06,2.516692632018687e-05
Salt_Pond_MetaG_R1_A_H2O_MG_DASTool_bins_maxbin.022,2.6156335464116325e-06,1.0207888330961749e-05,9.78051645594529e-06,9.255297192582066e-06,7.445788643359455e-06,3.6788503007551754e-06
Salt_Pond_MetaG_R1_A_H2O_MG_DASTool_bins_metabat.14,2.3767170752349032e-06,8.270836337309832e-06,7.865471244306213e-06,4.083726489339685e-06,1.7090939839380095e-05,1.7864772293110644e-06
Salt_Pond_MetaG_R1_A_H2O_MG_DASTool_bins_metabat.6,2.8074774888648818e-05,3.714202145880423e-05,1.9118913595894715e-05,2.0239338804136463e-05,8.062951025100153e-06,9.749384538402962e-06
Salt_Pond_MetaG_R1_A_H2O_MG_DASTool_bins_metabat.8,4.596551302681917e-05,0.0002092910266182291,0.0005746697259885419,0.0008941624609028179,0.023807635210998806,2.9606237692789212e-05
Salt_Pond_MetaG_R1_B_D1_MG_DASTool_bins_concoct_out.53,0.0008342286195222775,0.0023223626032394537,0.0018838656142564256,0.0016117844068368609,0.00018109165789070638,0.001167888293345379
Salt_Pond_MetaG_R1_B_D1_MG_DASTool_bins_concoct_out.59,0.0006087026248695594,0.00053414691307935,0.0007756892597067097,0.0016780010868214735,0.0003322850336165577,0.0003788963913416781
Salt_Pond_MetaG_R1_B_D1_MG_DASTool_bins_concoct_out.89,0.0011752784943935934,0.00010679908486092199,0.0007301096406699898,0.00195605213927447,6.488177102015329e-05,9.801623933098245e-05
Salt_Pond_MetaG_R1_B_D1_MG_DASTool_bins_metabat.13,0.0020375212010493855,0.004270738522230567,0.0013339000498075538,0.0011737760657448203,0.00019365058080437738,0.0024232586090290375
Salt_Pond_MetaG_R1_B_D1_MG_DASTool_bins_metabat.16,0.0008302553914639689,0.0022399079906606587,0.005119374137595208,0.001605769594071517,0.0005103694788729644,0.00035606838420350865
Salt_Pond_MetaG_R1_B_D1_MG_DASTool_bins_metabat.20,0.002327213043545976,0.0037439601669106543,0.0027443828341905327,0.002139440982120098,0.0004531979955089946,0.0010544311054557112
Salt_Pond_MetaG_R1_B_D1_MG_DASTool_bins_metabat.28,0.005781804002518626,0.01251372365146014,0.006915844148216506,0.006853361522496254,0.0012417862506807294,0.005807695529745949
Salt_Pond_MetaG_R1_B_D1_MG_DASTool_bins_metabat.29,0.0031095574424637156,0.008339506421962193,0.0074926888646723675,0.004402614225703517,0.0011689164821910224,0.0019413709551998107
Salt_Pond_MetaG_R1_B_D1_MG_DASTool_bins_metabat.32,0.001153987686119989,0.002613671092557896,0.002693557773009426,0.0015654885805016022,0.0006072999929110258,0.0010522569754519168
Salt_Pond_MetaG_R1_B_D1_MG_DASTool_bins_metabat.38,0.000712126443180451,0.0006126751586562655,0.002079267535242757,0.0024909106039054008,0.0006939767833335644,0.00012130790017417853
Salt_Pond_MetaG_R1_B_D1_MG_DASTool_bins_metabat.40,0.001430246572654781,0.0018866677255378321,0.0012988096098526876,0.0023834952797658245,0.00014666300642010048,0.0006732106383624029
Salt_Pond_MetaG_R1_B_D1_MG_DASTool_bins_metabat.41,0.0027132244107320614,0.004263922249717703,0.003996669370448175,0.0030044723361858016,0.001078855993701357,0.002440095316533297
Salt_Pond_MetaG_R1_B_D1_MG_DASTool_bins_metabat.49,0.0003235498044299049,0.0006769877493419859,0.0012459992904144783,0.001106697476393622,0.0005050224119351856,0.0002452695389463673
Salt_Pond_MetaG_R1_B_D1_MG_DASTool_bins_metabat.58,0.0007863782039941588,0.0002045818075186338,0.0002046260660954573,0.0001211798833461989,0.00011157463915867735,0.0005292230576181066
Salt_Pond_MetaG_R1_B_D2_MG_DASTool_bins_concoct_out.120,0.00044417691191143104,0.0016404449131670086,0.0006372331228945855,6.360274288555067e-05,0.00030947247831420344,0.0005885677372062105
Salt_Pond_MetaG_R1_B_D2_MG_DASTool_bins_concoct_out.37,0.0004345102211828983,8.59347974284943e-05,0.00023330861525202432,0.00021825001848656234,5.658230470884825e-05,3.250490131372505e-05
Salt_Pond_MetaG_R1_B_D2_MG_DASTool_bins_concoct_out.51,0.0012764311432405602,0.002564135332961665,0.001905811022662557,0.001099128894212751,0.00047557585908661456,0.0009376240339317974
Salt_Pond_MetaG_R1_B_D2_MG_DASTool_bins_concoct_out.73,0.0004647651459311972,0.00035475102945985105,0.0005269767467844399,0.001143831417083137,0.0002329814319914201,0.00027041055301902544
Salt_Pond_MetaG_R1_B_D2_MG_DASTool_bins_concoct_out.86,0.0004675353941862375,2.564168210921679e-05,8.412610100481408e-05,0.0001083874213123994,2.490945259269563e-05,1.158579559234093e-05
Salt_Pond_MetaG_R1_B_D2_MG_DASTool_bins_concoct_out.87,0.0004679905417154052,0.0013788424082915676,0.0006799198540656947,0.0002984487702630448,0.0001311488232081233,0.0010843857996630252
Salt_Pond_MetaG_R1_B_D2_MG_DASTool_bins_maxbin.014,0.0015580190840282283,0.004945227668389714,0.001972759271195398,0.0016590733688223026,0.00033292828196971306,0.0022916655885526866
Salt_Pond_MetaG_R1_B_D2_MG_DASTool_bins_metabat.14,0.0015124030380185484,0.004975514010057203,0.00784486048763463,0.004579328496550741,0.00114601674856341,0.0010474560447811998
Salt_Pond_MetaG_R1_B_D2_MG_DASTool_bins_metabat.16,0.0012043986321399504,0.0012452558027049503,0.0012293999211697053,0.0009882927232861406,0.0003467355167442572,0.00045371569660037655
Salt_Pond_MetaG_R1_B_D2_MG_DASTool_bins_metabat.18,0.001017315374628147,0.002240545767514699,0.0015277976012606673,0.0009510598092667577,0.0002570214552796248,0.0007231875990461241
Salt_Pond_MetaG_R1_B_D2_MG_DASTool_bins_metabat.19,0.00046175548847718855,0.0009662390430871596,0.0018174656816660481,0.00164312547006038,0.0008002089028424072,0.0003514596469600751
Salt_Pond_MetaG_R1_B_D2_MG_DASTool_bins_metabat.27,0.000720231639530185,0.0011311204824717579,0.0007974772906165554,0.0008724622985858451,0.0002445655103942614,0.0004425136343043807
Salt_Pond_MetaG_R1_B_D2_MG_DASTool_bins_metabat.28,0.001617346912221753,0.004454306819822488,0.004159265016287361,0.003202796390703184,0.0005491541061885634,0.001577217879400878
Salt_Pond_MetaG_R1_B_D2_MG_DASTool_bins_metabat.30,0.0007962158961155229,0.0012806982444540282,0.0009713310299390548,0.0007955469741595584,0.00024224935715942299,0.00041322710419986164
Salt_Pond_MetaG_R1_B_D2_MG_DASTool_bins_metabat.34,0.0008106832775490246,0.0009564995964819905,0.0017807723624331238,0.0009703990347752659,0.00038034550590780526,0.00038637593851835217
Salt_Pond_MetaG_R1_B_D2_MG_DASTool_bins_metabat.37,0.0003984373653049188,0.0006166862887927792,0.0005256120887948079,0.00035553863390782887,8.390476464689729e-05,0.00024203968044964966
Salt_Pond_MetaG_R1_B_D2_MG_DASTool_bins_metabat.63,0.0009230333230935459,0.0003503780042175139,0.00013917154864465466,3.776246319886598e-05,1.4487900584633484e-05,0.00031401164115588825
Salt_Pond_MetaG_R1_B_D2_MG_DASTool_bins_metabat.78,0.0004279854737022117,7.722778840687833e-05,6.652294034012853e-05,4.789220961324074e-05,2.2990727421328463e-05,0.00037802935203916187
Salt_Pond_MetaG_R1_B_H2O_MG_DASTool_bins_concoct_out.13,4.5773212341613165e-07,7.61971759611728e-07,8.749845335796019e-07,1.122343523088027e-06,5.955288122379704e-07,2.3691597428952075e-07
Salt_Pond_MetaG_R1_B_H2O_MG_DASTool_bins_concoct_out.19,5.349566378368736e-06,8.818961346430576e-06,4.229327973526563e-05,8.529137273072359e-05,3.20691031298024e-05,3.0946642297533375e-06
Salt_Pond_MetaG_R1_B_H2O_MG_DASTool_bins_concoct_out.22,0.00018744772270087406,0.0002911982681684942,0.0002902609630321449,0.00012342511115483697,8.829223568283242e-05,0.00039431111191052257
Salt_Pond_MetaG_R1_B_H2O_MG_DASTool_bins_maxbin.028,8.47913451215582e-06,1.9976864193227897e-05,2.0971007712929284e-05,2.1982534721760614e-05,3.718248477050352e-05,7.209244701877601e-06
Salt_Pond_MetaG_R1_B_H2O_MG_DASTool_bins_metabat.11,1.6731589978861483e-05,3.0183010659825055e-05,4.317874940138592e-05,5.2666067835572656e-05,1.1990174189568924e-05,3.023620154300961e-05
Salt_Pond_MetaG_R1_B_H2O_MG_DASTool_bins_metabat.17,9.60105586324399e-06,2.7233516362098223e-05,3.467009387060109e-05,2.2617158561978574e-05,6.345624061178733e-05,5.850351556926769e-06
Salt_Pond_MetaG_R1_B_H2O_MG_DASTool_bins_metabat.5,9.320202237905224e-05,3.936502669110158e-05,6.016624206208354e-05,9.961615110570141e-05,1.8576280444112905e-05,2.9553206164363562e-05
Salt_Pond_MetaG_R1_B_H2O_MG_DASTool_bins_metabat.7,3.33344031086965e-06,6.599591752516435e-06,1.9692585515867633e-05,8.417059830876589e-06,1.8668066418533086e-05,1.2468125395082574e-06
Salt_Pond_MetaG_R1_C_D1_MG_DASTool_bins_concoct_out.45,0.0002768345612343485,0.0009721573276600632,0.00118808975211867,0.00108888440329477,0.0004641537212726717,0.00026558595586156637
Salt_Pond_MetaG_R1_C_D1_MG_DASTool_bins_maxbin.047,0.0005927441120790059,0.0007905349411484162,0.0004896684198690386,0.00013574115714994653,2.0480455337713837e-05,0.0007269497827458547
Salt_Pond_MetaG_R1_C_D1_MG_DASTool_bins_metabat.19,0.004111858607789517,0.013321519270759434,0.0023786702350959608,0.0019066759001571106,0.0005960517637619395,0.007097116779945847
Salt_Pond_MetaG_R1_C_D1_MG_DASTool_bins_metabat.27,0.0007728287068506272,0.0013880456188584578,0.0017404325407803655,0.0014980730721809918,0.00018646490962569119,0.0007872352072551195
Salt_Pond_MetaG_R1_C_D1_MG_DASTool_bins_metabat.31,0.0016225408038724692,0.00264660838672471,0.0013053744774296507,0.0004777994863875862,0.00033227294440889423,0.00022370189006598544
Salt_Pond_MetaG_R1_C_D2_MG_DASTool_bins_concoct_out.36,0.0003900774285701227,0.0025100300913684886,0.003642374285860159,0.0022989948851973264,0.0006374540026374189,0.0002161332760427762
Salt_Pond_MetaG_R1_C_D2_MG_DASTool_bins_concoct_out.85,0.002287904507443364,0.0021402025559467386,0.0030354135976847023,0.002062494110869882,0.0009202047729343837,0.004864552261551196
Salt_Pond_MetaG_R1_C_D2_MG_DASTool_bins_metabat.30,0.0018028618766134199,0.005127344516332277,0.0033023575700777043,0.002718954680845335,0.0010541443138967794,0.002452851612851398
Salt_Pond_MetaG_R1_C_D2_MG_DASTool_bins_metabat.40,0.002094649846067782,0.004276517106944087,0.002866196797375157,0.0006617978953471144,0.0020755071459185996,0.003729625911937657
Salt_Pond_MetaG_R1_C_D2_MG_DASTool_bins_metabat.58,0.00012192116232911914,0.0004843788921550228,0.0005400421140411806,0.0001082745088177453,0.000321342115001118,5.6737943316550756e-05
Salt_Pond_MetaG_R1_C_H2O_MG_DASTool_bins_concoct_out.16,0.00021616398847728633,0.0003043885924546182,0.001228074756313003,0.00019726871619567512,0.0011699502241410145,0.00020627003970081023
Salt_Pond_MetaG_R1_C_H2O_MG_DASTool_bins_concoct_out.67,1.462056260320031e-05,2.9400692310247168e-05,6.664959329794736e-05,0.0001159872751026562,0.0003910527554875852,1.0933903593611828e-05
Salt_Pond_MetaG_R1_C_H2O_MG_DASTool_bins_concoct_out.79,0.0002412878969869613,0.0004572554195762302,0.0005711862788295509,0.0003615100306325591,0.00013496870806743955,0.00016581400207740996
Salt_Pond_MetaG_R1_C_H2O_MG_DASTool_bins_metabat.23,2.767291134408919e-06,6.933182967544692e-06,1.192009899353008e-05,1.1248276528202075e-05,3.170954465514752e-05,2.9514301023767657e-06
Salt_Pond_MetaG_R1_C_H2O_MG_DASTool_bins_metabat.29,4.878923882795997e-06,1.8674022757546774e-05,1.320816935299823e-05,6.755733217086785e-06,1.4007820076134341e-05,2.9672949182322267e-06
Salt_Pond_MetaG_R2A_A_D1_MG_DASTool_bins_concoct_out.24,1.086770437006061e-06,1.4365971881323772e-06,4.248020341432141e-06,1.433974644609308e-06,9.71969909813237e-07,1.6984327995589817e-07
Salt_Pond_MetaG_R2A_A_D1_MG_DASTool_bins_concoct_out.42,4.326128290974239e-06,1.2292582141425485e-05,1.2177969123849286e-05,6.9978367094541945e-06,3.7927488385437922e-06,8.513113547549469e-06
Salt_Pond_MetaG_R2A_A_D1_MG_DASTool_bins_concoct_out.46,7.568014017275114e-08,1.0533199606832097e-07,1.1281337166315898e-07,9.968383166010625e-08,3.701946685385351e-08,3.616921713888221e-08
Salt_Pond_MetaG_R2A_A_D1_MG_DASTool_bins_concoct_out.50,7.73911374148986e-07,9.871571602519867e-07,3.5451964518581823e-06,3.128070085435168e-06,1.221813052129539e-06,6.659849212056607e-07
Salt_Pond_MetaG_R2A_A_D1_MG_DASTool_bins_concoct_out.51,1.6699299784759842e-06,3.3468281350747583e-06,8.561647660480232e-06,4.3916586947018245e-06,2.210198812248442e-06,9.147010921215981e-07
Salt_Pond_MetaG_R2A_A_D1_MG_DASTool_bins_concoct_out.6,1.3851329820353434e-06,1.7676851347436419e-06,2.698106733005986e-06,2.7398487028140676e-06,9.239927768998153e-07,6.473225583681971e-07
Salt_Pond_MetaG_R2A_A_D1_MG_DASTool_bins_metabat.10,9.559346649383484e-07,1.048917377145325e-06,1.49408703547187e-06,1.3103144133956693e-06,4.5936142438480647e-07,4.0491278323926296e-07
Salt_Pond_MetaG_R2A_A_D1_MG_DASTool_bins_metabat.14,7.243510390851147e-07,1.3797162719731828e-06,1.9508431628946655e-06,1.3316071501322947e-06,1.921895139122342e-06,4.718182329163519e-07
Salt_Pond_MetaG_R2A_A_D1_MG_DASTool_bins_metabat.17,7.20465815212442e-06,1.605119753937461e-05,3.058666044951672e-05,1.1682420203245764e-05,5.371528908395781e-06,1.8901448544547432e-06
Salt_Pond_MetaG_R2A_A_D2_MG_DASTool_bins_concoct_out.10,8.991201663062376e-06,2.4375409579312513e-05,3.472579127992519e-05,3.0862895734844353e-05,5.878184881884534e-06,2.6841884051605185e-06
Salt_Pond_MetaG_R2A_A_D2_MG_DASTool_bins_concoct_out.25,1.594764369336426e-06,2.0069227803553886e-06,6.727966441514182e-06,1.016845709252545e-05,3.385081673025185e-06,1.0170543883480891e-06
Salt_Pond_MetaG_R2A_A_D2_MG_DASTool_bins_concoct_out.37,1.1074213269725427e-06,2.897474386236663e-06,6.216140805640409e-06,2.104218574866364e-06,1.5125106027142682e-06,3.399450289264382e-07
Salt_Pond_MetaG_R2A_A_D2_MG_DASTool_bins_concoct_out.51,1.6633306407110086e-06,1.9555779938753235e-06,1.6395377195043453e-06,1.334379095848527e-06,5.583034791046954e-07,5.930687326598731e-07
Salt_Pond_MetaG_R2A_A_D2_MG_DASTool_bins_concoct_out.59,6.7093005522874565e-06,1.58297093826056e-05,1.3358374849172444e-05,8.811266519426782e-06,3.0567118364212956e-06,4.779007799457786e-06
Salt_Pond_MetaG_R2A_A_D2_MG_DASTool_bins_metabat.16,4.1946748741732405e-07,8.171636870552548e-08,1.0613203338867199e-07,1.4675380177392565e-07,1.2130433972491774e-07,5.0424047158847835e-08
Salt_Pond_MetaG_R2A_A_D2_MG_DASTool_bins_metabat.7,1.3252151682800805e-06,1.150871395782314e-06,3.166268224595444e-06,4.061304006136824e-06,7.815437396828701e-07,5.459879341405879e-07
Salt_Pond_MetaG_R2A_A_H2O_MG_DASTool_bins_concoct_out.62,4.095817486286354e-08,3.523577563134151e-08,2.8105323365426283e-07,1.468420846732502e-07,2.6852352169559795e-07,1.0896377320719058e-08
Salt_Pond_MetaG_R2A_A_H2O_MG_DASTool_bins_concoct_out.78,2.927707544860139e-07,4.085818435276274e-07,1.1521200638442828e-06,1.1435479769253241e-06,3.3054023761958137e-07,2.9142826901248567e-07
Salt_Pond_MetaG_R2A_A_H2O_MG_DASTool_bins_metabat.16,1.6617657713256176e-06,2.9436734811915693e-06,4.1847338153253855e-06,3.7885946177668205e-06,1.6504190488607483e-06,1.0509362167499562e-06
Salt_Pond_MetaG_R2A_A_H2O_MG_DASTool_bins_metabat.20,3.036765510626632e-07,6.676969155733962e-07,1.7830218552796402e-06,1.750143369833314e-06,8.436308962609533e-07,2.3519113576084228e-07
Salt_Pond_MetaG_R2A_A_H2O_MG_DASTool_bins_metabat.22,1.32349363664176e-06,2.7571018336139816e-06,4.1277254662418145e-06,4.032127881135631e-06,1.490730696220452e-06,6.220953307290883e-07
Salt_Pond_MetaG_R2A_A_H2O_MG_DASTool_bins_metabat.49,1.0046831613172399e-07,2.3615627362795522e-08,2.0950966776730794e-07,6.031171839971588e-08,1.4807786741541418e-07,3.6017176542034233e-09
Salt_Pond_MetaG_R2A_B_D1_MG_DASTool_bins_concoct_out.4,3.7639489808307444e-06,9.156305869715823e-06,1.2027788256674714e-05,9.575676600136185e-06,2.442132209812553e-06,1.4720415253734494e-06
Salt_Pond_MetaG_R2A_B_D2_MG_DASTool_bins_concoct_out.11,1.4756835256702267e-07,2.3465495032514128e-07,7.389819013314729e-07,3.1471205738515037e-07,3.4089791500441187e-07,6.519581520809665e-08
Salt_Pond_MetaG_R2A_B_D2_MG_DASTool_bins_concoct_out.37,1.538045621199985e-07,3.696941460098085e-07,5.373353479679355e-07,2.2013070266088833e-07,2.701115442000681e-07,1.0305946275628696e-07
Salt_Pond_MetaG_R2A_B_D2_MG_DASTool_bins_concoct_out.47,1.8592558340245973e-07,4.982664386152224e-07,7.543142047625836e-07,5.89875435711261e-07,2.5285461861319295e-07,1.8426535463239718e-07
Salt_Pond_MetaG_R2A_B_D2_MG_DASTool_bins_concoct_out.54,7.923066783020518e-07,2.1168601327027094e-06,4.131737361691293e-05,3.3072926897099743e-06,4.030769552115462e-06,4.986942787857139e-07
Salt_Pond_MetaG_R2A_B_D2_MG_DASTool_bins_metabat.6,1.3104248490883248e-06,1.8259735414992256e-06,2.7877123723344387e-06,1.8843527209034506e-06,1.9251477020257054e-06,9.445335053541073e-07
Salt_Pond_MetaG_R2A_B_H2O_MG_DASTool_bins_concoct_out.59,3.207081923576698e-07,4.1420425224904787e-07,1.2433137191782716e-06,1.5976691108282724e-06,4.425338415202995e-07,2.533973768077626e-07
Salt_Pond_MetaG_R2A_B_H2O_MG_DASTool_bins_concoct_out.69,2.0430487070145091e-07,3.989321820940251e-07,1.233884139143658e-06,1.186045167499248e-06,9.858449241117504e-07,2.0457653570011368e-07
Salt_Pond_MetaG_R2A_B_H2O_MG_DASTool_bins_concoct_out.80,1.9712868763089308e-07,1.3438236673968594e-07,3.698864153546427e-07,3.434378022772291e-07,1.7066362886338934e-07,1.7916685934478711e-07
Salt_Pond_MetaG_R2A_B_H2O_MG_DASTool_bins_maxbin.029,1.338426354376282e-07,9.310344594083304e-07,7.393789053328596e-07,7.419082802196814e-07,4.0499090388613016e-07,1.0318109523376531e-07
Salt_Pond_MetaG_R2A_B_H2O_MG_DASTool_bins_metabat.10,4.889131711810115e-07,2.881654427171345e-07,7.999110324295781e-07,5.743914391050781e-07,5.535922420818594e-07,2.3880805747473073e-07
Salt_Pond_MetaG_R2A_B_H2O_MG_DASTool_bins_metabat.42,2.846545978978741e-07,5.157904937244672e-07,7.904783737700121e-07,5.687151233236234e-07,5.350825086549325e-07,2.694226575354607e-07
Salt_Pond_MetaG_R2A_C_D1_MG_DASTool_bins_concoct_out.10,5.272383683082969e-07,1.068881082621644e-06,1.659575577077894e-06,8.855370046800751e-07,4.591731682689114e-07,3.0203576919919306e-07
Salt_Pond_MetaG_R2A_C_D1_MG_DASTool_bins_concoct_out.15,3.8675185083129225e-07,3.2649014399639863e-07,1.05070589909787e-06,7.105430139603561e-07,4.246593170951597e-07,1.970082029592723e-07
Salt_Pond_MetaG_R2A_C_D1_MG_DASTool_bins_concoct_out.52,1.2483280275022003e-07,2.3427961949943755e-08,8.490316381097281e-08,2.0939605139325224e-08,8.993131323305804e-08,1.4437278736183214e-08
Salt_Pond_MetaG_R2A_C_D1_MG_DASTool_bins_concoct_out.8,2.5136751857331564e-06,6.923822357894492e-06,5.327775123762095e-06,3.7842335798627434e-06,1.6775277912156624e-06,2.5590557349041796e-06
Salt_Pond_MetaG_R2A_C_D1_MG_DASTool_bins_maxbin.009,2.6106986854443243e-06,6.822322395461373e-06,7.736934722460457e-06,5.69062047653459e-06,1.9885878717421106e-06,1.4229013990124195e-06
Salt_Pond_MetaG_R2A_C_D1_MG_DASTool_bins_metabat.16,8.760086270824019e-07,1.945083838083888e-06,2.9543549824451416e-06,1.8953522208690598e-06,6.969588724744362e-07,9.456045693163382e-07
Salt_Pond_MetaG_R2A_C_D1_MG_DASTool_bins_metabat.17,2.760976593729483e-06,6.587010616191238e-06,2.469213179817781e-05,8.266386405695222e-06,3.894531723608195e-06,3.135756273247902e-06
Salt_Pond_MetaG_R2A_C_D1_MG_DASTool_bins_metabat.18,1.1289961736025302e-06,2.0023400850687845e-06,2.3592542208903464e-06,1.648340748589418e-06,6.086920996402728e-07,4.734670511466061e-07
Salt_Pond_MetaG_R2A_C_D1_MG_DASTool_bins_metabat.4,2.2441420015308894e-06,4.836841982892702e-06,5.7770743766573775e-06,3.981791443746802e-06,1.4027226201562835e-06,1.6252665662739427e-06
Salt_Pond_MetaG_R2A_C_D1_MG_DASTool_bins_metabat.5,2.2850289294105415e-05,5.598161126883063e-05,7.650371222680674e-05,6.157418210842921e-05,1.437542964164527e-05,9.11588102761707e-06
Salt_Pond_MetaG_R2A_C_D2_MG_DASTool_bins_concoct_out.10,9.322448778938006e-07,2.1827338813505254e-06,7.435446627231282e-06,2.1670815317339998e-06,1.614275877615154e-06,3.0353254683259965e-07
Salt_Pond_MetaG_R2A_C_D2_MG_DASTool_bins_concoct_out.16,7.822002098441307e-07,1.6446414181532274e-06,4.032989561144935e-06,1.852810888845476e-06,1.0030429419677288e-06,4.1166009675712495e-07
Salt_Pond_MetaG_R2A_C_D2_MG_DASTool_bins_concoct_out.21,5.394013913926554e-06,8.887064419040203e-06,1.3973230373422776e-05,6.935053069873399e-06,3.400432971606702e-06,3.7299653103841316e-06
Salt_Pond_MetaG_R2A_C_D2_MG_DASTool_bins_concoct_out.31,1.0233580031241045e-06,1.8598093801983098e-06,2.214988391612111e-06,1.8291876208892408e-06,7.612577276355765e-07,6.188585105073202e-07
Salt_Pond_MetaG_R2A_C_D2_MG_DASTool_bins_concoct_out.34,8.295512565129009e-07,1.6472687339331504e-06,4.0412004215507934e-06,4.262940128002005e-06,7.520587300328507e-07,7.722660001240312e-07
Salt_Pond_MetaG_R2A_C_D2_MG_DASTool_bins_concoct_out.36,3.764264058480508e-07,9.845373981361934e-07,1.8010777714712251e-06,1.3074541847801112e-06,4.125253610899643e-07,1.3738220888901298e-07
Salt_Pond_MetaG_R2A_C_D2_MG_DASTool_bins_concoct_out.4,4.180235172627228e-06,8.510081536585683e-06,1.4137734032278757e-05,1.5201351192669278e-05,3.083732527958587e-06,4.069150136326324e-06
Salt_Pond_MetaG_R2A_C_D2_MG_DASTool_bins_concoct_out.41,3.7806815613300523e-06,7.328635785836815e-06,9.6351858382861e-06,6.107408969474085e-06,2.3919494555563976e-06,2.8496325765743186e-06
Salt_Pond_MetaG_R2A_C_D2_MG_DASTool_bins_concoct_out.42,4.396656346798277e-06,1.068964021324602e-05,1.7123683089086968e-05,9.912493871576846e-06,3.957242556264867e-06,1.872394735198361e-06
Salt_Pond_MetaG_R2A_C_D2_MG_DASTool_bins_concoct_out.45,1.1126374787375598e-07,4.6668258487035846e-08,5.856865746449659e-08,3.67325918931436e-08,8.847263911358541e-08,1.4467686855552863e-08
Salt_Pond_MetaG_R2A_C_D2_MG_DASTool_bins_concoct_out.49,6.649032120886443e-07,1.506137965994933e-06,1.8282032071955162e-06,8.698323008255789e-07,3.794877941992112e-07,4.88178002957116e-07
Salt_Pond_MetaG_R2A_C_D2_MG_DASTool_bins_concoct_out.51,8.211217754189002e-07,2.3099849624018458e-06,2.9008950403743765e-06,1.747583165752902e-06,9.162524534165619e-07,2.533517646287069e-07
Salt_Pond_MetaG_R2A_C_D2_MG_DASTool_bins_concoct_out.69,1.0285824900890539e-05,2.530188400442659e-05,2.7584548137775135e-05,1.4684746443720684e-05,6.418296232063189e-06,5.815832802509238e-06
Salt_Pond_MetaG_R2A_C_D2_MG_DASTool_bins_concoct_out.9,2.7499141348998916e-06,5.1928592147567176e-06,7.665400392448392e-06,5.3028405084101014e-06,1.901497388853575e-06,1.567319798553307e-06
Salt_Pond_MetaG_R2A_C_D2_MG_DASTool_bins_maxbin.022,9.174065081398182e-07,1.9166902963575044e-06,3.203571068982766e-06,2.23997287667468e-06,9.224223645588702e-07,4.1416034232972835e-07
Salt_Pond_MetaG_R2A_C_D2_MG_DASTool_bins_metabat.10,5.025285234757906e-07,7.255161587968499e-07,2.09510283492299e-06,7.628037439093429e-07,3.67353838194014e-07,2.1692407847518465e-07
Salt_Pond_MetaG_R2A_C_D2_MG_DASTool_bins_metabat.18,1.4557696495500831e-06,3.36256936876191e-06,7.447599820026371e-06,6.0593058147930616e-06,2.2611109035643337e-06,8.500526230621546e-07
Salt_Pond_MetaG_R2A_C_D2_MG_DASTool_bins_metabat.27,1.4286137697991684e-06,3.1245439946695732e-06,3.929593455016563e-06,2.458391028411229e-06,1.4027226201562835e-06,7.647736876816133e-07
Salt_Pond_MetaG_R2A_C_D2_MG_DASTool_bins_metabat.38,7.079460468018283e-07,1.4105494640666396e-06,2.144623523229478e-06,1.5511198724979086e-06,5.545450555845431e-07,5.418996865764718e-07
Salt_Pond_MetaG_R2A_C_H2O_MG_DASTool_bins_concoct_out.67,4.33084592856014e-07,2.571445852108259e-07,6.721592827117348e-07,1.1160492270113015e-06,3.509379878883482e-07,8.336556651177257e-07
Salt_Pond_MetaG_R2A_C_H2O_MG_DASTool_bins_metabat.16,2.7526912643221615e-07,3.107489103092454e-07,5.597367578000471e-07,2.6200991293953906e-07,1.6230570654187158e-07,1.1571108672505334e-07
Salt_Pond_MetaG_R2A_C_H2O_MG_DASTool_bins_metabat.4,4.146762760494086e-06,6.398663700855692e-07,1.6560148555652656e-06,5.318942485311564e-07,1.383830297257243e-06,2.8935373711105786e-07
Salt_Pond_MetaG_R2A_C_H2O_MG_DASTool_bins_metabat.5,1.0545278390911315e-05,3.060537835753315e-05,2.3586094707507676e-05,2.1763392375604486e-05,4.197533876150501e-06,1.4622156984856412e-05
Salt_Pond_MetaG_R2_A_D1_MG_DASTool_bins_concoct_out.119,0.0005162662567297493,0.000611552438771602,0.0008355516597730497,0.004573418810772876,0.0005413590082558149,0.0003312878858788087
Salt_Pond_MetaG_R2_A_D1_MG_DASTool_bins_concoct_out.29,4.3521674059777184e-05,0.00011440447239921104,0.000883271309550008,0.0007887973963175499,0.0007314096770512997,9.56780023356828e-06
Salt_Pond_MetaG_R2_A_D1_MG_DASTool_bins_concoct_out.35,6.58046820848865e-05,0.00016182864447700357,0.0009826920347176026,0.0003470652405422845,0.000829917696320181,1.3984740693618414e-05
Salt_Pond_MetaG_R2_A_D1_MG_DASTool_bins_concoct_out.49,0.002269917975036629,0.0032260742424831605,0.0032297709868882047,0.001622351369992233,0.0011387480926262736,0.0012930955432302088
Salt_Pond_MetaG_R2_A_D1_MG_DASTool_bins_concoct_out.52,8.101599198529875e-06,5.6722620566596025e-05,4.870816813850457e-05,4.408422793348212e-06,0.00041076293476482165,3.6098822342541574e-06
Salt_Pond_MetaG_R2_A_D1_MG_DASTool_bins_concoct_out.66,2.2974141801028565e-06,3.4965694887568935e-05,0.00020110015911803058,1.656013085795578e-05,0.0005664110362627809,1.2522979160722817e-06
Salt_Pond_MetaG_R2_A_D1_MG_DASTool_bins_concoct_out.84,0.00017468297614728554,0.0007719908955083119,0.0020165457874629774,0.0010365563362311244,0.0011476122348096469,0.00016222420016007394
Salt_Pond_MetaG_R2_A_D1_MG_DASTool_bins_concoct_out.93,3.026107217995617e-06,3.044510135255677e-05,0.00047933596528620004,2.468312717766389e-05,0.00018280203450948574,1.9053659645102404e-06
Salt_Pond_MetaG_R2_A_D1_MG_DASTool_bins_concoct_out.98,0.0013374353383069837,0.001824101483187227,0.0023981856663220532,0.0009846297585482237,0.0005454940203153108,0.001672478941622809
Salt_Pond_MetaG_R2_A_D1_MG_DASTool_bins_maxbin.001,8.312686604966782e-06,2.5943426268446e-05,0.0003693343436798712,0.00036302044433752,0.0003642176433288879,1.0474105193941762e-06
Salt_Pond_MetaG_R2_A_D1_MG_DASTool_bins_metabat.10,0.001744198479481794,0.0052339468367000475,0.003510120294679364,0.002391599593437706,0.0008756854620330604,0.0030019332900228174
Salt_Pond_MetaG_R2_A_D1_MG_DASTool_bins_metabat.12,0.008926744376093143,0.02073954014409091,0.013852697939058104,0.013432880951715015,0.002617709804956753,0.0071341837081331455
Salt_Pond_MetaG_R2_A_D1_MG_DASTool_bins_metabat.24,0.00015899323779594815,0.00011822497877872224,0.0016398616916873602,0.00046173667381884694,0.0016410134165591916,5.102763343811377e-05
Salt_Pond_MetaG_R2_A_D1_MG_DASTool_bins_metabat.32,4.784020782100838e-05,5.5245405735153764e-05,0.0004808238947654928,0.0002955519855420999,0.00045652330842156495,2.2917841632797544e-05
Salt_Pond_MetaG_R2_A_D1_MG_DASTool_bins_metabat.50,0.0034873857686543363,0.004344834039610704,0.0027394578474466565,0.003312393992375806,0.0006770379796392354,0.0024744078982514312
Salt_Pond_MetaG_R2_A_D1_MG_DASTool_bins_metabat.61,4.4968328532688164e-06,0.00015400939876615425,0.0003246636021231749,6.925382502186793e-05,0.0007234244374701628,2.111439277843762e-06
Salt_Pond_MetaG_R2_A_D1_MG_DASTool_bins_metabat.7,0.0003677450283230342,0.0006345946987679121,0.0020921903029800125,0.0023960112186577403,0.002074523158073692,0.0002579823580145154
Salt_Pond_MetaG_R2_A_D1_MG_DASTool_bins_metabat.9,0.0005160207550291792,0.0011485799516140673,0.0025514382997981495,0.0022560480131977004,0.001132012340993216,0.00045323962821234816
Salt_Pond_MetaG_R2_A_D2_MG_DASTool_bins_concoct_out.19,3.189981489699374e-05,0.0001732732451864486,0.00035704450116431474,0.00021695333481551254,0.003079359618356258,1.3560583061620307e-05
Salt_Pond_MetaG_R2_A_D2_MG_DASTool_bins_concoct_out.67,2.983891944227187e-05,0.00011987465694836695,0.00012711469527989147,5.430607550242281e-05,0.0023636295897725593,1.9466479144836352e-05
Salt_Pond_MetaG_R2_A_D2_MG_DASTool_bins_concoct_out.9,4.729780676245735e-05,0.00018950660222363423,0.0002632742242913977,0.0001264727085914297,0.003943707922521973,3.833493591888701e-05
Salt_Pond_MetaG_R2_A_D2_MG_DASTool_bins_metabat.14,0.00024433198753143144,0.0008965476985199971,0.0012457164205148736,0.0006686086826834933,0.001682812817393881,0.00021342043231311353
Salt_Pond_MetaG_R2_A_D2_MG_DASTool_bins_metabat.16,4.620422876859075e-06,2.7615660043406177e-05,6.387921966080368e-05,5.6218987741247195e-05,0.0019280022307144185,6.450468193496087e-06
Salt_Pond_MetaG_R2_A_H2O_MG_DASTool_bins_concoct_out.11,0.00019055045235717952,0.0011915454088799583,0.0008768697712896549,0.0002917007259768677,0.0016332747926093016,7.045346679429156e-05
Salt_Pond_MetaG_R2_A_H2O_MG_DASTool_bins_concoct_out.29,0.00016534026740719753,0.000498638145381271,0.0006354735545362043,0.0003444691509680867,0.002000296253097777,0.00012116794885290974
Salt_Pond_MetaG_R2_A_H2O_MG_DASTool_bins_concoct_out.45,5.447251517288339e-05,0.0002672661951262311,0.00032822995244868815,0.0001452520596255985,0.0008984326960447367,2.4135294931233432e-05
Salt_Pond_MetaG_R2_A_H2O_MG_DASTool_bins_maxbin.035,1.049134203162887e-06,2.95745178170791e-06,1.0358672269063783e-05,2.6313874792288626e-05,0.00014197893580236793,7.689751434478198e-07
Salt_Pond_MetaG_R2_A_H2O_MG_DASTool_bins_metabat.14,0.00027287604190752153,0.001297809072033137,0.0017431509322154172,0.0011407346217230058,0.0029100205946025097,4.398576771766314e-05
Salt_Pond_MetaG_R2_B_D1_MG_DASTool_bins_concoct_out.110,0.0006552234258539603,0.001165542808962962,0.0026577847796474016,0.00369649546627813,0.0001801972514335452,0.0002579954172926844
Salt_Pond_MetaG_R2_B_D1_MG_DASTool_bins_concoct_out.40,0.0003554280056948142,0.0009649085403451258,0.0031117901208120606,0.004800568175520153,0.00038029785666919953,0.00023428715961531637
Salt_Pond_MetaG_R2_B_D1_MG_DASTool_bins_metabat.10,0.005192719602166692,0.009654635939296732,0.007128625219824721,0.006152638731434301,0.0011984889526907006,0.006039902057858596
Salt_Pond_MetaG_R2_B_D1_MG_DASTool_bins_metabat.13,0.006905406383114496,0.010343537888115404,0.01367980525629811,0.011036770990652759,0.004145464689072785,0.002979670885154678
Salt_Pond_MetaG_R2_B_D1_MG_DASTool_bins_metabat.22,0.0023540059750151426,0.004795648986010142,0.003393514922398304,0.0032925508857624074,0.0006243093110864628,0.0019965311553407808
Salt_Pond_MetaG_R2_B_D2_MG_DASTool_bins_concoct_out.124,0.00012184836920607878,0.0002062536855917354,0.0010652689027674312,0.0006966544227334079,0.0003572826806066645,1.1602589702148176e-05
Salt_Pond_MetaG_R2_B_D2_MG_DASTool_bins_concoct_out.143,0.0004890098265703213,0.0004919641474548364,0.002225398360958565,0.0014918989773246931,0.00047755615705867343,5.334080548703484e-05
Salt_Pond_MetaG_R2_B_D2_MG_DASTool_bins_concoct_out.32,0.0006133375124579647,0.0005202832288252541,0.001571215039317976,0.0007252050489217594,0.00031225563060537776,6.74004785665599e-05
Salt_Pond_MetaG_R2_B_D2_MG_DASTool_bins_concoct_out.39,0.001131767018775217,0.0015080824723561867,0.0029489982788847907,0.0026223772010430585,0.0011053567821376162,0.0003763029775489799
Salt_Pond_MetaG_R2_B_D2_MG_DASTool_bins_concoct_out.4,7.646799002687474e-05,0.0003788304205044015,0.0018694120914355225,0.0009039784980352449,0.00037938723352921335,1.9822957564605693e-05
Salt_Pond_MetaG_R2_B_D2_MG_DASTool_bins_concoct_out.80,0.0002175013213915352,0.0005303894209816545,0.0010084462639397644,0.0009501891580712514,0.0004333583514165293,0.00013354033166050627
Salt_Pond_MetaG_R2_B_D2_MG_DASTool_bins_metabat.10,0.0010171999301484365,0.0029158245952769857,0.0036792055700569696,0.0017688067958873041,0.0006596730657591459,0.0005824435665068574
Salt_Pond_MetaG_R2_B_D2_MG_DASTool_bins_metabat.16,0.0016139818901199764,0.0035458581270388363,0.005399656399291654,0.002760797532909025,0.0011913988348183006,0.0009956974207100137
Salt_Pond_MetaG_R2_B_D2_MG_DASTool_bins_metabat.19,0.001136495986573848,0.0011489559263041568,0.005505584262537746,0.0054740081010097585,0.0020079862892212735,0.00022649718247379861
Salt_Pond_MetaG_R2_B_D2_MG_DASTool_bins_metabat.20,0.00039503460411642095,0.0010664205198194306,0.0021742183436197185,0.0034305344019358655,0.0004304245024543549,0.00034135840664150616
Salt_Pond_MetaG_R2_B_D2_MG_DASTool_bins_metabat.38,0.0014316320084201907,0.0032253945888498585,0.004144072688687677,0.002338656198844015,0.0009781682967320788,0.0010460092238011806
Salt_Pond_MetaG_R2_B_D2_MG_DASTool_bins_metabat.43,0.00023227249602669444,0.000697155160892741,0.0013334247647065788,0.00035962940093856125,0.0002692751065392033,7.3077059232729e-05
Salt_Pond_MetaG_R2_B_D2_MG_DASTool_bins_metabat.44,0.0015955992535394833,0.002922865739725596,0.004722340869399217,0.0010236521823199108,0.0026415057546094736,0.0007044972127125241
Salt_Pond_MetaG_R2_B_D2_MG_DASTool_bins_metabat.45,0.00012875039469327019,0.0003136214134336408,0.0016712299513114129,0.0007356191855317564,0.0008272291182761607,6.983583511090305e-05
Salt_Pond_MetaG_R2_B_D2_MG_DASTool_bins_metabat.50,0.00038631572709164956,0.00037688686451903974,0.001611092667853034,0.0028688620291205807,0.0006147159317719909,0.00010817152096220653
Salt_Pond_MetaG_R2_B_D2_MG_DASTool_bins_metabat.52,0.000292043491086858,0.00048260481701320565,0.0031574176994194933,0.0020027438387524433,0.0032540480692701194,0.0002040194302195515
Salt_Pond_MetaG_R2_B_D2_MG_DASTool_bins_metabat.55,0.0013518225741657322,0.0028205343325039788,0.0029771488964603697,0.0018276846109185816,0.000681685757847514,0.0010987719341846718
Salt_Pond_MetaG_R2_B_D2_MG_DASTool_bins_metabat.62,0.00011403554803275054,0.00020961227807434876,0.0008231667129973209,0.00045205878286590267,0.00042724962433998383,6.661910651567614e-05
Salt_Pond_MetaG_R2_B_H2O_MG_DASTool_bins_metabat.16,5.90360023167721e-05,0.0003438657500662346,0.0006388077035326335,0.0004091704671862796,0.008087038503430137,2.341109121371818e-05
Salt_Pond_MetaG_R2_B_H2O_MG_DASTool_bins_metabat.17,4.9145704344581416e-05,0.00020696804506795382,0.0004259905288604867,0.00032528085270802496,0.008509079390258635,3.1602420764856686e-05
Salt_Pond_MetaG_R2_B_H2O_MG_DASTool_bins_metabat.29,2.4569689481629653e-06,1.3354100127151551e-05,8.391635106570637e-05,8.7390808844239e-05,0.0005638977696175689,7.417593488870633e-06
Salt_Pond_MetaG_R2_C_D1_MG_DASTool_bins_concoct_out.118,0.00016627436855910947,0.00015344192777931435,0.00044132373840671357,0.0007946479513941742,4.753513745815934e-05,0.00011648151081393039
Salt_Pond_MetaG_R2_C_D1_MG_DASTool_bins_concoct_out.37,0.00023437075350914402,0.00039956630234782843,0.0005450727177468046,0.0012371083104738157,6.934542487230408e-05,0.0002931238438225286
Salt_Pond_MetaG_R2_C_D1_MG_DASTool_bins_concoct_out.65,0.002060103265936583,0.0075050177262300085,0.003874924557686985,0.0028510291544168232,0.00039756688423787945,0.003215489866431218
Salt_Pond_MetaG_R2_C_D1_MG_DASTool_bins_concoct_out.7,0.00038920537505739757,0.00010497016037226464,0.0011049604394131362,0.0020359958920757506,5.308885056514651e-05,3.5705373652040574e-05
Salt_Pond_MetaG_R2_C_D1_MG_DASTool_bins_concoct_out.71,0.00038172192138583174,0.00017191302732482488,0.002164424871981163,0.003040868114941567,0.00010809639715857524,2.7986357893478894e-05
Salt_Pond_MetaG_R2_C_D1_MG_DASTool_bins_concoct_out.88,0.0002711013882226909,8.6260785345395e-05,0.0005745248424936178,0.0010687077423125453,3.1845532488686185e-05,1.9974281694400162e-05
Salt_Pond_MetaG_R2_C_D1_MG_DASTool_bins_concoct_out.95,8.030059014567335e-05,8.669999643207863e-05,0.0009389479924205876,0.0022395785728565316,0.0002807406835877732,2.9756955506513126e-05
Salt_Pond_MetaG_R2_C_D1_MG_DASTool_bins_concoct_out.98,0.00013295277869511198,0.0002309616930141186,0.000825545305009425,0.0013319679791773341,0.00012639178401082862,0.00013429024423201915
Salt_Pond_MetaG_R2_C_D1_MG_DASTool_bins_maxbin.062,3.933388467971163e-05,6.263627845510141e-05,0.0007473457648943509,0.0016827737542284538,3.289856447311656e-05,2.56030349485586e-05
Salt_Pond_MetaG_R2_C_D1_MG_DASTool_bins_metabat.17,0.003116421271088475,0.005413124137838789,0.008431183485615376,0.004714787169945728,0.0020219431492116222,0.0017517915126481788
Salt_Pond_MetaG_R2_C_D1_MG_DASTool_bins_metabat.25,0.004167596803512235,0.005126413126327655,0.004277919814553914,0.0041905335955087246,0.000941147687495365,0.002167671949144717
Salt_Pond_MetaG_R2_C_D1_MG_DASTool_bins_metabat.7,0.0005092328661599398,0.0014899385282529916,0.0029716776267239295,0.0026155283781310865,0.00046031427138145287,4.4288346736750985e-05
Salt_Pond_MetaG_R2_C_D2_MG_DASTool_bins_concoct_out.100,8.612754903339179e-06,5.967560580688326e-05,0.002439979465984743,0.008137903719768858,0.0004912653882279802,2.9369572802280056e-06
Salt_Pond_MetaG_R2_C_D2_MG_DASTool_bins_concoct_out.104,4.779155646322157e-05,7.854151997763864e-05,0.0003824562571051435,0.0016914042923028044,0.00024984416785202274,1.7469203226793228e-05
Salt_Pond_MetaG_R2_C_D2_MG_DASTool_bins_concoct_out.18,4.379240580065606e-05,7.722881502554908e-05,0.0011906388319949458,0.0028447022249992507,0.00016715959149460932,2.114890475306604e-05
Salt_Pond_MetaG_R2_C_D2_MG_DASTool_bins_concoct_out.21,7.92509637973296e-07,1.7905576541191642e-06,1.3475413648102811e-05,0.0021731115695222203,1.828744908763851e-05,8.33267139350217e-07
Salt_Pond_MetaG_R2_C_D2_MG_DASTool_bins_concoct_out.45,0.0021711973340383314,0.003941857748528249,0.00607692680737697,0.0033387324844170465,0.0015518643558895995,0.0012435436601510841
Salt_Pond_MetaG_R2_C_D2_MG_DASTool_bins_concoct_out.47,0.00028854063425279807,0.00032863187499756975,0.0022827102639237083,0.002186698606884096,0.0005569782469420615,4.4824769269224394e-05
Salt_Pond_MetaG_R2_C_H2O_MG_DASTool_bins_concoct_out.35,9.977576417901595e-05,0.0004125231137764918,0.000725995863176843,0.000308045727887877,0.0018830192170370974,7.12094198774098e-05
Salt_Pond_MetaG_R2_C_H2O_MG_DASTool_bins_concoct_out.60,0.00021811964181673495,0.0013457890212952037,0.0014225617150992315,0.0005727096750396934,0.005079566744199306,6.990434846834973e-05
Salt_Pond_MetaG_R2_C_H2O_MG_DASTool_bins_metabat.20,1.700096450910805e-05,5.925493381519153e-05,6.405969905572301e-05,3.727050525021554e-05,0.0009530943139468616,1.0669241854888632e-05
Salt_Pond_MetaG_R2_C_H2O_MG_DASTool_bins_metabat.29,4.645789651267547e-07,2.921285232676442e-06,1.633230295544069e-05,1.0758235279724876e-05,0.0003215610319277102,5.351371689989226e-07
Salt_Pond_MetaG_R2_restored_C_black_MG_DASTool_bins_concoct_out.12,1.3170767395547392e-05,2.821313669117961e-05,0.00026144125886729897,0.0005436098170221932,9.481507738608329e-06,1.0877713717030322e-05
Salt_Pond_MetaG_R2_restored_C_black_MG_DASTool_bins_concoct_out.17,5.478186758215542e-05,0.0001104718990570409,0.0006184976683496512,0.0006991895574024854,0.00038567700069515955,1.846574693498667e-05
Salt_Pond_MetaG_R2_restored_C_black_MG_DASTool_bins_concoct_out.25,7.884780632177026e-06,1.5949319057378932e-05,0.0003840549007787821,0.00034624991618461545,7.387931172148697e-06,4.384925442007295e-06
Salt_Pond_MetaG_R2_restored_C_black_MG_DASTool_bins_concoct_out.26,2.8522942087486454e-05,0.00013279325549112693,0.0003041652431798956,0.000349084022753849,2.9171249482108992e-05,3.2473446364180825e-05
Salt_Pond_MetaG_R2_restored_C_black_MG_DASTool_bins_concoct_out.43,0.00028781542087792016,0.0003615060303386906,0.0011407174977898851,0.0008497321946114159,7.096562770977109e-05,4.6058641711259006e-05
Salt_Pond_MetaG_R2_restored_C_black_MG_DASTool_bins_concoct_out.51,0.00037718541039659566,0.0019743035877687856,0.0004399240162875139,0.00038785217113742655,0.0003024510529996314,0.0002880962484363021
Salt_Pond_MetaG_R2_restored_C_black_MG_DASTool_bins_concoct_out.57,6.459342874709188e-05,0.00011852055096759702,0.00030357110575069367,0.0004067015450881771,2.2001506041625194e-05,4.184466884010252e-05
Salt_Pond_MetaG_R2_restored_C_black_MG_DASTool_bins_metabat.13,0.001325947730500707,0.002569192628275784,0.0026345046815797893,0.001898311646387069,0.0008893684974274766,0.0012999095878440667
Salt_Pond_MetaG_R2_restored_C_black_MG_DASTool_bins_metabat.2,0.0006884542818931114,0.0001981864695992407,0.0012794434886007468,0.002360245459010799,6.805385105142212e-05,7.932568949750785e-05
Salt_Pond_MetaG_R2_restored_C_black_MG_DASTool_bins_metabat.22,0.00024007156303869757,0.00047192247225370435,0.0009189956479944239,0.0017950879502722735,0.00019044949703844982,0.0001209760648815695
Salt_Pond_MetaG_R2_restored_C_black_MG_DASTool_bins_metabat.8,0.00034327876359587655,0.0018985686617774564,0.0020578302776966756,0.0016274115363123574,0.00020916145710317822,0.00020470008285007661
Salt_Pond_MetaG_R2_restored_DShore_MG_DASTool_bins_concoct_out.12,4.995199069619615e-08,1.0533199606832097e-07,3.2664390407134505e-07,1.1207192550630125e-06,5.730547890114696e-08,4.158699767987206e-08
Salt_Pond_MetaG_R2_restored_DShore_MG_DASTool_bins_concoct_out.17,2.461154284717686e-06,6.418150689135739e-06,4.814016804505647e-06,5.840384862498039e-06,1.2742955557863755e-06,2.548493846896535e-06
Salt_Pond_MetaG_R2_restored_DShore_MG_DASTool_bins_concoct_out.2,5.720899507852634e-06,1.3904251687493005e-05,1.8658218214707632e-05,1.5393867965679354e-05,3.042242910688353e-06,2.779512290519447e-06
Salt_Pond_MetaG_R2_restored_DShore_MG_DASTool_bins_concoct_out.20,2.190649093289683e-06,4.911918890434389e-06,6.282944952510402e-06,6.753137837169179e-06,1.4830079829007234e-06,1.5522287452506778e-06
Salt_Pond_MetaG_R2_restored_DShore_MG_DASTool_bins_concoct_out.21,4.6711418590476226e-05,0.0002554160306670324,0.00012945394509223895,3.123221698462306e-05,4.130600899437284e-05,2.8638531959628026e-05
Salt_Pond_MetaG_R2_restored_DShore_MG_DASTool_bins_concoct_out.37,2.176404566013082e-05,9.975380286020396e-05,7.701472230429663e-05,2.4503188657969196e-05,2.326155241877694e-05,1.4520851326077e-05
Salt_Pond_MetaG_R2_restored_DShore_MG_DASTool_bins_concoct_out.38,3.2510326980993202e-06,8.684109816158754e-06,9.101294224082496e-06,1.0273737236067395e-05,1.8787998891841257e-06,2.4116961720598224e-06
Salt_Pond_MetaG_R2_restored_DShore_MG_DASTool_bins_concoct_out.40,9.175959276609753e-05,0.0004930561563918596,0.0004120708815741424,9.027987709047389e-05,6.712879171977895e-05,3.831106718967308e-05
Salt_Pond_MetaG_R2_restored_DShore_MG_DASTool_bins_concoct_out.46,2.1490482525610227e-06,7.997582741250254e-06,3.2150130410628154e-05,7.556682079278423e-06,1.302098414873977e-06,1.1475372431223909e-06
Salt_Pond_MetaG_R2_restored_DShore_MG_DASTool_bins_concoct_out.68,5.883024939375924e-06,1.2254817247647922e-05,2.030490508486187e-05,1.098165865988547e-05,2.4163114956247384e-06,4.741921203444614e-06
Salt_Pond_MetaG_R2_restored_DShore_MG_DASTool_bins_concoct_out.7,6.7939424745853845e-06,1.5902541858857223e-05,2.1498534948610982e-05,2.6512773457661958e-05,4.923007334608757e-06,4.3754177694111e-06
Salt_Pond_MetaG_R2_restored_DShore_MG_DASTool_bins_concoct_out.89,3.0185808477974143e-05,9.075333481982134e-05,6.177402869734354e-05,4.589134414292323e-05,1.654122086682709e-05,2.633854041770677e-05
Salt_Pond_MetaG_R2_restored_DShore_MG_DASTool_bins_maxbin.037,4.001802603088999e-07,1.0778739151102655e-06,2.1623039857943754e-06,3.9716927039994226e-06,1.9890700449550524e-06,2.3674872963298822e-07
Salt_Pond_MetaG_R2_restored_DShore_MG_DASTool_bins_metabat.11,4.860587386627498e-06,1.2339029331106288e-05,1.1622076182439856e-05,7.05364599998836e-06,2.4837335653042446e-06,5.971574937533108e-06
Salt_Pond_MetaG_R2_restored_DShore_MG_DASTool_bins_metabat.13,1.2507580455665337e-06,3.826523251481787e-06,9.771391521163385e-06,7.077454799355723e-06,1.2831769488882084e-06,1.0445385966048435e-06
Salt_Pond_MetaG_R2_restored_DShore_MG_DASTool_bins_metabat.15,5.624303203769756e-07,1.901605891615332e-06,5.09029983289338e-06,6.363663249345362e-06,1.2403816932873625e-06,5.603187844589772e-07
Salt_Pond_MetaG_R2_restored_DShore_MG_DASTool_bins_metabat.18,2.1217890444062398e-05,4.075878765438212e-05,3.6227378152056e-05,1.2099481823882957e-05,1.6895458792426508e-05,4.219472846318125e-06
Salt_Pond_MetaG_R2_restored_DShore_MG_DASTool_bins_metabat.23,1.4728762432863487e-05,4.418802675542802e-05,3.2521466442483246e-05,2.6435149325382104e-05,8.525953057543328e-06,1.2524017970254676e-05
Salt_Pond_MetaG_R2_restored_DShore_MG_DASTool_bins_metabat.25,3.410008867709933e-06,7.423481179777811e-06,1.1296300173370255e-05,9.02118330260349e-06,3.4653494256061034e-06,1.506774781117665e-06
Salt_Pond_MetaG_R2_restored_DShore_MG_DASTool_bins_metabat.27,2.8913548896046543e-07,4.5487477118896065e-07,1.9229298764175256e-06,7.322683369036683e-06,1.9695962620475532e-05,2.5338217274807753e-07
Salt_Pond_MetaG_R2_restored_DShore_MG_DASTool_bins_metabat.8,4.307385875463255e-06,1.2442330411026632e-05,3.291574544492685e-05,1.0229633708693398e-05,2.5855753580995578e-06,2.5217546375643266e-06
Salt_Pond_MetaG_R2_restored_H2O_MG_DASTool_bins_concoct_out.34,1.9388507773766949e-07,6.109098321206297e-07,2.7346832991395774e-06,2.537806342289435e-06,1.7900685533005461e-06,1.1030851024374823e-07
Salt_Pond_MetaG_R2_restored_H2O_MG_DASTool_bins_concoct_out.44,4.6266698438343876e-07,3.654356518709e-06,0.00014627091898637563,0.00022993633686966113,6.625106381570482e-05,1.9917395921880859e-07
Salt_Pond_MetaG_R2_restored_H2O_MG_DASTool_bins_maxbin.002,2.4676094707959778e-06,1.4343703315244307e-05,0.0005882931158730699,0.0007850508147076307,0.0003166459994465097,5.268322616089158e-07
Salt_Pond_MetaG_R2_restored_H2O_MG_DASTool_bins_maxbin.005,2.089200562334911e-05,2.1182308455829433e-05,6.509312779212208e-05,7.632177632424916e-05,6.603605323383652e-05,5.9196489774476545e-06
Salt_Pond_MetaG_R2_restored_H2O_MG_DASTool_bins_maxbin.017,1.1577843926962338e-05,3.5862591701569784e-05,7.288951767743087e-05,6.370147284993716e-05,3.411965972110766e-05,8.907423965895224e-06
unbinned_reads,0.11881652003779819,0.26733470670769616,0.39112271738006255,0.3193389421300626,0.2124299921015143,0.09184807206824153
